source,target,weight,last_update
20minutos,bbc_mundo,7,2026-03-28 00:04
elpais_internacional,expansion,7,2026-03-28 00:04
elpais,google_news_economia,7,2026-03-28 00:04
elpais,google_news_internacional,7,2026-03-28 00:04
elpais,heraldo_aragon,7,2026-03-28 00:04
elpais,infolibre,7,2026-03-28 00:04
bbc_mundo,heraldo_aragon,7,2026-03-28 00:04
bbc_mundo,google_news_internacional,7,2026-03-28 00:04
bbc_mundo,google_news_economia,7,2026-03-28 00:04
elpais_internacional,infolibre,7,2026-03-28 00:04
elpais_internacional,google_news_economia,7,2026-03-28 00:04
bbc_mundo,expansion,7,2026-03-28 00:04
elpais_internacional,google_news_internacional,7,2026-03-28 00:04
bbc_mundo,elpais_internacional,7,2026-03-28 00:04
bbc_mundo,elpais,7,2026-03-28 00:04
elpais_internacional,heraldo_aragon,7,2026-03-28 00:04
elpais,expansion,7,2026-03-28 00:04
elpais,elpais_internacional,7,2026-03-28 00:04
elmundo,infolibre,7,2026-03-28 00:04
elmundo,heraldo_aragon,7,2026-03-28 00:04
elmundo,google_news_internacional,7,2026-03-28 00:04
elmundo,google_news_economia,7,2026-03-28 00:04
elmundo,expansion,7,2026-03-28 00:04
elmundo,elpais_internacional,7,2026-03-28 00:04
elmundo,elpais,7,2026-03-28 00:04
eldiario,infolibre,7,2026-03-28 00:04
eldiario,heraldo_aragon,7,2026-03-28 00:04
eldiario,google_news_internacional,7,2026-03-28 00:04
eldiario,google_news_economia,7,2026-03-28 00:04
eldiario,expansion,7,2026-03-28 00:04
