source,agenda_score,follower_score,times_first,times_follower,topics_total,news_count,role,last_update,cycle
france24_es,75.0,25.0,6,2,8,59,Marcador de agenda,2026-03-07 14:17,2026-03-07 14:17
newtral,75.0,25.0,3,1,4,13,Marcador de agenda,2026-03-07 14:17,2026-03-07 14:17
europapress,66.7,33.3,4,2,6,27,Marcador de agenda,2026-03-07 14:17,2026-03-07 14:17
google_news_es,61.1,38.9,33,21,54,209,Marcador de agenda,2026-03-07 14:17,2026-03-07 14:17
huffington_es,60.0,40.0,9,6,15,86,Marcador de agenda,2026-03-07 14:17,2026-03-07 14:17
lavanguardia,51.2,48.8,22,21,43,286,Marcador de agenda,2026-03-07 14:17,2026-03-07 14:17
elpais_internacional,50.0,50.0,1,1,2,19,Marcador de agenda,2026-03-07 14:17,2026-03-07 14:17
bbc_mundo,50.0,50.0,2,2,4,33,Marcador de agenda,2026-03-07 14:17,2026-03-07 14:17
elmundo,44.4,55.6,8,10,18,62,Marcador de agenda,2026-03-07 14:17,2026-03-07 14:17
eldiario,43.8,56.2,14,18,32,153,Marcador de agenda,2026-03-07 14:17,2026-03-07 14:17
elmundo_espana,42.9,57.1,3,4,7,58,Marcador de agenda,2026-03-07 14:17,2026-03-07 14:17
elpais,39.0,61.0,16,25,41,235,Mixto,2026-03-07 14:17,2026-03-07 14:17
20minutos,37.5,62.5,18,30,48,297,Mixto,2026-03-07 14:17,2026-03-07 14:17
okdiario,36.8,63.2,7,12,19,230,Mixto,2026-03-07 14:17,2026-03-07 14:17
expansion,35.7,64.3,5,9,14,103,Mixto,2026-03-07 14:17,2026-03-07 14:17
elespanol,35.0,65.0,7,13,20,65,Mixto,2026-03-07 14:17,2026-03-07 14:17
google_news_politica,33.3,66.7,4,8,12,70,Mixto,2026-03-07 14:17,2026-03-07 14:17
elcorreo,30.8,69.2,4,9,13,120,Mixto,2026-03-07 14:17,2026-03-07 14:17
elconfidencial,27.3,72.7,3,8,11,28,Mixto,2026-03-07 14:17,2026-03-07 14:17
heraldo_aragon,21.9,78.1,7,25,32,352,Mixto,2026-03-07 14:17,2026-03-07 14:17
levante_emv,20.0,80.0,4,16,20,134,Mixto,2026-03-07 14:17,2026-03-07 14:17
infolibre,17.6,82.4,3,14,17,72,Seguidor,2026-03-07 14:17,2026-03-07 14:17
elmundo_internacional,0.0,100.0,0,1,1,39,Seguidor,2026-03-07 14:17,2026-03-07 14:17
maldita,0.0,100.0,0,1,1,28,Seguidor,2026-03-07 14:17,2026-03-07 14:17
france24_es,75.0,25.0,6,2,8,59,Marcador de agenda,2026-03-07 14:31,2026-03-07 14:31
huffington_es,68.8,31.2,11,5,16,87,Marcador de agenda,2026-03-07 14:31,2026-03-07 14:31
newtral,66.7,33.3,2,1,3,13,Marcador de agenda,2026-03-07 14:31,2026-03-07 14:31
google_news_es,62.1,37.9,36,22,58,216,Marcador de agenda,2026-03-07 14:31,2026-03-07 14:31
elmundo_espana,57.1,42.9,4,3,7,58,Marcador de agenda,2026-03-07 14:31,2026-03-07 14:31
europapress,57.1,42.9,4,3,7,28,Marcador de agenda,2026-03-07 14:31,2026-03-07 14:31
google_news_politica,54.5,45.5,6,5,11,70,Marcador de agenda,2026-03-07 14:31,2026-03-07 14:31
lavanguardia,47.6,52.4,20,22,42,294,Marcador de agenda,2026-03-07 14:31,2026-03-07 14:31
elespanol,45.5,54.5,10,12,22,66,Marcador de agenda,2026-03-07 14:31,2026-03-07 14:31
eldiario,41.9,58.1,13,18,31,155,Marcador de agenda,2026-03-07 14:31,2026-03-07 14:31
bbc_mundo,40.0,60.0,2,3,5,33,Marcador de agenda,2026-03-07 14:31,2026-03-07 14:31
elcorreo,36.4,63.6,4,7,11,124,Mixto,2026-03-07 14:31,2026-03-07 14:31
elpais,34.9,65.1,15,28,43,236,Mixto,2026-03-07 14:31,2026-03-07 14:31
20minutos,33.3,66.7,16,32,48,301,Mixto,2026-03-07 14:31,2026-03-07 14:31
elmundo,33.3,66.7,5,10,15,69,Mixto,2026-03-07 14:31,2026-03-07 14:31
okdiario,31.6,68.4,6,13,19,237,Mixto,2026-03-07 14:31,2026-03-07 14:31
expansion,28.6,71.4,4,10,14,104,Mixto,2026-03-07 14:31,2026-03-07 14:31
heraldo_aragon,24.2,75.8,8,25,33,353,Mixto,2026-03-07 14:31,2026-03-07 14:31
levante_emv,21.1,78.9,4,15,19,140,Mixto,2026-03-07 14:31,2026-03-07 14:31
infolibre,13.3,86.7,2,13,15,73,Seguidor,2026-03-07 14:31,2026-03-07 14:31
elconfidencial,10.0,90.0,1,9,10,28,Seguidor,2026-03-07 14:31,2026-03-07 14:31
elmundo_internacional,0.0,100.0,0,1,1,39,Seguidor,2026-03-07 14:31,2026-03-07 14:31
maldita,0.0,100.0,0,1,1,28,Seguidor,2026-03-07 14:31,2026-03-07 14:31
elpais_internacional,0.0,100.0,0,1,1,19,Seguidor,2026-03-07 14:31,2026-03-07 14:31
google_news_es,66.7,33.3,36,18,54,222,Marcador de agenda,2026-03-07 15:01,2026-03-07 15:01
newtral,66.7,33.3,2,1,3,13,Marcador de agenda,2026-03-07 15:01,2026-03-07 15:01
france24_es,62.5,37.5,5,3,8,65,Marcador de agenda,2026-03-07 15:01,2026-03-07 15:01
europapress,57.1,42.9,4,3,7,28,Marcador de agenda,2026-03-07 15:01,2026-03-07 15:01
huffington_es,57.1,42.9,8,6,14,89,Marcador de agenda,2026-03-07 15:01,2026-03-07 15:01
lavanguardia,52.4,47.6,22,20,42,296,Marcador de agenda,2026-03-07 15:01,2026-03-07 15:01
elmundo,50.0,50.0,7,7,14,69,Marcador de agenda,2026-03-07 15:01,2026-03-07 15:01
google_news_politica,45.5,54.5,5,6,11,70,Marcador de agenda,2026-03-07 15:01,2026-03-07 15:01
eldiario,45.2,54.8,14,17,31,159,Marcador de agenda,2026-03-07 15:01,2026-03-07 15:01
elmundo_espana,42.9,57.1,3,4,7,58,Marcador de agenda,2026-03-07 15:01,2026-03-07 15:01
elpais,40.5,59.5,17,25,42,237,Marcador de agenda,2026-03-07 15:01,2026-03-07 15:01
bbc_mundo,40.0,60.0,2,3,5,33,Marcador de agenda,2026-03-07 15:01,2026-03-07 15:01
elcorreo,40.0,60.0,6,9,15,125,Marcador de agenda,2026-03-07 15:01,2026-03-07 15:01
elespanol,36.4,63.6,8,14,22,68,Mixto,2026-03-07 15:01,2026-03-07 15:01
okdiario,35.0,65.0,7,13,20,238,Mixto,2026-03-07 15:01,2026-03-07 15:01
expansion,33.3,66.7,5,10,15,106,Mixto,2026-03-07 15:01,2026-03-07 15:01
20minutos,31.2,68.8,15,33,48,309,Mixto,2026-03-07 15:01,2026-03-07 15:01
elconfidencial,27.3,72.7,3,8,11,28,Mixto,2026-03-07 15:01,2026-03-07 15:01
levante_emv,23.8,76.2,5,16,21,145,Mixto,2026-03-07 15:01,2026-03-07 15:01
heraldo_aragon,20.0,80.0,6,24,30,367,Mixto,2026-03-07 15:01,2026-03-07 15:01
infolibre,16.7,83.3,3,15,18,74,Seguidor,2026-03-07 15:01,2026-03-07 15:01
elmundo_internacional,0.0,100.0,0,1,1,39,Seguidor,2026-03-07 15:01,2026-03-07 15:01
elpais_internacional,0.0,100.0,0,2,2,18,Seguidor,2026-03-07 15:01,2026-03-07 15:01
maldita,0.0,100.0,0,1,1,28,Seguidor,2026-03-07 15:01,2026-03-07 15:01
france24_es,75.0,25.0,6,2,8,66,Marcador de agenda,2026-03-07 15:31,2026-03-07 15:31
newtral,66.7,33.3,2,1,3,13,Marcador de agenda,2026-03-07 15:31,2026-03-07 15:31
huffington_es,64.3,35.7,9,5,14,91,Marcador de agenda,2026-03-07 15:31,2026-03-07 15:31
google_news_es,58.3,41.7,35,25,60,228,Marcador de agenda,2026-03-07 15:31,2026-03-07 15:31
elmundo_espana,57.1,42.9,4,3,7,58,Marcador de agenda,2026-03-07 15:31,2026-03-07 15:31
elmundo,50.0,50.0,7,7,14,69,Marcador de agenda,2026-03-07 15:31,2026-03-07 15:31
lavanguardia,47.7,52.3,21,23,44,299,Marcador de agenda,2026-03-07 15:31,2026-03-07 15:31
elcorreo,46.2,53.8,6,7,13,128,Marcador de agenda,2026-03-07 15:31,2026-03-07 15:31
eldiario,44.4,55.6,16,20,36,160,Marcador de agenda,2026-03-07 15:31,2026-03-07 15:31
europapress,42.9,57.1,3,4,7,29,Marcador de agenda,2026-03-07 15:31,2026-03-07 15:31
bbc_mundo,40.0,60.0,2,3,5,35,Marcador de agenda,2026-03-07 15:31,2026-03-07 15:31
elespanol,39.1,60.9,9,14,23,68,Mixto,2026-03-07 15:31,2026-03-07 15:31
okdiario,39.1,60.9,9,14,23,239,Mixto,2026-03-07 15:31,2026-03-07 15:31
google_news_politica,38.5,61.5,5,8,13,70,Mixto,2026-03-07 15:31,2026-03-07 15:31
expansion,37.5,62.5,6,10,16,106,Mixto,2026-03-07 15:31,2026-03-07 15:31
20minutos,36.0,64.0,18,32,50,312,Mixto,2026-03-07 15:31,2026-03-07 15:31
elpais,34.9,65.1,15,28,43,237,Mixto,2026-03-07 15:31,2026-03-07 15:31
levante_emv,28.6,71.4,6,15,21,146,Mixto,2026-03-07 15:31,2026-03-07 15:31
elconfidencial,27.3,72.7,3,8,11,28,Mixto,2026-03-07 15:31,2026-03-07 15:31
heraldo_aragon,25.0,75.0,8,24,32,372,Mixto,2026-03-07 15:31,2026-03-07 15:31
infolibre,15.0,85.0,3,17,20,75,Seguidor,2026-03-07 15:31,2026-03-07 15:31
elmundo_internacional,0.0,100.0,0,1,1,39,Seguidor,2026-03-07 15:31,2026-03-07 15:31
elpais_internacional,0.0,100.0,0,1,1,18,Seguidor,2026-03-07 15:31,2026-03-07 15:31
maldita,0.0,100.0,0,1,1,28,Seguidor,2026-03-07 15:31,2026-03-07 15:31
newtral,66.7,33.3,2,1,3,13,Marcador de agenda,2026-03-07 16:01,2026-03-07 16:01
france24_es,62.5,37.5,5,3,8,68,Marcador de agenda,2026-03-07 16:01,2026-03-07 16:01
huffington_es,60.0,40.0,9,6,15,92,Marcador de agenda,2026-03-07 16:01,2026-03-07 16:01
google_news_es,58.5,41.5,38,27,65,235,Marcador de agenda,2026-03-07 16:01,2026-03-07 16:01
lavanguardia,53.2,46.8,25,22,47,300,Marcador de agenda,2026-03-07 16:01,2026-03-07 16:01
europapress,50.0,50.0,4,4,8,29,Marcador de agenda,2026-03-07 16:01,2026-03-07 16:01
elmundo,46.7,53.3,7,8,15,70,Marcador de agenda,2026-03-07 16:01,2026-03-07 16:01
elcorreo,43.8,56.2,7,9,16,131,Marcador de agenda,2026-03-07 16:01,2026-03-07 16:01
okdiario,43.5,56.5,10,13,23,241,Marcador de agenda,2026-03-07 16:01,2026-03-07 16:01
elmundo_espana,42.9,57.1,3,4,7,58,Marcador de agenda,2026-03-07 16:01,2026-03-07 16:01
eldiario,41.7,58.3,15,21,36,162,Marcador de agenda,2026-03-07 16:01,2026-03-07 16:01
bbc_mundo,40.0,60.0,2,3,5,36,Marcador de agenda,2026-03-07 16:01,2026-03-07 16:01
elespanol,39.1,60.9,9,14,23,69,Mixto,2026-03-07 16:01,2026-03-07 16:01
elpais,38.6,61.4,17,27,44,237,Mixto,2026-03-07 16:01,2026-03-07 16:01
google_news_politica,38.5,61.5,5,8,13,71,Mixto,2026-03-07 16:01,2026-03-07 16:01
expansion,37.5,62.5,6,10,16,105,Mixto,2026-03-07 16:01,2026-03-07 16:01
levante_emv,30.4,69.6,7,16,23,149,Mixto,2026-03-07 16:01,2026-03-07 16:01
elconfidencial,27.3,72.7,3,8,11,28,Mixto,2026-03-07 16:01,2026-03-07 16:01
20minutos,26.5,73.5,13,36,49,316,Mixto,2026-03-07 16:01,2026-03-07 16:01
heraldo_aragon,25.0,75.0,9,27,36,382,Mixto,2026-03-07 16:01,2026-03-07 16:01
infolibre,15.8,84.2,3,16,19,74,Seguidor,2026-03-07 16:01,2026-03-07 16:01
elpais_internacional,0.0,100.0,0,1,1,18,Seguidor,2026-03-07 16:01,2026-03-07 16:01
maldita,0.0,100.0,0,1,1,28,Seguidor,2026-03-07 16:01,2026-03-07 16:01
elmundo_internacional,0.0,100.0,0,1,1,39,Seguidor,2026-03-07 16:01,2026-03-07 16:01
newtral,66.7,33.3,2,1,3,13,Marcador de agenda,2026-03-07 16:31,2026-03-07 16:31
google_news_es,63.6,36.4,42,24,66,241,Marcador de agenda,2026-03-07 16:31,2026-03-07 16:31
huffington_es,62.5,37.5,10,6,16,95,Marcador de agenda,2026-03-07 16:31,2026-03-07 16:31
france24_es,57.1,42.9,4,3,7,69,Marcador de agenda,2026-03-07 16:31,2026-03-07 16:31
lavanguardia,54.8,45.2,23,19,42,302,Marcador de agenda,2026-03-07 16:31,2026-03-07 16:31
europapress,50.0,50.0,3,3,6,29,Marcador de agenda,2026-03-07 16:31,2026-03-07 16:31
google_news_politica,46.2,53.8,6,7,13,71,Marcador de agenda,2026-03-07 16:31,2026-03-07 16:31
okdiario,45.0,55.0,9,11,20,246,Marcador de agenda,2026-03-07 16:31,2026-03-07 16:31
eldiario,43.8,56.2,14,18,32,163,Marcador de agenda,2026-03-07 16:31,2026-03-07 16:31
elcorreo,43.8,56.2,7,9,16,134,Marcador de agenda,2026-03-07 16:31,2026-03-07 16:31
elmundo_espana,42.9,57.1,3,4,7,58,Marcador de agenda,2026-03-07 16:31,2026-03-07 16:31
expansion,40.0,60.0,6,9,15,107,Marcador de agenda,2026-03-07 16:31,2026-03-07 16:31
bbc_mundo,40.0,60.0,2,3,5,34,Marcador de agenda,2026-03-07 16:31,2026-03-07 16:31
elpais,35.4,64.6,17,31,48,237,Mixto,2026-03-07 16:31,2026-03-07 16:31
elmundo,35.3,64.7,6,11,17,70,Mixto,2026-03-07 16:31,2026-03-07 16:31
elespanol,34.8,65.2,8,15,23,69,Mixto,2026-03-07 16:31,2026-03-07 16:31
20minutos,29.4,70.6,15,36,51,318,Mixto,2026-03-07 16:31,2026-03-07 16:31
elconfidencial,27.3,72.7,3,8,11,28,Mixto,2026-03-07 16:31,2026-03-07 16:31
levante_emv,23.8,76.2,5,16,21,154,Mixto,2026-03-07 16:31,2026-03-07 16:31
heraldo_aragon,20.7,79.3,6,23,29,389,Mixto,2026-03-07 16:31,2026-03-07 16:31
infolibre,16.7,83.3,3,15,18,74,Seguidor,2026-03-07 16:31,2026-03-07 16:31
maldita,0.0,100.0,0,1,1,27,Seguidor,2026-03-07 16:31,2026-03-07 16:31
elpais_internacional,0.0,100.0,0,2,2,18,Seguidor,2026-03-07 16:31,2026-03-07 16:31
elmundo_internacional,0.0,100.0,0,1,1,39,Seguidor,2026-03-07 16:31,2026-03-07 16:31
newtral,66.7,33.3,2,1,3,13,Marcador de agenda,2026-03-07 17:01,2026-03-07 17:01
europapress,57.1,42.9,4,3,7,29,Marcador de agenda,2026-03-07 17:01,2026-03-07 17:01
google_news_es,57.1,42.9,40,30,70,248,Marcador de agenda,2026-03-07 17:01,2026-03-07 17:01
france24_es,57.1,42.9,4,3,7,71,Marcador de agenda,2026-03-07 17:01,2026-03-07 17:01
huffington_es,55.6,44.4,10,8,18,95,Marcador de agenda,2026-03-07 17:01,2026-03-07 17:01
elcorreo,53.8,46.2,7,6,13,136,Marcador de agenda,2026-03-07 17:01,2026-03-07 17:01
lavanguardia,51.1,48.9,23,22,45,303,Marcador de agenda,2026-03-07 17:01,2026-03-07 17:01
eldiario,48.4,51.6,15,16,31,163,Marcador de agenda,2026-03-07 17:01,2026-03-07 17:01
expansion,47.1,52.9,8,9,17,107,Marcador de agenda,2026-03-07 17:01,2026-03-07 17:01
elmundo,43.8,56.2,7,9,16,73,Marcador de agenda,2026-03-07 17:01,2026-03-07 17:01
okdiario,43.5,56.5,10,13,23,248,Marcador de agenda,2026-03-07 17:01,2026-03-07 17:01
elmundo_espana,42.9,57.1,3,4,7,57,Marcador de agenda,2026-03-07 17:01,2026-03-07 17:01
google_news_politica,42.9,57.1,6,8,14,72,Marcador de agenda,2026-03-07 17:01,2026-03-07 17:01
elpais,38.3,61.7,18,29,47,237,Mixto,2026-03-07 17:01,2026-03-07 17:01
elespanol,34.8,65.2,8,15,23,69,Mixto,2026-03-07 17:01,2026-03-07 17:01
bbc_mundo,33.3,66.7,2,4,6,34,Mixto,2026-03-07 17:01,2026-03-07 17:01
20minutos,28.6,71.4,14,35,49,318,Mixto,2026-03-07 17:01,2026-03-07 17:01
levante_emv,26.1,73.9,6,17,23,164,Mixto,2026-03-07 17:01,2026-03-07 17:01
heraldo_aragon,23.3,76.7,7,23,30,391,Mixto,2026-03-07 17:01,2026-03-07 17:01
elconfidencial,20.0,80.0,2,8,10,28,Mixto,2026-03-07 17:01,2026-03-07 17:01
infolibre,16.7,83.3,3,15,18,75,Seguidor,2026-03-07 17:01,2026-03-07 17:01
maldita,0.0,100.0,0,1,1,27,Seguidor,2026-03-07 17:01,2026-03-07 17:01
elmundo_internacional,0.0,100.0,0,1,1,39,Seguidor,2026-03-07 17:01,2026-03-07 17:01
elpais_internacional,0.0,100.0,0,2,2,18,Seguidor,2026-03-07 17:01,2026-03-07 17:01
newtral,66.7,33.3,2,1,3,13,Marcador de agenda,2026-03-07 17:31,2026-03-07 17:31
google_news_es,64.2,35.8,43,24,67,252,Marcador de agenda,2026-03-07 17:31,2026-03-07 17:31
france24_es,62.5,37.5,5,3,8,73,Marcador de agenda,2026-03-07 17:31,2026-03-07 17:31
europapress,55.6,44.4,5,4,9,29,Marcador de agenda,2026-03-07 17:31,2026-03-07 17:31
lavanguardia,52.1,47.9,25,23,48,303,Marcador de agenda,2026-03-07 17:31,2026-03-07 17:31
huffington_es,50.0,50.0,8,8,16,97,Marcador de agenda,2026-03-07 17:31,2026-03-07 17:31
google_news_politica,50.0,50.0,7,7,14,72,Marcador de agenda,2026-03-07 17:31,2026-03-07 17:31
bbc_mundo,50.0,50.0,2,2,4,33,Marcador de agenda,2026-03-07 17:31,2026-03-07 17:31
elcorreo,50.0,50.0,8,8,16,137,Marcador de agenda,2026-03-07 17:31,2026-03-07 17:31
okdiario,45.5,54.5,10,12,22,253,Marcador de agenda,2026-03-07 17:31,2026-03-07 17:31
expansion,41.2,58.8,7,10,17,107,Marcador de agenda,2026-03-07 17:31,2026-03-07 17:31
elmundo,41.2,58.8,7,10,17,79,Marcador de agenda,2026-03-07 17:31,2026-03-07 17:31
eldiario,39.4,60.6,13,20,33,164,Mixto,2026-03-07 17:31,2026-03-07 17:31
elespanol,36.4,63.6,8,14,22,69,Mixto,2026-03-07 17:31,2026-03-07 17:31
elpais,35.6,64.4,16,29,45,240,Mixto,2026-03-07 17:31,2026-03-07 17:31
elmundo_espana,33.3,66.7,2,4,6,57,Mixto,2026-03-07 17:31,2026-03-07 17:31
heraldo_aragon,29.4,70.6,10,24,34,397,Mixto,2026-03-07 17:31,2026-03-07 17:31
20minutos,26.5,73.5,13,36,49,318,Mixto,2026-03-07 17:31,2026-03-07 17:31
levante_emv,21.7,78.3,5,18,23,168,Mixto,2026-03-07 17:31,2026-03-07 17:31
elconfidencial,20.0,80.0,2,8,10,28,Mixto,2026-03-07 17:31,2026-03-07 17:31
infolibre,11.1,88.9,2,16,18,75,Seguidor,2026-03-07 17:31,2026-03-07 17:31
maldita,0.0,100.0,0,1,1,27,Seguidor,2026-03-07 17:31,2026-03-07 17:31
elpais_internacional,0.0,100.0,0,1,1,18,Seguidor,2026-03-07 17:31,2026-03-07 17:31
elmundo_internacional,0.0,100.0,0,1,1,37,Seguidor,2026-03-07 17:31,2026-03-07 17:31
newtral,66.7,33.3,2,1,3,13,Marcador de agenda,2026-03-07 18:01,2026-03-07 18:01
google_news_es,61.6,38.4,45,28,73,258,Marcador de agenda,2026-03-07 18:01,2026-03-07 18:01
huffington_es,60.0,40.0,12,8,20,97,Marcador de agenda,2026-03-07 18:01,2026-03-07 18:01
elmundo,57.9,42.1,11,8,19,81,Marcador de agenda,2026-03-07 18:01,2026-03-07 18:01
europapress,57.1,42.9,4,3,7,29,Marcador de agenda,2026-03-07 18:01,2026-03-07 18:01
elcorreo,53.8,46.2,7,6,13,137,Marcador de agenda,2026-03-07 18:01,2026-03-07 18:01
lavanguardia,50.0,50.0,23,23,46,304,Marcador de agenda,2026-03-07 18:01,2026-03-07 18:01
france24_es,50.0,50.0,4,4,8,77,Marcador de agenda,2026-03-07 18:01,2026-03-07 18:01
okdiario,42.3,57.7,11,15,26,258,Marcador de agenda,2026-03-07 18:01,2026-03-07 18:01
expansion,41.2,58.8,7,10,17,107,Marcador de agenda,2026-03-07 18:01,2026-03-07 18:01
eldiario,40.6,59.4,13,19,32,164,Marcador de agenda,2026-03-07 18:01,2026-03-07 18:01
bbc_mundo,40.0,60.0,2,3,5,33,Marcador de agenda,2026-03-07 18:01,2026-03-07 18:01
elpais,39.6,60.4,19,29,48,244,Mixto,2026-03-07 18:01,2026-03-07 18:01
elespanol,36.4,63.6,8,14,22,69,Mixto,2026-03-07 18:01,2026-03-07 18:01
google_news_politica,35.7,64.3,5,9,14,71,Mixto,2026-03-07 18:01,2026-03-07 18:01
elmundo_espana,33.3,66.7,2,4,6,57,Mixto,2026-03-07 18:01,2026-03-07 18:01
elconfidencial,27.3,72.7,3,8,11,28,Mixto,2026-03-07 18:01,2026-03-07 18:01
heraldo_aragon,26.3,73.7,10,28,38,404,Mixto,2026-03-07 18:01,2026-03-07 18:01
levante_emv,25.9,74.1,7,20,27,171,Mixto,2026-03-07 18:01,2026-03-07 18:01
20minutos,25.0,75.0,13,39,52,328,Mixto,2026-03-07 18:01,2026-03-07 18:01
infolibre,10.5,89.5,2,17,19,75,Seguidor,2026-03-07 18:01,2026-03-07 18:01
maldita,0.0,100.0,0,1,1,27,Seguidor,2026-03-07 18:01,2026-03-07 18:01
elpais_internacional,0.0,100.0,0,1,1,18,Seguidor,2026-03-07 18:01,2026-03-07 18:01
elmundo_internacional,0.0,100.0,0,1,1,37,Seguidor,2026-03-07 18:01,2026-03-07 18:01
newtral,66.7,33.3,2,1,3,13,Marcador de agenda,2026-03-07 18:31,2026-03-07 18:31
google_news_es,66.7,33.3,50,25,75,264,Marcador de agenda,2026-03-07 18:31,2026-03-07 18:31
europapress,57.1,42.9,4,3,7,29,Marcador de agenda,2026-03-07 18:31,2026-03-07 18:31
france24_es,57.1,42.9,4,3,7,78,Marcador de agenda,2026-03-07 18:31,2026-03-07 18:31
bbc_mundo,57.1,42.9,4,3,7,33,Marcador de agenda,2026-03-07 18:31,2026-03-07 18:31
huffington_es,54.5,45.5,12,10,22,98,Marcador de agenda,2026-03-07 18:31,2026-03-07 18:31
google_news_politica,53.8,46.2,7,6,13,71,Marcador de agenda,2026-03-07 18:31,2026-03-07 18:31
lavanguardia,47.8,52.2,22,24,46,311,Marcador de agenda,2026-03-07 18:31,2026-03-07 18:31
expansion,43.8,56.2,7,9,16,107,Marcador de agenda,2026-03-07 18:31,2026-03-07 18:31
elcorreo,43.8,56.2,7,9,16,137,Marcador de agenda,2026-03-07 18:31,2026-03-07 18:31
elmundo_espana,42.9,57.1,3,4,7,56,Marcador de agenda,2026-03-07 18:31,2026-03-07 18:31
okdiario,42.3,57.7,11,15,26,262,Marcador de agenda,2026-03-07 18:31,2026-03-07 18:31
elmundo,42.1,57.9,8,11,19,82,Marcador de agenda,2026-03-07 18:31,2026-03-07 18:31
eldiario,37.5,62.5,12,20,32,165,Mixto,2026-03-07 18:31,2026-03-07 18:31
elespanol,37.5,62.5,9,15,24,71,Mixto,2026-03-07 18:31,2026-03-07 18:31
elpais,31.9,68.1,15,32,47,248,Mixto,2026-03-07 18:31,2026-03-07 18:31
levante_emv,28.1,71.9,9,23,32,184,Mixto,2026-03-07 18:31,2026-03-07 18:31
20minutos,25.9,74.1,14,40,54,332,Mixto,2026-03-07 18:31,2026-03-07 18:31
heraldo_aragon,23.7,76.3,9,29,38,411,Mixto,2026-03-07 18:31,2026-03-07 18:31
elconfidencial,20.0,80.0,2,8,10,28,Mixto,2026-03-07 18:31,2026-03-07 18:31
infolibre,15.0,85.0,3,17,20,75,Seguidor,2026-03-07 18:31,2026-03-07 18:31
maldita,0.0,100.0,0,1,1,27,Seguidor,2026-03-07 18:31,2026-03-07 18:31
elpais_internacional,0.0,100.0,0,1,1,18,Seguidor,2026-03-07 18:31,2026-03-07 18:31
elmundo_internacional,0.0,100.0,0,1,1,37,Seguidor,2026-03-07 18:31,2026-03-07 18:31
france24_es,70.0,30.0,7,3,10,78,Marcador de agenda,2026-03-07 19:01,2026-03-07 19:01
newtral,66.7,33.3,2,1,3,13,Marcador de agenda,2026-03-07 19:01,2026-03-07 19:01
bbc_mundo,66.7,33.3,4,2,6,33,Marcador de agenda,2026-03-07 19:01,2026-03-07 19:01
google_news_es,57.0,43.0,45,34,79,269,Marcador de agenda,2026-03-07 19:01,2026-03-07 19:01
lavanguardia,52.6,47.4,30,27,57,318,Marcador de agenda,2026-03-07 19:01,2026-03-07 19:01
europapress,50.0,50.0,4,4,8,29,Marcador de agenda,2026-03-07 19:01,2026-03-07 19:01
huffington_es,50.0,50.0,12,12,24,100,Marcador de agenda,2026-03-07 19:01,2026-03-07 19:01
expansion,50.0,50.0,8,8,16,107,Marcador de agenda,2026-03-07 19:01,2026-03-07 19:01
elmundo,47.6,52.4,10,11,21,85,Marcador de agenda,2026-03-07 19:01,2026-03-07 19:01
okdiario,46.9,53.1,15,17,32,266,Marcador de agenda,2026-03-07 19:01,2026-03-07 19:01
elmundo_espana,42.9,57.1,3,4,7,56,Marcador de agenda,2026-03-07 19:01,2026-03-07 19:01
eldiario,42.5,57.5,17,23,40,167,Marcador de agenda,2026-03-07 19:01,2026-03-07 19:01
elespanol,42.3,57.7,11,15,26,71,Marcador de agenda,2026-03-07 19:01,2026-03-07 19:01
elcorreo,39.1,60.9,9,14,23,147,Mixto,2026-03-07 19:01,2026-03-07 19:01
elpais,36.7,63.3,18,31,49,251,Mixto,2026-03-07 19:01,2026-03-07 19:01
google_news_politica,35.7,64.3,5,9,14,69,Mixto,2026-03-07 19:01,2026-03-07 19:01
levante_emv,32.4,67.6,11,23,34,192,Mixto,2026-03-07 19:01,2026-03-07 19:01
20minutos,29.0,71.0,18,44,62,335,Mixto,2026-03-07 19:01,2026-03-07 19:01
elconfidencial,27.3,72.7,3,8,11,28,Mixto,2026-03-07 19:01,2026-03-07 19:01
heraldo_aragon,23.1,76.9,9,30,39,418,Mixto,2026-03-07 19:01,2026-03-07 19:01
infolibre,18.2,81.8,4,18,22,75,Seguidor,2026-03-07 19:01,2026-03-07 19:01
maldita,0.0,100.0,0,1,1,27,Seguidor,2026-03-07 19:01,2026-03-07 19:01
elmundo_internacional,0.0,100.0,0,1,1,36,Seguidor,2026-03-07 19:01,2026-03-07 19:01
elpais_internacional,0.0,100.0,0,1,1,19,Seguidor,2026-03-07 19:01,2026-03-07 19:01
bbc_mundo,66.7,33.3,4,2,6,34,Marcador de agenda,2026-03-07 19:31,2026-03-07 19:31
newtral,66.7,33.3,2,1,3,13,Marcador de agenda,2026-03-07 19:31,2026-03-07 19:31
google_news_es,63.3,36.7,50,29,79,272,Marcador de agenda,2026-03-07 19:31,2026-03-07 19:31
europapress,55.6,44.4,5,4,9,29,Marcador de agenda,2026-03-07 19:31,2026-03-07 19:31
france24_es,54.5,45.5,6,5,11,79,Marcador de agenda,2026-03-07 19:31,2026-03-07 19:31
huffington_es,54.5,45.5,12,10,22,104,Marcador de agenda,2026-03-07 19:31,2026-03-07 19:31
expansion,50.0,50.0,8,8,16,107,Marcador de agenda,2026-03-07 19:31,2026-03-07 19:31
lavanguardia,50.0,50.0,29,29,58,321,Marcador de agenda,2026-03-07 19:31,2026-03-07 19:31
okdiario,46.4,53.6,13,15,28,274,Marcador de agenda,2026-03-07 19:31,2026-03-07 19:31
eldiario,43.6,56.4,17,22,39,168,Marcador de agenda,2026-03-07 19:31,2026-03-07 19:31
elmundo_espana,42.9,57.1,3,4,7,55,Marcador de agenda,2026-03-07 19:31,2026-03-07 19:31
google_news_politica,40.0,60.0,6,9,15,69,Marcador de agenda,2026-03-07 19:31,2026-03-07 19:31
elespanol,38.5,61.5,10,16,26,72,Mixto,2026-03-07 19:31,2026-03-07 19:31
elmundo,38.1,61.9,8,13,21,85,Mixto,2026-03-07 19:31,2026-03-07 19:31
levante_emv,33.3,66.7,12,24,36,197,Mixto,2026-03-07 19:31,2026-03-07 19:31
elpais,33.3,66.7,16,32,48,254,Mixto,2026-03-07 19:31,2026-03-07 19:31
elcorreo,31.8,68.2,7,15,22,153,Mixto,2026-03-07 19:31,2026-03-07 19:31
20minutos,30.5,69.5,18,41,59,338,Mixto,2026-03-07 19:31,2026-03-07 19:31
elconfidencial,27.3,72.7,3,8,11,28,Mixto,2026-03-07 19:31,2026-03-07 19:31
heraldo_aragon,22.0,78.0,9,32,41,423,Mixto,2026-03-07 19:31,2026-03-07 19:31
infolibre,19.0,81.0,4,17,21,76,Seguidor,2026-03-07 19:31,2026-03-07 19:31
maldita,0.0,100.0,0,1,1,27,Seguidor,2026-03-07 19:31,2026-03-07 19:31
elmundo_internacional,0.0,100.0,0,1,1,36,Seguidor,2026-03-07 19:31,2026-03-07 19:31
elpais_internacional,0.0,100.0,0,1,1,19,Seguidor,2026-03-07 19:31,2026-03-07 19:31
newtral,75.0,25.0,3,1,4,13,Marcador de agenda,2026-03-07 20:01,2026-03-07 20:01
france24_es,66.7,33.3,6,3,9,79,Marcador de agenda,2026-03-07 20:01,2026-03-07 20:01
google_news_es,62.3,37.7,48,29,77,280,Marcador de agenda,2026-03-07 20:01,2026-03-07 20:01
bbc_mundo,57.1,42.9,4,3,7,34,Marcador de agenda,2026-03-07 20:01,2026-03-07 20:01
okdiario,53.1,46.9,17,15,32,279,Marcador de agenda,2026-03-07 20:01,2026-03-07 20:01
lavanguardia,50.9,49.1,28,27,55,327,Marcador de agenda,2026-03-07 20:01,2026-03-07 20:01
europapress,50.0,50.0,5,5,10,29,Marcador de agenda,2026-03-07 20:01,2026-03-07 20:01
eldiario,50.0,50.0,19,19,38,168,Marcador de agenda,2026-03-07 20:01,2026-03-07 20:01
elpais_internacional,50.0,50.0,1,1,2,18,Marcador de agenda,2026-03-07 20:01,2026-03-07 20:01
huffington_es,45.0,55.0,9,11,20,106,Marcador de agenda,2026-03-07 20:01,2026-03-07 20:01
elmundo_espana,42.9,57.1,3,4,7,55,Marcador de agenda,2026-03-07 20:01,2026-03-07 20:01
elmundo,42.1,57.9,8,11,19,86,Marcador de agenda,2026-03-07 20:01,2026-03-07 20:01
elcorreo,38.9,61.1,7,11,18,158,Mixto,2026-03-07 20:01,2026-03-07 20:01
expansion,37.5,62.5,6,10,16,107,Mixto,2026-03-07 20:01,2026-03-07 20:01
google_news_politica,33.3,66.7,5,10,15,67,Mixto,2026-03-07 20:01,2026-03-07 20:01
elpais,32.7,67.3,17,35,52,256,Mixto,2026-03-07 20:01,2026-03-07 20:01
20minutos,30.9,69.1,17,38,55,344,Mixto,2026-03-07 20:01,2026-03-07 20:01
levante_emv,29.7,70.3,11,26,37,201,Mixto,2026-03-07 20:01,2026-03-07 20:01
elespanol,27.3,72.7,6,16,22,72,Mixto,2026-03-07 20:01,2026-03-07 20:01
heraldo_aragon,26.8,73.2,11,30,41,432,Mixto,2026-03-07 20:01,2026-03-07 20:01
elconfidencial,20.0,80.0,2,8,10,29,Mixto,2026-03-07 20:01,2026-03-07 20:01
infolibre,10.5,89.5,2,17,19,75,Seguidor,2026-03-07 20:01,2026-03-07 20:01
maldita,0.0,100.0,0,1,1,27,Seguidor,2026-03-07 20:01,2026-03-07 20:01
elmundo_internacional,0.0,100.0,0,1,1,35,Seguidor,2026-03-07 20:01,2026-03-07 20:01
france24_es,66.7,33.3,8,4,12,79,Marcador de agenda,2026-03-07 20:31,2026-03-07 20:31
newtral,66.7,33.3,2,1,3,13,Marcador de agenda,2026-03-07 20:31,2026-03-07 20:31
google_news_es,66.7,33.3,54,27,81,284,Marcador de agenda,2026-03-07 20:31,2026-03-07 20:31
okdiario,51.5,48.5,17,16,33,284,Marcador de agenda,2026-03-07 20:31,2026-03-07 20:31
lavanguardia,50.8,49.2,30,29,59,332,Marcador de agenda,2026-03-07 20:31,2026-03-07 20:31
europapress,50.0,50.0,5,5,10,30,Marcador de agenda,2026-03-07 20:31,2026-03-07 20:31
elcorreo,50.0,50.0,9,9,18,162,Marcador de agenda,2026-03-07 20:31,2026-03-07 20:31
bbc_mundo,50.0,50.0,3,3,6,34,Marcador de agenda,2026-03-07 20:31,2026-03-07 20:31
huffington_es,45.8,54.2,11,13,24,109,Marcador de agenda,2026-03-07 20:31,2026-03-07 20:31
elmundo_espana,42.9,57.1,3,4,7,55,Marcador de agenda,2026-03-07 20:31,2026-03-07 20:31
eldiario,41.0,59.0,16,23,39,168,Marcador de agenda,2026-03-07 20:31,2026-03-07 20:31
google_news_politica,40.0,60.0,6,9,15,67,Marcador de agenda,2026-03-07 20:31,2026-03-07 20:31
expansion,37.5,62.5,6,10,16,109,Mixto,2026-03-07 20:31,2026-03-07 20:31
elmundo,36.8,63.2,7,12,19,87,Mixto,2026-03-07 20:31,2026-03-07 20:31
elespanol,36.0,64.0,9,16,25,73,Mixto,2026-03-07 20:31,2026-03-07 20:31
levante_emv,31.7,68.3,13,28,41,211,Mixto,2026-03-07 20:31,2026-03-07 20:31
elpais,31.4,68.6,16,35,51,260,Mixto,2026-03-07 20:31,2026-03-07 20:31
elconfidencial,27.3,72.7,3,8,11,29,Mixto,2026-03-07 20:31,2026-03-07 20:31
20minutos,27.1,72.9,16,43,59,351,Mixto,2026-03-07 20:31,2026-03-07 20:31
heraldo_aragon,25.0,75.0,10,30,40,441,Mixto,2026-03-07 20:31,2026-03-07 20:31
infolibre,14.3,85.7,3,18,21,69,Seguidor,2026-03-07 20:31,2026-03-07 20:31
maldita,0.0,100.0,0,1,1,27,Seguidor,2026-03-07 20:31,2026-03-07 20:31
elpais_internacional,0.0,100.0,0,1,1,18,Seguidor,2026-03-07 20:31,2026-03-07 20:31
elmundo_internacional,0.0,100.0,0,1,1,35,Seguidor,2026-03-07 20:31,2026-03-07 20:31
france24_es,60.0,40.0,6,4,10,79,Marcador de agenda,2026-03-07 21:01,2026-03-07 21:01
europapress,55.6,44.4,5,4,9,30,Marcador de agenda,2026-03-07 21:01,2026-03-07 21:01
elcorreo,55.0,45.0,11,9,20,172,Marcador de agenda,2026-03-07 21:01,2026-03-07 21:01
google_news_es,53.8,46.2,42,36,78,289,Marcador de agenda,2026-03-07 21:01,2026-03-07 21:01
lavanguardia,51.7,48.3,31,29,60,337,Marcador de agenda,2026-03-07 21:01,2026-03-07 21:01
bbc_mundo,50.0,50.0,3,3,6,34,Marcador de agenda,2026-03-07 21:01,2026-03-07 21:01
newtral,50.0,50.0,2,2,4,13,Marcador de agenda,2026-03-07 21:01,2026-03-07 21:01
elmundo_espana,50.0,50.0,3,3,6,55,Marcador de agenda,2026-03-07 21:01,2026-03-07 21:01
huffington_es,47.8,52.2,11,12,23,109,Marcador de agenda,2026-03-07 21:01,2026-03-07 21:01
google_news_politica,46.7,53.3,7,8,15,68,Marcador de agenda,2026-03-07 21:01,2026-03-07 21:01
elmundo,45.0,55.0,9,11,20,90,Marcador de agenda,2026-03-07 21:01,2026-03-07 21:01
eldiario,44.7,55.3,17,21,38,171,Marcador de agenda,2026-03-07 21:01,2026-03-07 21:01
expansion,43.8,56.2,7,9,16,117,Marcador de agenda,2026-03-07 21:01,2026-03-07 21:01
okdiario,42.9,57.1,15,20,35,287,Marcador de agenda,2026-03-07 21:01,2026-03-07 21:01
elpais,36.4,63.6,20,35,55,264,Mixto,2026-03-07 21:01,2026-03-07 21:01
20minutos,33.3,66.7,20,40,60,358,Mixto,2026-03-07 21:01,2026-03-07 21:01
elespanol,33.3,66.7,8,16,24,74,Mixto,2026-03-07 21:01,2026-03-07 21:01
levante_emv,31.0,69.0,13,29,42,216,Mixto,2026-03-07 21:01,2026-03-07 21:01
elconfidencial,27.3,72.7,3,8,11,29,Mixto,2026-03-07 21:01,2026-03-07 21:01
heraldo_aragon,24.3,75.7,9,28,37,445,Mixto,2026-03-07 21:01,2026-03-07 21:01
infolibre,14.3,85.7,3,18,21,69,Seguidor,2026-03-07 21:01,2026-03-07 21:01
elpais_internacional,0.0,100.0,0,1,1,18,Seguidor,2026-03-07 21:01,2026-03-07 21:01
elmundo_internacional,0.0,100.0,0,1,1,35,Seguidor,2026-03-07 21:01,2026-03-07 21:01
maldita,0.0,100.0,0,1,1,27,Seguidor,2026-03-07 21:01,2026-03-07 21:01
france24_es,66.7,33.3,8,4,12,86,Marcador de agenda,2026-03-07 21:31,2026-03-07 21:31
newtral,66.7,33.3,2,1,3,13,Marcador de agenda,2026-03-07 21:31,2026-03-07 21:31
google_news_es,58.5,41.5,48,34,82,296,Marcador de agenda,2026-03-07 21:31,2026-03-07 21:31
europapress,55.6,44.4,5,4,9,30,Marcador de agenda,2026-03-07 21:31,2026-03-07 21:31
lavanguardia,52.4,47.6,33,30,63,343,Marcador de agenda,2026-03-07 21:31,2026-03-07 21:31
bbc_mundo,50.0,50.0,3,3,6,34,Marcador de agenda,2026-03-07 21:31,2026-03-07 21:31
huffington_es,50.0,50.0,13,13,26,113,Marcador de agenda,2026-03-07 21:31,2026-03-07 21:31
eldiario,48.6,51.4,18,19,37,171,Marcador de agenda,2026-03-07 21:31,2026-03-07 21:31
elcorreo,45.5,54.5,10,12,22,178,Marcador de agenda,2026-03-07 21:31,2026-03-07 21:31
elmundo,42.9,57.1,9,12,21,91,Marcador de agenda,2026-03-07 21:31,2026-03-07 21:31
elmundo_espana,42.9,57.1,3,4,7,55,Marcador de agenda,2026-03-07 21:31,2026-03-07 21:31
google_news_politica,37.5,62.5,6,10,16,70,Mixto,2026-03-07 21:31,2026-03-07 21:31
okdiario,36.4,63.6,12,21,33,292,Mixto,2026-03-07 21:31,2026-03-07 21:31
expansion,35.3,64.7,6,11,17,117,Mixto,2026-03-07 21:31,2026-03-07 21:31
elpais,34.6,65.4,18,34,52,265,Mixto,2026-03-07 21:31,2026-03-07 21:31
elespanol,32.0,68.0,8,17,25,74,Mixto,2026-03-07 21:31,2026-03-07 21:31
levante_emv,30.8,69.2,12,27,39,221,Mixto,2026-03-07 21:31,2026-03-07 21:31
20minutos,29.7,70.3,19,45,64,361,Mixto,2026-03-07 21:31,2026-03-07 21:31
heraldo_aragon,26.2,73.8,11,31,42,450,Mixto,2026-03-07 21:31,2026-03-07 21:31
elconfidencial,25.0,75.0,3,9,12,29,Mixto,2026-03-07 21:31,2026-03-07 21:31
infolibre,19.0,81.0,4,17,21,69,Seguidor,2026-03-07 21:31,2026-03-07 21:31
elpais_internacional,0.0,100.0,0,1,1,18,Seguidor,2026-03-07 21:31,2026-03-07 21:31
elmundo_internacional,0.0,100.0,0,1,1,35,Seguidor,2026-03-07 21:31,2026-03-07 21:31
maldita,0.0,100.0,0,1,1,27,Seguidor,2026-03-07 21:31,2026-03-07 21:31
france24_es,63.6,36.4,7,4,11,86,Marcador de agenda,2026-03-07 22:01,2026-03-07 22:01
google_news_es,63.0,37.0,51,30,81,301,Marcador de agenda,2026-03-07 22:01,2026-03-07 22:01
europapress,55.6,44.4,5,4,9,30,Marcador de agenda,2026-03-07 22:01,2026-03-07 22:01
lavanguardia,52.5,47.5,32,29,61,344,Marcador de agenda,2026-03-07 22:01,2026-03-07 22:01
bbc_mundo,50.0,50.0,3,3,6,34,Marcador de agenda,2026-03-07 22:01,2026-03-07 22:01
google_news_politica,50.0,50.0,8,8,16,70,Marcador de agenda,2026-03-07 22:01,2026-03-07 22:01
newtral,50.0,50.0,2,2,4,13,Marcador de agenda,2026-03-07 22:01,2026-03-07 22:01
huffington_es,50.0,50.0,12,12,24,114,Marcador de agenda,2026-03-07 22:01,2026-03-07 22:01
elcorreo,41.7,58.3,10,14,24,180,Marcador de agenda,2026-03-07 22:01,2026-03-07 22:01
okdiario,41.2,58.8,14,20,34,293,Marcador de agenda,2026-03-07 22:01,2026-03-07 22:01
elpais,40.0,60.0,22,33,55,267,Marcador de agenda,2026-03-07 22:01,2026-03-07 22:01
eldiario,38.9,61.1,14,22,36,173,Mixto,2026-03-07 22:01,2026-03-07 22:01
elmundo,38.1,61.9,8,13,21,91,Mixto,2026-03-07 22:01,2026-03-07 22:01
expansion,35.3,64.7,6,11,17,117,Mixto,2026-03-07 22:01,2026-03-07 22:01
elespanol,33.3,66.7,8,16,24,74,Mixto,2026-03-07 22:01,2026-03-07 22:01
elmundo_espana,33.3,66.7,2,4,6,52,Mixto,2026-03-07 22:01,2026-03-07 22:01
levante_emv,29.3,70.7,12,29,41,226,Mixto,2026-03-07 22:01,2026-03-07 22:01
20minutos,28.8,71.2,19,47,66,371,Mixto,2026-03-07 22:01,2026-03-07 22:01
heraldo_aragon,27.9,72.1,12,31,43,450,Mixto,2026-03-07 22:01,2026-03-07 22:01
elconfidencial,27.3,72.7,3,8,11,29,Mixto,2026-03-07 22:01,2026-03-07 22:01
infolibre,14.3,85.7,3,18,21,69,Seguidor,2026-03-07 22:01,2026-03-07 22:01
elpais_internacional,0.0,100.0,0,2,2,18,Seguidor,2026-03-07 22:01,2026-03-07 22:01
elmundo_internacional,0.0,100.0,0,1,1,32,Seguidor,2026-03-07 22:01,2026-03-07 22:01
maldita,0.0,100.0,0,1,1,27,Seguidor,2026-03-07 22:01,2026-03-07 22:01
google_news_es,66.2,33.8,53,27,80,304,Marcador de agenda,2026-03-07 22:32,2026-03-07 22:32
bbc_mundo,57.1,42.9,4,3,7,34,Marcador de agenda,2026-03-07 22:32,2026-03-07 22:32
europapress,55.6,44.4,5,4,9,30,Marcador de agenda,2026-03-07 22:32,2026-03-07 22:32
france24_es,55.6,44.4,5,4,9,86,Marcador de agenda,2026-03-07 22:32,2026-03-07 22:32
newtral,50.0,50.0,2,2,4,13,Marcador de agenda,2026-03-07 22:32,2026-03-07 22:32
lavanguardia,49.2,50.8,31,32,63,346,Marcador de agenda,2026-03-07 22:32,2026-03-07 22:32
huffington_es,47.8,52.2,11,12,23,115,Marcador de agenda,2026-03-07 22:32,2026-03-07 22:32
google_news_politica,47.1,52.9,8,9,17,71,Marcador de agenda,2026-03-07 22:32,2026-03-07 22:32
okdiario,42.9,57.1,15,20,35,296,Marcador de agenda,2026-03-07 22:32,2026-03-07 22:32
elmundo,40.9,59.1,9,13,22,91,Marcador de agenda,2026-03-07 22:32,2026-03-07 22:32
elcorreo,40.9,59.1,9,13,22,183,Marcador de agenda,2026-03-07 22:32,2026-03-07 22:32
elespanol,37.5,62.5,9,15,24,74,Mixto,2026-03-07 22:32,2026-03-07 22:32
expansion,37.5,62.5,6,10,16,117,Mixto,2026-03-07 22:32,2026-03-07 22:32
eldiario,36.8,63.2,14,24,38,174,Mixto,2026-03-07 22:32,2026-03-07 22:32
elpais,33.9,66.1,19,37,56,268,Mixto,2026-03-07 22:32,2026-03-07 22:32
elmundo_espana,33.3,66.7,2,4,6,52,Mixto,2026-03-07 22:32,2026-03-07 22:32
levante_emv,31.1,68.9,14,31,45,229,Mixto,2026-03-07 22:32,2026-03-07 22:32
20minutos,30.2,69.8,19,44,63,380,Mixto,2026-03-07 22:32,2026-03-07 22:32
heraldo_aragon,27.9,72.1,12,31,43,451,Mixto,2026-03-07 22:32,2026-03-07 22:32
elconfidencial,27.3,72.7,3,8,11,29,Mixto,2026-03-07 22:32,2026-03-07 22:32
infolibre,18.2,81.8,4,18,22,69,Seguidor,2026-03-07 22:32,2026-03-07 22:32
elmundo_internacional,0.0,100.0,0,1,1,32,Seguidor,2026-03-07 22:32,2026-03-07 22:32
maldita,0.0,100.0,0,1,1,27,Seguidor,2026-03-07 22:32,2026-03-07 22:32
elpais_internacional,0.0,100.0,0,2,2,19,Seguidor,2026-03-07 22:32,2026-03-07 22:32
