source,news_count,internal_diversity,originality,original_news,repeated_news,diversity_score,last_update,cycle
maldita,28,0.949,0.893,25,3,91.5,2026-03-07 15:06,2026-03-07 15:06
newtral,13,0.981,0.769,10,3,85.4,2026-03-07 15:06,2026-03-07 15:06
heraldo_aragon,367,0.985,0.698,256,111,81.3,2026-03-07 15:06,2026-03-07 15:06
expansion,106,0.992,0.66,70,36,79.3,2026-03-07 15:06,2026-03-07 15:06
levante_emv,145,0.99,0.655,95,50,78.9,2026-03-07 15:06,2026-03-07 15:06
20minutos,309,0.994,0.625,193,116,77.3,2026-03-07 15:06,2026-03-07 15:06
elcorreo,125,0.996,0.608,76,49,76.3,2026-03-07 15:06,2026-03-07 15:06
elmundo_internacional,39,0.984,0.615,24,15,76.3,2026-03-07 15:06,2026-03-07 15:06
elmundo_espana,58,0.989,0.603,35,23,75.7,2026-03-07 15:06,2026-03-07 15:06
okdiario,238,0.988,0.601,143,95,75.6,2026-03-07 15:06,2026-03-07 15:06
huffington_es,89,0.974,0.596,53,36,74.7,2026-03-07 15:06,2026-03-07 15:06
france24_es,65,0.976,0.585,38,27,74.1,2026-03-07 15:06,2026-03-07 15:06
bbc_mundo,33,0.969,0.576,19,14,73.3,2026-03-07 15:06,2026-03-07 15:06
eldiario,159,0.994,0.553,88,71,72.9,2026-03-07 15:06,2026-03-07 15:06
google_news_es,222,0.993,0.55,122,100,72.7,2026-03-07 15:06,2026-03-07 15:06
google_news_politica,69,0.958,0.565,39,30,72.2,2026-03-07 15:06,2026-03-07 15:06
lavanguardia,296,0.996,0.527,156,140,71.5,2026-03-07 15:06,2026-03-07 15:06
europapress,28,0.966,0.536,15,13,70.8,2026-03-07 15:06,2026-03-07 15:06
elmundo,69,0.996,0.507,35,34,70.3,2026-03-07 15:06,2026-03-07 15:06
elpais,237,0.996,0.498,118,119,69.7,2026-03-07 15:06,2026-03-07 15:06
infolibre,74,0.995,0.459,34,40,67.3,2026-03-07 15:06,2026-03-07 15:06
elespanol,68,0.989,0.441,30,38,66.0,2026-03-07 15:06,2026-03-07 15:06
elpais_internacional,18,0.972,0.333,6,12,58.9,2026-03-07 15:06,2026-03-07 15:06
elconfidencial,28,0.963,0.286,8,20,55.7,2026-03-07 15:06,2026-03-07 15:06
maldita,28,0.949,0.893,25,3,91.5,2026-03-07 15:32,2026-03-07 15:32
heraldo_aragon,372,0.985,0.704,262,110,81.6,2026-03-07 15:32,2026-03-07 15:32
newtral,13,0.981,0.692,9,4,80.8,2026-03-07 15:32,2026-03-07 15:32
elcorreo,128,0.996,0.641,82,46,78.3,2026-03-07 15:32,2026-03-07 15:32
okdiario,239,0.988,0.644,154,85,78.2,2026-03-07 15:32,2026-03-07 15:32
expansion,106,0.993,0.642,68,38,78.2,2026-03-07 15:32,2026-03-07 15:32
elmundo_internacional,39,0.984,0.641,25,14,77.8,2026-03-07 15:32,2026-03-07 15:32
levante_emv,146,0.99,0.63,92,54,77.4,2026-03-07 15:32,2026-03-07 15:32
20minutos,312,0.994,0.625,195,117,77.3,2026-03-07 15:32,2026-03-07 15:32
bbc_mundo,35,0.969,0.629,22,13,76.5,2026-03-07 15:32,2026-03-07 15:32
france24_es,66,0.976,0.606,40,26,75.4,2026-03-07 15:32,2026-03-07 15:32
elmundo_espana,58,0.989,0.586,34,24,74.7,2026-03-07 15:32,2026-03-07 15:32
huffington_es,91,0.973,0.593,54,37,74.5,2026-03-07 15:32,2026-03-07 15:32
eldiario,160,0.994,0.575,92,68,74.3,2026-03-07 15:32,2026-03-07 15:32
google_news_politica,70,0.958,0.571,40,30,72.6,2026-03-07 15:32,2026-03-07 15:32
google_news_es,228,0.993,0.539,123,105,72.1,2026-03-07 15:32,2026-03-07 15:32
europapress,29,0.965,0.552,16,13,71.7,2026-03-07 15:32,2026-03-07 15:32
elpais,237,0.996,0.519,123,114,71.0,2026-03-07 15:32,2026-03-07 15:32
elmundo,69,0.995,0.507,35,34,70.2,2026-03-07 15:32,2026-03-07 15:32
lavanguardia,299,0.996,0.495,148,151,69.5,2026-03-07 15:32,2026-03-07 15:32
elespanol,68,0.99,0.471,32,36,67.9,2026-03-07 15:32,2026-03-07 15:32
infolibre,75,0.995,0.467,35,40,67.8,2026-03-07 15:32,2026-03-07 15:32
elpais_internacional,18,0.972,0.389,7,11,62.2,2026-03-07 15:32,2026-03-07 15:32
elconfidencial,28,0.963,0.286,8,20,55.7,2026-03-07 15:32,2026-03-07 15:32
maldita,28,0.947,0.893,25,3,91.5,2026-03-07 16:02,2026-03-07 16:02
newtral,13,0.982,0.769,10,3,85.4,2026-03-07 16:02,2026-03-07 16:02
heraldo_aragon,382,0.985,0.699,267,115,81.3,2026-03-07 16:02,2026-03-07 16:02
elcorreo,131,0.996,0.634,83,48,77.9,2026-03-07 16:02,2026-03-07 16:02
elmundo_internacional,39,0.982,0.641,25,14,77.7,2026-03-07 16:02,2026-03-07 16:02
okdiario,241,0.988,0.635,153,88,77.6,2026-03-07 16:02,2026-03-07 16:02
levante_emv,149,0.99,0.631,94,55,77.5,2026-03-07 16:02,2026-03-07 16:02
bbc_mundo,36,0.97,0.639,23,13,77.1,2026-03-07 16:02,2026-03-07 16:02
20minutos,316,0.994,0.617,195,121,76.8,2026-03-07 16:02,2026-03-07 16:02
expansion,105,0.992,0.619,65,40,76.8,2026-03-07 16:02,2026-03-07 16:02
huffington_es,92,0.973,0.598,55,37,74.8,2026-03-07 16:02,2026-03-07 16:02
elmundo_espana,58,0.989,0.586,34,24,74.7,2026-03-07 16:02,2026-03-07 16:02
google_news_politica,71,0.957,0.592,42,29,73.8,2026-03-07 16:02,2026-03-07 16:02
france24_es,68,0.976,0.574,39,29,73.5,2026-03-07 16:02,2026-03-07 16:02
google_news_es,235,0.993,0.557,131,104,73.1,2026-03-07 16:02,2026-03-07 16:02
eldiario,162,0.994,0.549,89,73,72.7,2026-03-07 16:02,2026-03-07 16:02
europapress,29,0.964,0.552,16,13,71.7,2026-03-07 16:02,2026-03-07 16:02
elpais,237,0.996,0.515,122,115,70.7,2026-03-07 16:02,2026-03-07 16:02
lavanguardia,300,0.996,0.51,153,147,70.4,2026-03-07 16:02,2026-03-07 16:02
elmundo,70,0.996,0.5,35,35,69.8,2026-03-07 16:02,2026-03-07 16:02
elespanol,69,0.989,0.493,34,35,69.1,2026-03-07 16:02,2026-03-07 16:02
infolibre,74,0.995,0.419,31,43,64.9,2026-03-07 16:02,2026-03-07 16:02
elpais_internacional,18,0.972,0.389,7,11,62.2,2026-03-07 16:02,2026-03-07 16:02
elconfidencial,28,0.964,0.286,8,20,55.7,2026-03-07 16:02,2026-03-07 16:02
maldita,27,0.949,0.889,24,3,91.3,2026-03-07 16:32,2026-03-07 16:32
newtral,13,0.981,0.769,10,3,85.4,2026-03-07 16:32,2026-03-07 16:32
heraldo_aragon,389,0.985,0.697,271,118,81.2,2026-03-07 16:32,2026-03-07 16:32
okdiario,246,0.988,0.65,160,86,78.5,2026-03-07 16:32,2026-03-07 16:32
levante_emv,154,0.99,0.649,100,54,78.5,2026-03-07 16:32,2026-03-07 16:32
elmundo_internacional,39,0.984,0.641,25,14,77.8,2026-03-07 16:32,2026-03-07 16:32
expansion,107,0.992,0.626,67,40,77.2,2026-03-07 16:32,2026-03-07 16:32
20minutos,318,0.994,0.623,198,120,77.1,2026-03-07 16:32,2026-03-07 16:32
elcorreo,134,0.996,0.619,83,51,77.0,2026-03-07 16:32,2026-03-07 16:32
elmundo_espana,58,0.989,0.621,36,22,76.8,2026-03-07 16:32,2026-03-07 16:32
bbc_mundo,34,0.969,0.618,21,13,75.8,2026-03-07 16:32,2026-03-07 16:32
huffington_es,95,0.973,0.611,58,37,75.6,2026-03-07 16:32,2026-03-07 16:32
google_news_politica,71,0.959,0.606,43,28,74.7,2026-03-07 16:32,2026-03-07 16:32
france24_es,69,0.977,0.594,41,28,74.7,2026-03-07 16:32,2026-03-07 16:32
eldiario,163,0.994,0.577,94,69,74.4,2026-03-07 16:32,2026-03-07 16:32
europapress,29,0.965,0.552,16,13,71.7,2026-03-07 16:32,2026-03-07 16:32
google_news_es,241,0.993,0.527,127,114,71.3,2026-03-07 16:32,2026-03-07 16:32
elpais,237,0.996,0.519,123,114,71.0,2026-03-07 16:32,2026-03-07 16:32
lavanguardia,302,0.996,0.493,149,153,69.4,2026-03-07 16:32,2026-03-07 16:32
elespanol,69,0.99,0.493,34,35,69.2,2026-03-07 16:32,2026-03-07 16:32
elmundo,70,0.996,0.471,33,37,68.1,2026-03-07 16:32,2026-03-07 16:32
infolibre,74,0.995,0.459,34,40,67.3,2026-03-07 16:32,2026-03-07 16:32
elpais_internacional,18,0.972,0.389,7,11,62.2,2026-03-07 16:32,2026-03-07 16:32
elconfidencial,28,0.963,0.321,9,19,57.8,2026-03-07 16:32,2026-03-07 16:32
maldita,27,0.948,0.852,23,4,89.0,2026-03-07 17:02,2026-03-07 17:02
newtral,13,0.982,0.769,10,3,85.4,2026-03-07 17:02,2026-03-07 17:02
heraldo_aragon,391,0.985,0.708,277,114,81.9,2026-03-07 17:02,2026-03-07 17:02
okdiario,248,0.988,0.641,159,89,78.0,2026-03-07 17:02,2026-03-07 17:02
bbc_mundo,34,0.969,0.647,22,12,77.6,2026-03-07 17:02,2026-03-07 17:02
elcorreo,136,0.996,0.625,85,51,77.3,2026-03-07 17:02,2026-03-07 17:02
expansion,107,0.992,0.626,67,40,77.2,2026-03-07 17:02,2026-03-07 17:02
levante_emv,164,0.991,0.622,102,62,77.0,2026-03-07 17:02,2026-03-07 17:02
20minutos,318,0.994,0.613,195,123,76.5,2026-03-07 17:02,2026-03-07 17:02
huffington_es,95,0.974,0.621,59,36,76.2,2026-03-07 17:02,2026-03-07 17:02
elmundo_internacional,39,0.982,0.59,23,16,74.7,2026-03-07 17:02,2026-03-07 17:02
elmundo_espana,57,0.989,0.579,33,24,74.3,2026-03-07 17:02,2026-03-07 17:02
eldiario,163,0.994,0.564,92,71,73.6,2026-03-07 17:02,2026-03-07 17:02
france24_es,71,0.976,0.563,40,31,72.8,2026-03-07 17:02,2026-03-07 17:02
google_news_es,248,0.993,0.548,136,112,72.6,2026-03-07 17:02,2026-03-07 17:02
google_news_politica,72,0.956,0.542,39,33,70.8,2026-03-07 17:02,2026-03-07 17:02
lavanguardia,303,0.996,0.505,153,150,70.1,2026-03-07 17:02,2026-03-07 17:02
elpais,237,0.996,0.502,119,118,70.0,2026-03-07 17:02,2026-03-07 17:02
europapress,29,0.965,0.517,15,14,69.6,2026-03-07 17:02,2026-03-07 17:02
elmundo,73,0.995,0.493,36,37,69.4,2026-03-07 17:02,2026-03-07 17:02
elespanol,69,0.989,0.493,34,35,69.1,2026-03-07 17:02,2026-03-07 17:02
infolibre,75,0.995,0.467,35,40,67.8,2026-03-07 17:02,2026-03-07 17:02
elpais_internacional,18,0.971,0.333,6,12,58.8,2026-03-07 17:02,2026-03-07 17:02
elconfidencial,28,0.964,0.286,8,20,55.7,2026-03-07 17:02,2026-03-07 17:02
maldita,27,0.949,0.889,24,3,91.3,2026-03-07 17:32,2026-03-07 17:32
newtral,13,0.981,0.769,10,3,85.4,2026-03-07 17:32,2026-03-07 17:32
heraldo_aragon,397,0.985,0.68,270,127,80.2,2026-03-07 17:32,2026-03-07 17:32
okdiario,253,0.988,0.656,166,87,78.9,2026-03-07 17:32,2026-03-07 17:32
bbc_mundo,33,0.971,0.636,21,12,77.0,2026-03-07 17:32,2026-03-07 17:32
elcorreo,137,0.996,0.613,84,53,76.6,2026-03-07 17:32,2026-03-07 17:32
levante_emv,168,0.991,0.613,103,65,76.4,2026-03-07 17:32,2026-03-07 17:32
20minutos,318,0.994,0.601,191,127,75.8,2026-03-07 17:32,2026-03-07 17:32
elmundo_internacional,37,0.984,0.595,22,15,75.1,2026-03-07 17:32,2026-03-07 17:32
expansion,107,0.992,0.589,63,44,75.0,2026-03-07 17:32,2026-03-07 17:32
huffington_es,97,0.974,0.588,57,40,74.2,2026-03-07 17:32,2026-03-07 17:32
eldiario,164,0.994,0.561,92,72,73.4,2026-03-07 17:32,2026-03-07 17:32
elmundo_espana,57,0.989,0.561,32,25,73.2,2026-03-07 17:32,2026-03-07 17:32
france24_es,73,0.976,0.562,41,32,72.8,2026-03-07 17:32,2026-03-07 17:32
google_news_politica,72,0.958,0.569,41,31,72.5,2026-03-07 17:32,2026-03-07 17:32
google_news_es,252,0.993,0.532,134,118,71.6,2026-03-07 17:32,2026-03-07 17:32
elmundo,79,0.995,0.506,40,39,70.2,2026-03-07 17:32,2026-03-07 17:32
europapress,29,0.965,0.517,15,14,69.6,2026-03-07 17:32,2026-03-07 17:32
elpais,240,0.996,0.483,116,124,68.8,2026-03-07 17:32,2026-03-07 17:32
lavanguardia,303,0.996,0.479,145,158,68.6,2026-03-07 17:32,2026-03-07 17:32
infolibre,75,0.995,0.467,35,40,67.8,2026-03-07 17:32,2026-03-07 17:32
elespanol,69,0.989,0.464,32,37,67.4,2026-03-07 17:32,2026-03-07 17:32
elpais_internacional,18,0.972,0.389,7,11,62.2,2026-03-07 17:32,2026-03-07 17:32
elconfidencial,28,0.963,0.357,10,18,59.9,2026-03-07 17:32,2026-03-07 17:32
maldita,27,0.949,0.852,23,4,89.1,2026-03-07 18:02,2026-03-07 18:02
newtral,13,0.982,0.769,10,3,85.4,2026-03-07 18:02,2026-03-07 18:02
heraldo_aragon,404,0.985,0.683,276,128,80.4,2026-03-07 18:02,2026-03-07 18:02
okdiario,258,0.988,0.64,165,93,77.9,2026-03-07 18:02,2026-03-07 18:02
expansion,107,0.992,0.626,67,40,77.2,2026-03-07 18:02,2026-03-07 18:02
bbc_mundo,33,0.972,0.636,21,12,77.0,2026-03-07 18:02,2026-03-07 18:02
levante_emv,171,0.991,0.614,105,66,76.5,2026-03-07 18:02,2026-03-07 18:02
elcorreo,137,0.996,0.584,80,57,74.9,2026-03-07 18:02,2026-03-07 18:02
eldiario,164,0.994,0.579,95,69,74.5,2026-03-07 18:02,2026-03-07 18:02
elmundo_espana,57,0.988,0.579,33,24,74.3,2026-03-07 18:02,2026-03-07 18:02
france24_es,77,0.976,0.584,45,32,74.1,2026-03-07 18:02,2026-03-07 18:02
huffington_es,97,0.975,0.577,56,41,73.6,2026-03-07 18:02,2026-03-07 18:02
20minutos,328,0.994,0.561,184,144,73.4,2026-03-07 18:02,2026-03-07 18:02
elmundo_internacional,37,0.984,0.568,21,16,73.4,2026-03-07 18:02,2026-03-07 18:02
google_news_politica,71,0.958,0.577,41,30,72.9,2026-03-07 18:02,2026-03-07 18:02
google_news_es,258,0.993,0.539,139,119,72.1,2026-03-07 18:02,2026-03-07 18:02
infolibre,75,0.995,0.52,39,36,71.0,2026-03-07 18:02,2026-03-07 18:02
europapress,29,0.965,0.517,15,14,69.6,2026-03-07 18:02,2026-03-07 18:02
elmundo,81,0.995,0.494,40,41,69.4,2026-03-07 18:02,2026-03-07 18:02
elpais,244,0.995,0.488,119,125,69.1,2026-03-07 18:02,2026-03-07 18:02
lavanguardia,304,0.996,0.467,142,162,67.9,2026-03-07 18:02,2026-03-07 18:02
elpais_internacional,18,0.972,0.444,8,10,65.5,2026-03-07 18:02,2026-03-07 18:02
elespanol,69,0.989,0.42,29,40,64.8,2026-03-07 18:02,2026-03-07 18:02
elconfidencial,28,0.964,0.357,10,18,60.0,2026-03-07 18:02,2026-03-07 18:02
maldita,27,0.949,0.889,24,3,91.3,2026-03-07 18:32,2026-03-07 18:32
newtral,13,0.981,0.769,10,3,85.4,2026-03-07 18:32,2026-03-07 18:32
heraldo_aragon,411,0.985,0.681,280,131,80.3,2026-03-07 18:32,2026-03-07 18:32
okdiario,262,0.989,0.641,168,94,78.0,2026-03-07 18:32,2026-03-07 18:32
bbc_mundo,33,0.972,0.636,21,12,77.0,2026-03-07 18:32,2026-03-07 18:32
levante_emv,184,0.992,0.614,113,71,76.5,2026-03-07 18:32,2026-03-07 18:32
elcorreo,137,0.996,0.606,83,54,76.2,2026-03-07 18:32,2026-03-07 18:32
expansion,107,0.992,0.598,64,43,75.6,2026-03-07 18:32,2026-03-07 18:32
elmundo_internacional,37,0.984,0.595,22,15,75.1,2026-03-07 18:32,2026-03-07 18:32
20minutos,332,0.994,0.584,194,138,74.8,2026-03-07 18:32,2026-03-07 18:32
france24_es,78,0.976,0.59,46,32,74.4,2026-03-07 18:32,2026-03-07 18:32
eldiario,165,0.994,0.539,89,76,72.1,2026-03-07 18:32,2026-03-07 18:32
huffington_es,98,0.974,0.551,54,44,72.0,2026-03-07 18:32,2026-03-07 18:32
google_news_es,264,0.993,0.534,141,123,71.8,2026-03-07 18:32,2026-03-07 18:32
elmundo_espana,56,0.989,0.518,29,27,70.6,2026-03-07 18:32,2026-03-07 18:32
elmundo,82,0.995,0.512,42,40,70.5,2026-03-07 18:32,2026-03-07 18:32
google_news_politica,71,0.958,0.535,38,33,70.4,2026-03-07 18:32,2026-03-07 18:32
elpais,248,0.996,0.484,120,128,68.9,2026-03-07 18:32,2026-03-07 18:32
lavanguardia,311,0.996,0.476,148,163,68.4,2026-03-07 18:32,2026-03-07 18:32
infolibre,75,0.995,0.467,35,40,67.8,2026-03-07 18:32,2026-03-07 18:32
elespanol,71,0.989,0.451,32,39,66.6,2026-03-07 18:32,2026-03-07 18:32
europapress,29,0.964,0.448,13,16,65.4,2026-03-07 18:32,2026-03-07 18:32
elpais_internacional,18,0.973,0.389,7,11,62.3,2026-03-07 18:32,2026-03-07 18:32
elconfidencial,28,0.963,0.321,9,19,57.8,2026-03-07 18:32,2026-03-07 18:32
maldita,27,0.95,0.889,24,3,91.3,2026-03-07 19:02,2026-03-07 19:02
newtral,13,0.982,0.769,10,3,85.4,2026-03-07 19:02,2026-03-07 19:02
heraldo_aragon,418,0.985,0.672,281,137,79.7,2026-03-07 19:02,2026-03-07 19:02
okdiario,266,0.988,0.647,172,94,78.3,2026-03-07 19:02,2026-03-07 19:02
levante_emv,192,0.992,0.62,119,73,76.9,2026-03-07 19:02,2026-03-07 19:02
expansion,107,0.992,0.617,66,41,76.7,2026-03-07 19:02,2026-03-07 19:02
elmundo_espana,56,0.989,0.589,33,23,74.9,2026-03-07 19:02,2026-03-07 19:02
google_news_politica,69,0.958,0.609,42,27,74.9,2026-03-07 19:02,2026-03-07 19:02
elcorreo,147,0.996,0.578,85,62,74.5,2026-03-07 19:02,2026-03-07 19:02
france24_es,78,0.976,0.577,45,33,73.7,2026-03-07 19:02,2026-03-07 19:02
20minutos,335,0.994,0.564,189,146,73.6,2026-03-07 19:02,2026-03-07 19:02
bbc_mundo,33,0.971,0.576,19,14,73.4,2026-03-07 19:02,2026-03-07 19:02
eldiario,167,0.993,0.551,92,75,72.8,2026-03-07 19:02,2026-03-07 19:02
elmundo_internacional,36,0.984,0.556,20,16,72.7,2026-03-07 19:02,2026-03-07 19:02
huffington_es,100,0.974,0.56,56,44,72.6,2026-03-07 19:02,2026-03-07 19:02
google_news_es,269,0.993,0.513,138,131,70.5,2026-03-07 19:02,2026-03-07 19:02
elpais,251,0.996,0.494,124,127,69.5,2026-03-07 19:02,2026-03-07 19:02
lavanguardia,318,0.996,0.491,156,162,69.3,2026-03-07 19:02,2026-03-07 19:02
infolibre,75,0.995,0.48,36,39,68.6,2026-03-07 19:02,2026-03-07 19:02
elmundo,85,0.995,0.471,40,45,68.1,2026-03-07 19:02,2026-03-07 19:02
europapress,29,0.964,0.483,14,15,67.5,2026-03-07 19:02,2026-03-07 19:02
elespanol,71,0.989,0.423,30,41,64.9,2026-03-07 19:02,2026-03-07 19:02
elpais_internacional,19,0.974,0.316,6,13,57.9,2026-03-07 19:02,2026-03-07 19:02
elconfidencial,28,0.963,0.321,9,19,57.8,2026-03-07 19:02,2026-03-07 19:02
maldita,27,0.948,0.889,24,3,91.3,2026-03-07 19:32,2026-03-07 19:32
newtral,13,0.982,0.692,9,4,80.8,2026-03-07 19:32,2026-03-07 19:32
heraldo_aragon,423,0.986,0.674,285,138,79.9,2026-03-07 19:32,2026-03-07 19:32
bbc_mundo,34,0.97,0.647,22,12,77.6,2026-03-07 19:32,2026-03-07 19:32
okdiario,274,0.988,0.628,172,102,77.2,2026-03-07 19:32,2026-03-07 19:32
huffington_es,104,0.973,0.615,64,40,75.8,2026-03-07 19:32,2026-03-07 19:32
expansion,107,0.992,0.598,64,43,75.6,2026-03-07 19:32,2026-03-07 19:32
20minutos,338,0.994,0.577,195,143,74.4,2026-03-07 19:32,2026-03-07 19:32
levante_emv,197,0.992,0.579,114,83,74.4,2026-03-07 19:32,2026-03-07 19:32
elmundo_internacional,36,0.984,0.583,21,15,74.3,2026-03-07 19:32,2026-03-07 19:32
france24_es,79,0.977,0.582,46,33,74.0,2026-03-07 19:32,2026-03-07 19:32
elmundo_espana,55,0.989,0.564,31,24,73.4,2026-03-07 19:32,2026-03-07 19:32
elcorreo,153,0.996,0.556,85,68,73.2,2026-03-07 19:32,2026-03-07 19:32
eldiario,168,0.993,0.548,92,76,72.6,2026-03-07 19:32,2026-03-07 19:32
google_news_es,272,0.993,0.518,141,131,70.8,2026-03-07 19:32,2026-03-07 19:32
lavanguardia,321,0.996,0.498,160,161,69.7,2026-03-07 19:32,2026-03-07 19:32
elpais,254,0.995,0.484,123,131,68.8,2026-03-07 19:32,2026-03-07 19:32
elmundo,85,0.995,0.471,40,45,68.1,2026-03-07 19:32,2026-03-07 19:32
elespanol,72,0.989,0.472,34,38,67.9,2026-03-07 19:32,2026-03-07 19:32
google_news_politica,69,0.957,0.493,34,35,67.9,2026-03-07 19:32,2026-03-07 19:32
europapress,29,0.965,0.483,14,15,67.6,2026-03-07 19:32,2026-03-07 19:32
infolibre,76,0.995,0.421,32,44,65.1,2026-03-07 19:32,2026-03-07 19:32
elpais_internacional,19,0.974,0.316,6,13,57.9,2026-03-07 19:32,2026-03-07 19:32
elconfidencial,28,0.963,0.286,8,20,55.7,2026-03-07 19:32,2026-03-07 19:32
maldita,27,0.948,0.815,22,5,86.8,2026-03-07 20:02,2026-03-07 20:02
newtral,13,0.981,0.769,10,3,85.4,2026-03-07 20:02,2026-03-07 20:02
heraldo_aragon,432,0.985,0.678,293,139,80.1,2026-03-07 20:02,2026-03-07 20:02
okdiario,279,0.988,0.638,178,101,77.8,2026-03-07 20:02,2026-03-07 20:02
levante_emv,201,0.992,0.602,121,80,75.8,2026-03-07 20:02,2026-03-07 20:02
expansion,107,0.992,0.598,64,43,75.6,2026-03-07 20:02,2026-03-07 20:02
elmundo_internacional,35,0.985,0.6,21,14,75.4,2026-03-07 20:02,2026-03-07 20:02
20minutos,344,0.994,0.593,204,140,75.3,2026-03-07 20:02,2026-03-07 20:02
huffington_es,106,0.972,0.594,63,43,74.5,2026-03-07 20:02,2026-03-07 20:02
elcorreo,158,0.996,0.576,91,67,74.4,2026-03-07 20:02,2026-03-07 20:02
bbc_mundo,34,0.97,0.588,20,14,74.1,2026-03-07 20:02,2026-03-07 20:02
eldiario,168,0.993,0.56,94,74,73.3,2026-03-07 20:02,2026-03-07 20:02
france24_es,79,0.976,0.57,45,34,73.2,2026-03-07 20:02,2026-03-07 20:02
google_news_es,280,0.993,0.532,149,131,71.6,2026-03-07 20:02,2026-03-07 20:02
google_news_politica,67,0.958,0.552,37,30,71.4,2026-03-07 20:02,2026-03-07 20:02
elmundo_espana,55,0.988,0.509,28,27,70.1,2026-03-07 20:02,2026-03-07 20:02
elmundo,86,0.995,0.488,42,44,69.1,2026-03-07 20:02,2026-03-07 20:02
lavanguardia,327,0.996,0.486,159,168,69.0,2026-03-07 20:02,2026-03-07 20:02
elpais,256,0.995,0.473,121,135,68.2,2026-03-07 20:02,2026-03-07 20:02
elespanol,72,0.989,0.458,33,39,67.0,2026-03-07 20:02,2026-03-07 20:02
infolibre,75,0.995,0.44,33,42,66.2,2026-03-07 20:02,2026-03-07 20:02
europapress,29,0.964,0.414,12,17,63.4,2026-03-07 20:02,2026-03-07 20:02
elpais_internacional,18,0.973,0.389,7,11,62.3,2026-03-07 20:02,2026-03-07 20:02
elconfidencial,29,0.965,0.345,10,19,59.3,2026-03-07 20:02,2026-03-07 20:02
maldita,27,0.948,0.852,23,4,89.0,2026-03-07 20:32,2026-03-07 20:32
newtral,13,0.981,0.769,10,3,85.4,2026-03-07 20:32,2026-03-07 20:32
heraldo_aragon,441,0.985,0.689,304,137,80.7,2026-03-07 20:32,2026-03-07 20:32
elmundo_internacional,35,0.985,0.629,22,13,77.1,2026-03-07 20:32,2026-03-07 20:32
okdiario,284,0.988,0.599,170,114,75.5,2026-03-07 20:32,2026-03-07 20:32
expansion,109,0.992,0.587,64,45,74.9,2026-03-07 20:32,2026-03-07 20:32
levante_emv,211,0.992,0.583,123,88,74.7,2026-03-07 20:32,2026-03-07 20:32
huffington_es,109,0.971,0.596,65,44,74.6,2026-03-07 20:32,2026-03-07 20:32
elcorreo,162,0.996,0.568,92,70,73.9,2026-03-07 20:32,2026-03-07 20:32
20minutos,351,0.994,0.561,197,154,73.4,2026-03-07 20:32,2026-03-07 20:32
france24_es,79,0.976,0.57,45,34,73.2,2026-03-07 20:32,2026-03-07 20:32
eldiario,168,0.993,0.554,93,75,73.0,2026-03-07 20:32,2026-03-07 20:32
elmundo_espana,55,0.988,0.527,29,26,71.1,2026-03-07 20:32,2026-03-07 20:32
google_news_es,284,0.993,0.518,147,137,70.8,2026-03-07 20:32,2026-03-07 20:32
bbc_mundo,34,0.97,0.529,18,16,70.5,2026-03-07 20:32,2026-03-07 20:32
elmundo,87,0.995,0.494,43,44,69.4,2026-03-07 20:32,2026-03-07 20:32
google_news_politica,67,0.958,0.493,33,34,67.9,2026-03-07 20:32,2026-03-07 20:32
lavanguardia,332,0.996,0.467,155,177,67.9,2026-03-07 20:32,2026-03-07 20:32
elpais,260,0.995,0.458,119,141,67.3,2026-03-07 20:32,2026-03-07 20:32
europapress,30,0.966,0.467,14,16,66.7,2026-03-07 20:32,2026-03-07 20:32
elespanol,73,0.988,0.452,33,40,66.6,2026-03-07 20:32,2026-03-07 20:32
infolibre,69,0.996,0.391,27,42,63.3,2026-03-07 20:32,2026-03-07 20:32
elpais_internacional,18,0.973,0.389,7,11,62.3,2026-03-07 20:32,2026-03-07 20:32
elconfidencial,29,0.966,0.31,9,20,57.2,2026-03-07 20:32,2026-03-07 20:32
maldita,27,0.948,0.852,23,4,89.0,2026-03-07 21:02,2026-03-07 21:02
newtral,13,0.982,0.692,9,4,80.8,2026-03-07 21:02,2026-03-07 21:02
heraldo_aragon,445,0.986,0.679,302,143,80.2,2026-03-07 21:02,2026-03-07 21:02
bbc_mundo,34,0.97,0.618,21,13,75.9,2026-03-07 21:02,2026-03-07 21:02
huffington_es,109,0.972,0.615,67,42,75.8,2026-03-07 21:02,2026-03-07 21:02
expansion,117,0.993,0.598,70,47,75.6,2026-03-07 21:02,2026-03-07 21:02
elmundo_internacional,35,0.985,0.6,21,14,75.4,2026-03-07 21:02,2026-03-07 21:02
okdiario,287,0.988,0.596,171,116,75.3,2026-03-07 21:02,2026-03-07 21:02
levante_emv,216,0.992,0.579,125,91,74.4,2026-03-07 21:02,2026-03-07 21:02
20minutos,358,0.994,0.57,204,154,74.0,2026-03-07 21:02,2026-03-07 21:02
france24_es,79,0.977,0.57,45,34,73.3,2026-03-07 21:02,2026-03-07 21:02
eldiario,171,0.993,0.55,94,77,72.7,2026-03-07 21:02,2026-03-07 21:02
elcorreo,172,0.996,0.541,93,79,72.3,2026-03-07 21:02,2026-03-07 21:02
google_news_es,289,0.993,0.54,156,133,72.1,2026-03-07 21:02,2026-03-07 21:02
elmundo_espana,55,0.988,0.527,29,26,71.1,2026-03-07 21:02,2026-03-07 21:02
europapress,30,0.966,0.5,15,15,68.6,2026-03-07 21:02,2026-03-07 21:02
elespanol,74,0.988,0.473,35,39,67.9,2026-03-07 21:02,2026-03-07 21:02
lavanguardia,337,0.996,0.46,155,182,67.4,2026-03-07 21:02,2026-03-07 21:02
google_news_politica,68,0.956,0.485,33,35,67.3,2026-03-07 21:02,2026-03-07 21:02
elmundo,90,0.994,0.456,41,49,67.1,2026-03-07 21:02,2026-03-07 21:02
elpais,264,0.995,0.447,118,146,66.6,2026-03-07 21:02,2026-03-07 21:02
infolibre,69,0.996,0.362,25,44,61.6,2026-03-07 21:02,2026-03-07 21:02
elpais_internacional,18,0.972,0.278,5,13,55.6,2026-03-07 21:02,2026-03-07 21:02
elconfidencial,29,0.965,0.276,8,21,55.2,2026-03-07 21:02,2026-03-07 21:02
maldita,27,0.948,0.852,23,4,89.0,2026-03-07 21:32,2026-03-07 21:32
newtral,13,0.981,0.692,9,4,80.8,2026-03-07 21:32,2026-03-07 21:32
heraldo_aragon,450,0.985,0.682,307,143,80.3,2026-03-07 21:32,2026-03-07 21:32
expansion,117,0.993,0.607,71,46,76.1,2026-03-07 21:32,2026-03-07 21:32
okdiario,292,0.988,0.61,178,114,76.1,2026-03-07 21:32,2026-03-07 21:32
levante_emv,221,0.992,0.602,133,88,75.8,2026-03-07 21:32,2026-03-07 21:32
elmundo_internacional,35,0.985,0.6,21,14,75.4,2026-03-07 21:32,2026-03-07 21:32
france24_es,86,0.976,0.593,51,35,74.6,2026-03-07 21:32,2026-03-07 21:32
huffington_es,113,0.97,0.593,67,46,74.4,2026-03-07 21:32,2026-03-07 21:32
20minutos,361,0.994,0.565,204,157,73.7,2026-03-07 21:32,2026-03-07 21:32
google_news_es,296,0.993,0.561,166,130,73.4,2026-03-07 21:32,2026-03-07 21:32
elcorreo,178,0.996,0.545,97,81,72.5,2026-03-07 21:32,2026-03-07 21:32
bbc_mundo,34,0.97,0.559,19,15,72.3,2026-03-07 21:32,2026-03-07 21:32
elmundo_espana,55,0.988,0.545,30,25,72.2,2026-03-07 21:32,2026-03-07 21:32
eldiario,171,0.993,0.538,92,79,72.0,2026-03-07 21:32,2026-03-07 21:32
europapress,30,0.967,0.533,16,14,70.7,2026-03-07 21:32,2026-03-07 21:32
elmundo,91,0.994,0.484,44,47,68.8,2026-03-07 21:32,2026-03-07 21:32
elespanol,74,0.988,0.473,35,39,67.9,2026-03-07 21:32,2026-03-07 21:32
elpais,265,0.995,0.46,122,143,67.4,2026-03-07 21:32,2026-03-07 21:32
google_news_politica,70,0.957,0.486,34,36,67.4,2026-03-07 21:32,2026-03-07 21:32
lavanguardia,343,0.996,0.446,153,190,66.6,2026-03-07 21:32,2026-03-07 21:32
infolibre,69,0.996,0.391,27,42,63.3,2026-03-07 21:32,2026-03-07 21:32
elpais_internacional,18,0.973,0.278,5,13,55.6,2026-03-07 21:32,2026-03-07 21:32
elconfidencial,29,0.965,0.276,8,21,55.2,2026-03-07 21:32,2026-03-07 21:32
maldita,27,0.947,0.852,23,4,89.0,2026-03-07 22:02,2026-03-07 22:02
heraldo_aragon,450,0.985,0.696,313,137,81.2,2026-03-07 22:02,2026-03-07 22:02
newtral,13,0.981,0.692,9,4,80.8,2026-03-07 22:02,2026-03-07 22:02
expansion,117,0.993,0.615,72,45,76.6,2026-03-07 22:02,2026-03-07 22:02
okdiario,293,0.987,0.604,177,116,75.7,2026-03-07 22:02,2026-03-07 22:02
levante_emv,226,0.992,0.593,134,92,75.3,2026-03-07 22:02,2026-03-07 22:02
huffington_es,114,0.971,0.605,69,45,75.1,2026-03-07 22:02,2026-03-07 22:02
elmundo_internacional,32,0.985,0.594,19,13,75.0,2026-03-07 22:02,2026-03-07 22:02
20minutos,371,0.994,0.585,217,154,74.9,2026-03-07 22:02,2026-03-07 22:02
eldiario,173,0.993,0.584,101,72,74.8,2026-03-07 22:02,2026-03-07 22:02
elcorreo,180,0.996,0.578,104,76,74.5,2026-03-07 22:02,2026-03-07 22:02
elmundo_espana,52,0.989,0.577,30,22,74.2,2026-03-07 22:02,2026-03-07 22:02
bbc_mundo,34,0.97,0.588,20,14,74.1,2026-03-07 22:02,2026-03-07 22:02
france24_es,86,0.976,0.581,50,36,73.9,2026-03-07 22:02,2026-03-07 22:02
google_news_es,301,0.993,0.565,170,131,73.6,2026-03-07 22:02,2026-03-07 22:02
europapress,30,0.967,0.533,16,14,70.7,2026-03-07 22:02,2026-03-07 22:02
google_news_politica,70,0.957,0.514,36,34,69.1,2026-03-07 22:02,2026-03-07 22:02
elmundo,91,0.994,0.484,44,47,68.8,2026-03-07 22:02,2026-03-07 22:02
elpais,267,0.995,0.472,126,141,68.1,2026-03-07 22:02,2026-03-07 22:02
elespanol,74,0.989,0.473,35,39,67.9,2026-03-07 22:02,2026-03-07 22:02
infolibre,69,0.996,0.464,32,37,67.7,2026-03-07 22:02,2026-03-07 22:02
lavanguardia,344,0.996,0.451,155,189,66.9,2026-03-07 22:02,2026-03-07 22:02
elpais_internacional,18,0.973,0.333,6,12,58.9,2026-03-07 22:02,2026-03-07 22:02
elconfidencial,29,0.965,0.31,9,20,57.2,2026-03-07 22:02,2026-03-07 22:02
maldita,27,0.948,0.852,23,4,89.0,2026-03-07 22:32,2026-03-07 22:32
newtral,13,0.981,0.692,9,4,80.8,2026-03-07 22:32,2026-03-07 22:32
heraldo_aragon,451,0.986,0.665,300,151,79.3,2026-03-07 22:32,2026-03-07 22:32
huffington_es,115,0.97,0.652,75,40,77.9,2026-03-07 22:32,2026-03-07 22:32
expansion,117,0.993,0.615,72,45,76.6,2026-03-07 22:32,2026-03-07 22:32
okdiario,296,0.987,0.611,181,115,76.1,2026-03-07 22:32,2026-03-07 22:32
bbc_mundo,34,0.97,0.618,21,13,75.9,2026-03-07 22:32,2026-03-07 22:32
levante_emv,229,0.992,0.581,133,96,74.5,2026-03-07 22:32,2026-03-07 22:32
20minutos,380,0.994,0.574,218,162,74.2,2026-03-07 22:32,2026-03-07 22:32
eldiario,174,0.993,0.569,99,75,73.9,2026-03-07 22:32,2026-03-07 22:32
france24_es,86,0.976,0.581,50,36,73.9,2026-03-07 22:32,2026-03-07 22:32
google_news_es,304,0.993,0.556,169,135,73.1,2026-03-07 22:32,2026-03-07 22:32
elmundo_internacional,32,0.985,0.562,18,14,73.1,2026-03-07 22:32,2026-03-07 22:32
elcorreo,183,0.996,0.552,101,82,73.0,2026-03-07 22:32,2026-03-07 22:32
elmundo_espana,52,0.988,0.538,28,24,71.8,2026-03-07 22:32,2026-03-07 22:32
elmundo,91,0.994,0.484,44,47,68.8,2026-03-07 22:32,2026-03-07 22:32
europapress,30,0.966,0.5,15,15,68.6,2026-03-07 22:32,2026-03-07 22:32
elespanol,74,0.988,0.459,34,40,67.1,2026-03-07 22:32,2026-03-07 22:32
google_news_politica,71,0.957,0.479,34,37,67.0,2026-03-07 22:32,2026-03-07 22:32
lavanguardia,346,0.996,0.451,156,190,66.9,2026-03-07 22:32,2026-03-07 22:32
elpais,268,0.995,0.448,120,148,66.7,2026-03-07 22:32,2026-03-07 22:32
infolibre,69,0.996,0.377,26,43,62.5,2026-03-07 22:32,2026-03-07 22:32
elpais_internacional,19,0.969,0.368,7,12,60.8,2026-03-07 22:32,2026-03-07 22:32
elconfidencial,29,0.965,0.276,8,21,55.2,2026-03-07 22:32,2026-03-07 22:32
maldita,27,0.947,0.815,22,5,86.8,2026-03-07 23:02,2026-03-07 23:02
newtral,13,0.981,0.692,9,4,80.8,2026-03-07 23:02,2026-03-07 23:02
heraldo_aragon,456,0.985,0.662,302,154,79.1,2026-03-07 23:02,2026-03-07 23:02
elmundo_internacional,32,0.986,0.656,21,11,78.8,2026-03-07 23:02,2026-03-07 23:02
bbc_mundo,34,0.97,0.618,21,13,75.9,2026-03-07 23:02,2026-03-07 23:02
expansion,117,0.993,0.598,70,47,75.6,2026-03-07 23:02,2026-03-07 23:02
okdiario,300,0.987,0.6,180,120,75.5,2026-03-07 23:02,2026-03-07 23:02
levante_emv,230,0.992,0.587,135,95,74.9,2026-03-07 23:02,2026-03-07 23:02
20minutos,383,0.994,0.582,223,160,74.7,2026-03-07 23:02,2026-03-07 23:02
france24_es,86,0.975,0.581,50,36,73.9,2026-03-07 23:02,2026-03-07 23:02
huffington_es,116,0.97,0.578,67,49,73.5,2026-03-07 23:02,2026-03-07 23:02
google_news_es,313,0.993,0.556,174,139,73.1,2026-03-07 23:02,2026-03-07 23:02
elcorreo,184,0.996,0.554,102,82,73.1,2026-03-07 23:02,2026-03-07 23:02
elmundo_espana,52,0.989,0.558,29,23,73.0,2026-03-07 23:02,2026-03-07 23:02
eldiario,175,0.993,0.526,92,83,71.3,2026-03-07 23:02,2026-03-07 23:02
elmundo,91,0.994,0.484,44,47,68.8,2026-03-07 23:02,2026-03-07 23:02
google_news_politica,71,0.958,0.507,36,35,68.7,2026-03-07 23:02,2026-03-07 23:02
europapress,30,0.966,0.5,15,15,68.6,2026-03-07 23:02,2026-03-07 23:02
elpais,269,0.995,0.48,129,140,68.6,2026-03-07 23:02,2026-03-07 23:02
elespanol,74,0.988,0.473,35,39,67.9,2026-03-07 23:02,2026-03-07 23:02
lavanguardia,348,0.996,0.463,161,187,67.6,2026-03-07 23:02,2026-03-07 23:02
infolibre,69,0.996,0.377,26,43,62.5,2026-03-07 23:02,2026-03-07 23:02
elconfidencial,29,0.965,0.31,9,20,57.2,2026-03-07 23:02,2026-03-07 23:02
elpais_internacional,19,0.969,0.211,4,15,51.4,2026-03-07 23:02,2026-03-07 23:02
maldita,27,0.948,0.852,23,4,89.0,2026-03-07 23:32,2026-03-07 23:32
newtral,13,0.981,0.692,9,4,80.8,2026-03-07 23:32,2026-03-07 23:32
heraldo_aragon,459,0.985,0.645,296,163,78.1,2026-03-07 23:32,2026-03-07 23:32
okdiario,302,0.987,0.626,189,113,77.0,2026-03-07 23:32,2026-03-07 23:32
elmundo_internacional,31,0.986,0.613,19,12,76.2,2026-03-07 23:32,2026-03-07 23:32
levante_emv,232,0.992,0.582,135,97,74.6,2026-03-07 23:32,2026-03-07 23:32
expansion,117,0.993,0.581,68,49,74.6,2026-03-07 23:32,2026-03-07 23:32
huffington_es,116,0.971,0.586,68,48,74.0,2026-03-07 23:32,2026-03-07 23:32
20minutos,386,0.994,0.565,218,168,73.7,2026-03-07 23:32,2026-03-07 23:32
elcorreo,193,0.995,0.56,108,85,73.4,2026-03-07 23:32,2026-03-07 23:32
eldiario,175,0.993,0.56,98,77,73.3,2026-03-07 23:32,2026-03-07 23:32
elmundo_espana,49,0.989,0.551,27,22,72.6,2026-03-07 23:32,2026-03-07 23:32
france24_es,86,0.975,0.558,48,38,72.5,2026-03-07 23:32,2026-03-07 23:32
google_news_es,316,0.993,0.522,165,151,71.0,2026-03-07 23:32,2026-03-07 23:32
europapress,30,0.966,0.533,16,14,70.6,2026-03-07 23:32,2026-03-07 23:32
bbc_mundo,34,0.969,0.529,18,16,70.5,2026-03-07 23:32,2026-03-07 23:32
elmundo,92,0.994,0.489,45,47,69.1,2026-03-07 23:32,2026-03-07 23:32
google_news_politica,71,0.957,0.493,35,36,67.9,2026-03-07 23:32,2026-03-07 23:32
lavanguardia,350,0.996,0.446,156,194,66.6,2026-03-07 23:32,2026-03-07 23:32
elpais,271,0.995,0.446,121,150,66.6,2026-03-07 23:32,2026-03-07 23:32
elespanol,75,0.989,0.44,33,42,66.0,2026-03-07 23:32,2026-03-07 23:32
infolibre,69,0.996,0.362,25,44,61.6,2026-03-07 23:32,2026-03-07 23:32
elpais_internacional,19,0.97,0.368,7,12,60.9,2026-03-07 23:32,2026-03-07 23:32
elconfidencial,29,0.965,0.31,9,20,57.2,2026-03-07 23:32,2026-03-07 23:32
maldita,27,0.947,0.852,23,4,89.0,2026-03-08 00:02,2026-03-08 00:02
newtral,13,0.981,0.692,9,4,80.8,2026-03-08 00:02,2026-03-08 00:02
heraldo_aragon,460,0.985,0.678,312,148,80.1,2026-03-08 00:02,2026-03-08 00:02
elmundo_internacional,31,0.986,0.645,20,11,78.1,2026-03-08 00:02,2026-03-08 00:02
expansion,117,0.993,0.624,73,44,77.2,2026-03-08 00:02,2026-03-08 00:02
levante_emv,238,0.993,0.613,146,92,76.5,2026-03-08 00:02,2026-03-08 00:02
elmundo_espana,49,0.989,0.612,30,19,76.3,2026-03-08 00:02,2026-03-08 00:02
okdiario,304,0.987,0.602,183,121,75.6,2026-03-08 00:02,2026-03-08 00:02
huffington_es,116,0.97,0.595,69,47,74.5,2026-03-08 00:02,2026-03-08 00:02
eldiario,175,0.993,0.577,101,74,74.3,2026-03-08 00:02,2026-03-08 00:02
elcorreo,197,0.995,0.574,113,84,74.2,2026-03-08 00:02,2026-03-08 00:02
20minutos,388,0.994,0.57,221,167,74.0,2026-03-08 00:02,2026-03-08 00:02
bbc_mundo,33,0.97,0.576,19,14,73.4,2026-03-08 00:02,2026-03-08 00:02
france24_es,88,0.975,0.568,50,38,73.1,2026-03-08 00:02,2026-03-08 00:02
google_news_es,320,0.993,0.547,175,145,72.5,2026-03-08 00:02,2026-03-08 00:02
google_news_politica,71,0.956,0.549,39,32,71.2,2026-03-08 00:02,2026-03-08 00:02
europapress,30,0.967,0.533,16,14,70.7,2026-03-08 00:02,2026-03-08 00:02
elmundo,92,0.995,0.5,46,46,69.8,2026-03-08 00:02,2026-03-08 00:02
lavanguardia,353,0.996,0.47,166,187,68.0,2026-03-08 00:02,2026-03-08 00:02
elespanol,75,0.988,0.467,35,40,67.5,2026-03-08 00:02,2026-03-08 00:02
elpais,273,0.995,0.458,125,148,67.3,2026-03-08 00:02,2026-03-08 00:02
infolibre,69,0.996,0.391,27,42,63.3,2026-03-08 00:02,2026-03-08 00:02
elpais_internacional,19,0.97,0.316,6,13,57.8,2026-03-08 00:02,2026-03-08 00:02
elconfidencial,29,0.965,0.31,9,20,57.2,2026-03-08 00:02,2026-03-08 00:02
maldita,27,0.947,0.852,23,4,89.0,2026-03-08 00:32,2026-03-08 00:32
newtral,13,0.981,0.692,9,4,80.8,2026-03-08 00:32,2026-03-08 00:32
heraldo_aragon,460,0.985,0.657,302,158,78.8,2026-03-08 00:32,2026-03-08 00:32
elcorreo,251,0.996,0.61,153,98,76.4,2026-03-08 00:32,2026-03-08 00:32
expansion,117,0.993,0.598,70,47,75.6,2026-03-08 00:32,2026-03-08 00:32
bbc_mundo,33,0.971,0.606,20,13,75.2,2026-03-08 00:32,2026-03-08 00:32
levante_emv,240,0.992,0.583,140,100,74.7,2026-03-08 00:32,2026-03-08 00:32
elmundo_espana,53,0.989,0.585,31,22,74.7,2026-03-08 00:32,2026-03-08 00:32
eldiario,175,0.993,0.583,102,73,74.7,2026-03-08 00:32,2026-03-08 00:32
france24_es,88,0.975,0.591,52,36,74.5,2026-03-08 00:32,2026-03-08 00:32
okdiario,306,0.987,0.582,178,128,74.4,2026-03-08 00:32,2026-03-08 00:32
20minutos,389,0.994,0.568,221,168,73.8,2026-03-08 00:32,2026-03-08 00:32
huffington_es,116,0.97,0.578,67,49,73.5,2026-03-08 00:32,2026-03-08 00:32
google_news_es,322,0.993,0.55,177,145,72.7,2026-03-08 00:32,2026-03-08 00:32
elmundo_internacional,36,0.986,0.528,19,17,71.1,2026-03-08 00:32,2026-03-08 00:32
europapress,30,0.967,0.533,16,14,70.7,2026-03-08 00:32,2026-03-08 00:32
google_news_politica,72,0.957,0.528,38,34,70.0,2026-03-08 00:32,2026-03-08 00:32
elespanol,75,0.989,0.493,37,38,69.1,2026-03-08 00:32,2026-03-08 00:32
elmundo,92,0.994,0.489,45,47,69.1,2026-03-08 00:32,2026-03-08 00:32
elpais,273,0.995,0.447,122,151,66.6,2026-03-08 00:32,2026-03-08 00:32
lavanguardia,358,0.996,0.439,157,201,66.2,2026-03-08 00:32,2026-03-08 00:32
infolibre,69,0.996,0.435,30,39,65.9,2026-03-08 00:32,2026-03-08 00:32
elconfidencial,29,0.965,0.276,8,21,55.2,2026-03-08 00:32,2026-03-08 00:32
elpais_internacional,19,0.97,0.211,4,15,51.5,2026-03-08 00:32,2026-03-08 00:32
maldita,27,0.946,0.852,23,4,89.0,2026-03-08 01:02,2026-03-08 01:02
newtral,13,0.981,0.692,9,4,80.8,2026-03-08 01:02,2026-03-08 01:02
heraldo_aragon,460,0.985,0.661,304,156,79.1,2026-03-08 01:02,2026-03-08 01:02
expansion,117,0.993,0.598,70,47,75.6,2026-03-08 01:02,2026-03-08 01:02
elcorreo,259,0.996,0.595,154,105,75.5,2026-03-08 01:02,2026-03-08 01:02
france24_es,88,0.975,0.602,53,35,75.1,2026-03-08 01:02,2026-03-08 01:02
okdiario,307,0.987,0.593,182,125,75.1,2026-03-08 01:02,2026-03-08 01:02
elmundo_espana,53,0.989,0.585,31,22,74.7,2026-03-08 01:02,2026-03-08 01:02
levante_emv,240,0.992,0.579,139,101,74.4,2026-03-08 01:02,2026-03-08 01:02
20minutos,389,0.994,0.568,221,168,73.8,2026-03-08 01:02,2026-03-08 01:02
eldiario,175,0.993,0.566,99,76,73.7,2026-03-08 01:02,2026-03-08 01:02
bbc_mundo,33,0.97,0.576,19,14,73.4,2026-03-08 01:02,2026-03-08 01:02
huffington_es,116,0.97,0.569,66,50,72.9,2026-03-08 01:02,2026-03-08 01:02
google_news_es,325,0.992,0.545,177,148,72.4,2026-03-08 01:02,2026-03-08 01:02
google_news_politica,73,0.957,0.548,40,33,71.2,2026-03-08 01:02,2026-03-08 01:02
elmundo_internacional,35,0.986,0.514,18,17,70.3,2026-03-08 01:02,2026-03-08 01:02
europapress,30,0.966,0.5,15,15,68.6,2026-03-08 01:02,2026-03-08 01:02
elespanol,75,0.989,0.48,36,39,68.4,2026-03-08 01:02,2026-03-08 01:02
elmundo,92,0.994,0.467,43,49,67.8,2026-03-08 01:02,2026-03-08 01:02
lavanguardia,370,0.996,0.457,169,201,67.3,2026-03-08 01:02,2026-03-08 01:02
elpais,273,0.995,0.447,122,151,66.6,2026-03-08 01:02,2026-03-08 01:02
infolibre,69,0.996,0.406,28,41,64.2,2026-03-08 01:02,2026-03-08 01:02
elconfidencial,29,0.966,0.345,10,19,59.3,2026-03-08 01:02,2026-03-08 01:02
elpais_internacional,19,0.971,0.158,3,16,48.3,2026-03-08 01:02,2026-03-08 01:02
maldita,27,0.947,0.815,22,5,86.8,2026-03-08 01:32,2026-03-08 01:32
newtral,13,0.981,0.769,10,3,85.4,2026-03-08 01:32,2026-03-08 01:32
heraldo_aragon,460,0.985,0.65,299,161,78.4,2026-03-08 01:32,2026-03-08 01:32
elmundo_internacional,34,0.986,0.618,21,13,76.5,2026-03-08 01:32,2026-03-08 01:32
huffington_es,116,0.97,0.621,72,44,76.1,2026-03-08 01:32,2026-03-08 01:32
elcorreo,263,0.996,0.597,157,106,75.7,2026-03-08 01:32,2026-03-08 01:32
levante_emv,240,0.992,0.575,138,102,74.2,2026-03-08 01:32,2026-03-08 01:32
france24_es,89,0.974,0.584,52,37,74.0,2026-03-08 01:32,2026-03-08 01:32
okdiario,308,0.987,0.568,175,133,73.6,2026-03-08 01:32,2026-03-08 01:32
expansion,117,0.993,0.564,66,51,73.6,2026-03-08 01:32,2026-03-08 01:32
bbc_mundo,33,0.97,0.576,19,14,73.4,2026-03-08 01:32,2026-03-08 01:32
eldiario,175,0.993,0.549,96,79,72.7,2026-03-08 01:32,2026-03-08 01:32
20minutos,389,0.994,0.545,212,177,72.5,2026-03-08 01:32,2026-03-08 01:32
elmundo_espana,50,0.989,0.54,27,23,72.0,2026-03-08 01:32,2026-03-08 01:32
google_news_es,329,0.992,0.535,176,153,71.8,2026-03-08 01:32,2026-03-08 01:32
google_news_politica,73,0.957,0.521,38,35,69.5,2026-03-08 01:32,2026-03-08 01:32
elmundo,109,0.994,0.486,53,56,68.9,2026-03-08 01:32,2026-03-08 01:32
elespanol,75,0.988,0.467,35,40,67.5,2026-03-08 01:32,2026-03-08 01:32
elpais,273,0.995,0.458,125,148,67.3,2026-03-08 01:32,2026-03-08 01:32
lavanguardia,383,0.996,0.454,174,209,67.1,2026-03-08 01:32,2026-03-08 01:32
europapress,30,0.966,0.4,12,18,62.6,2026-03-08 01:32,2026-03-08 01:32
infolibre,69,0.996,0.377,26,43,62.5,2026-03-08 01:32,2026-03-08 01:32
elconfidencial,29,0.966,0.31,9,20,57.2,2026-03-08 01:32,2026-03-08 01:32
elpais_internacional,19,0.97,0.263,5,14,54.6,2026-03-08 01:32,2026-03-08 01:32
maldita,27,0.947,0.852,23,4,89.0,2026-03-08 02:02,2026-03-08 02:02
newtral,13,0.981,0.692,9,4,80.8,2026-03-08 02:02,2026-03-08 02:02
heraldo_aragon,460,0.985,0.652,300,160,78.5,2026-03-08 02:02,2026-03-08 02:02
bbc_mundo,33,0.971,0.606,20,13,75.2,2026-03-08 02:02,2026-03-08 02:02
elcorreo,265,0.996,0.581,154,111,74.7,2026-03-08 02:02,2026-03-08 02:02
france24_es,91,0.975,0.593,54,37,74.6,2026-03-08 02:02,2026-03-08 02:02
okdiario,308,0.987,0.578,178,130,74.2,2026-03-08 02:02,2026-03-08 02:02
levante_emv,240,0.992,0.575,138,102,74.2,2026-03-08 02:02,2026-03-08 02:02
expansion,115,0.993,0.574,66,49,74.2,2026-03-08 02:02,2026-03-08 02:02
eldiario,175,0.993,0.571,100,75,74.0,2026-03-08 02:02,2026-03-08 02:02
20minutos,389,0.994,0.566,220,169,73.7,2026-03-08 02:02,2026-03-08 02:02
huffington_es,116,0.97,0.578,67,49,73.5,2026-03-08 02:02,2026-03-08 02:02
elmundo_espana,50,0.989,0.56,28,22,73.2,2026-03-08 02:02,2026-03-08 02:02
google_news_es,332,0.992,0.536,178,154,71.8,2026-03-08 02:02,2026-03-08 02:02
elmundo_internacional,34,0.986,0.529,18,16,71.2,2026-03-08 02:02,2026-03-08 02:02
europapress,30,0.967,0.533,16,14,70.7,2026-03-08 02:02,2026-03-08 02:02
elmundo,109,0.994,0.505,55,54,70.1,2026-03-08 02:02,2026-03-08 02:02
google_news_politica,74,0.957,0.527,39,35,69.9,2026-03-08 02:02,2026-03-08 02:02
elespanol,75,0.989,0.48,36,39,68.4,2026-03-08 02:02,2026-03-08 02:02
lavanguardia,383,0.996,0.452,173,210,67.0,2026-03-08 02:02,2026-03-08 02:02
elpais,273,0.995,0.447,122,151,66.6,2026-03-08 02:02,2026-03-08 02:02
infolibre,69,0.996,0.435,30,39,65.9,2026-03-08 02:02,2026-03-08 02:02
elconfidencial,29,0.965,0.276,8,21,55.2,2026-03-08 02:02,2026-03-08 02:02
elpais_internacional,19,0.971,0.211,4,15,51.5,2026-03-08 02:02,2026-03-08 02:02
maldita,27,0.947,0.852,23,4,89.0,2026-03-08 02:32,2026-03-08 02:32
heraldo_aragon,460,0.985,0.659,303,157,78.9,2026-03-08 02:32,2026-03-08 02:32
newtral,13,0.982,0.615,8,5,76.2,2026-03-08 02:32,2026-03-08 02:32
elmundo_espana,50,0.989,0.6,30,20,75.6,2026-03-08 02:32,2026-03-08 02:32
elcorreo,266,0.996,0.586,156,110,75.0,2026-03-08 02:32,2026-03-08 02:32
elmundo_internacional,34,0.986,0.588,20,14,74.7,2026-03-08 02:32,2026-03-08 02:32
france24_es,91,0.975,0.593,54,37,74.6,2026-03-08 02:32,2026-03-08 02:32
huffington_es,116,0.971,0.595,69,47,74.5,2026-03-08 02:32,2026-03-08 02:32
okdiario,308,0.987,0.581,179,129,74.3,2026-03-08 02:32,2026-03-08 02:32
bbc_mundo,33,0.971,0.576,19,14,73.4,2026-03-08 02:32,2026-03-08 02:32
google_news_es,337,0.993,0.543,183,154,72.3,2026-03-08 02:32,2026-03-08 02:32
levante_emv,241,0.992,0.539,130,111,72.0,2026-03-08 02:32,2026-03-08 02:32
20minutos,389,0.994,0.532,207,182,71.7,2026-03-08 02:32,2026-03-08 02:32
expansion,115,0.993,0.53,61,54,71.5,2026-03-08 02:32,2026-03-08 02:32
eldiario,175,0.993,0.514,90,85,70.6,2026-03-08 02:32,2026-03-08 02:32
elmundo,109,0.994,0.486,53,56,68.9,2026-03-08 02:32,2026-03-08 02:32
lavanguardia,383,0.996,0.457,175,208,67.3,2026-03-08 02:32,2026-03-08 02:32
europapress,30,0.966,0.467,14,16,66.7,2026-03-08 02:32,2026-03-08 02:32
elpais,273,0.995,0.447,122,151,66.6,2026-03-08 02:32,2026-03-08 02:32
google_news_politica,76,0.957,0.461,35,41,65.9,2026-03-08 02:32,2026-03-08 02:32
elespanol,75,0.988,0.427,32,43,65.1,2026-03-08 02:32,2026-03-08 02:32
infolibre,69,0.996,0.362,25,44,61.6,2026-03-08 02:32,2026-03-08 02:32
elconfidencial,29,0.966,0.379,11,18,61.4,2026-03-08 02:32,2026-03-08 02:32
elpais_internacional,19,0.971,0.263,5,14,54.6,2026-03-08 02:32,2026-03-08 02:32
maldita,27,0.947,0.815,22,5,86.8,2026-03-08 03:02,2026-03-08 03:02
newtral,13,0.981,0.692,9,4,80.8,2026-03-08 03:02,2026-03-08 03:02
heraldo_aragon,460,0.985,0.648,298,162,78.3,2026-03-08 03:02,2026-03-08 03:02
elmundo_espana,50,0.989,0.58,29,21,74.4,2026-03-08 03:02,2026-03-08 03:02
france24_es,92,0.975,0.587,54,38,74.2,2026-03-08 03:02,2026-03-08 03:02
okdiario,310,0.987,0.577,179,131,74.1,2026-03-08 03:02,2026-03-08 03:02
elcorreo,266,0.996,0.568,151,115,73.9,2026-03-08 03:02,2026-03-08 03:02
levante_emv,241,0.992,0.568,137,104,73.8,2026-03-08 03:02,2026-03-08 03:02
bbc_mundo,33,0.97,0.576,19,14,73.4,2026-03-08 03:02,2026-03-08 03:02
eldiario,175,0.993,0.56,98,77,73.3,2026-03-08 03:02,2026-03-08 03:02
20minutos,389,0.994,0.555,216,173,73.1,2026-03-08 03:02,2026-03-08 03:02
expansion,115,0.993,0.548,63,52,72.6,2026-03-08 03:02,2026-03-08 03:02
huffington_es,116,0.97,0.56,65,51,72.4,2026-03-08 03:02,2026-03-08 03:02
google_news_es,337,0.993,0.54,182,155,72.1,2026-03-08 03:02,2026-03-08 03:02
europapress,30,0.966,0.533,16,14,70.6,2026-03-08 03:02,2026-03-08 03:02
google_news_politica,75,0.958,0.507,38,37,68.7,2026-03-08 03:02,2026-03-08 03:02
elmundo_internacional,34,0.986,0.471,16,18,67.7,2026-03-08 03:02,2026-03-08 03:02
elmundo,110,0.994,0.464,51,59,67.6,2026-03-08 03:02,2026-03-08 03:02
lavanguardia,383,0.996,0.449,172,211,66.8,2026-03-08 03:02,2026-03-08 03:02
elpais,273,0.995,0.443,121,152,66.4,2026-03-08 03:02,2026-03-08 03:02
elespanol,75,0.988,0.44,33,42,65.9,2026-03-08 03:02,2026-03-08 03:02
infolibre,69,0.996,0.391,27,42,63.3,2026-03-08 03:02,2026-03-08 03:02
elconfidencial,29,0.965,0.31,9,20,57.2,2026-03-08 03:02,2026-03-08 03:02
elpais_internacional,19,0.971,0.263,5,14,54.6,2026-03-08 03:02,2026-03-08 03:02
maldita,27,0.948,0.815,22,5,86.8,2026-03-08 03:32,2026-03-08 03:32
newtral,13,0.982,0.769,10,3,85.4,2026-03-08 03:32,2026-03-08 03:32
heraldo_aragon,460,0.985,0.665,306,154,79.3,2026-03-08 03:32,2026-03-08 03:32
huffington_es,116,0.97,0.629,73,43,76.5,2026-03-08 03:32,2026-03-08 03:32
bbc_mundo,32,0.971,0.625,20,12,76.3,2026-03-08 03:32,2026-03-08 03:32
elcorreo,266,0.996,0.583,155,111,74.8,2026-03-08 03:32,2026-03-08 03:32
elmundo_espana,50,0.989,0.58,29,21,74.4,2026-03-08 03:32,2026-03-08 03:32
france24_es,92,0.975,0.587,54,38,74.2,2026-03-08 03:32,2026-03-08 03:32
levante_emv,241,0.992,0.573,138,103,74.1,2026-03-08 03:32,2026-03-08 03:32
okdiario,310,0.987,0.571,177,133,73.7,2026-03-08 03:32,2026-03-08 03:32
expansion,115,0.993,0.557,64,51,73.1,2026-03-08 03:32,2026-03-08 03:32
20minutos,389,0.994,0.542,211,178,72.3,2026-03-08 03:32,2026-03-08 03:32
google_news_es,339,0.993,0.543,184,155,72.3,2026-03-08 03:32,2026-03-08 03:32
eldiario,175,0.993,0.537,94,81,71.9,2026-03-08 03:32,2026-03-08 03:32
elmundo_internacional,34,0.986,0.529,18,16,71.2,2026-03-08 03:32,2026-03-08 03:32
elmundo,110,0.995,0.464,51,59,67.6,2026-03-08 03:32,2026-03-08 03:32
google_news_politica,76,0.958,0.487,37,39,67.5,2026-03-08 03:32,2026-03-08 03:32
lavanguardia,383,0.996,0.449,172,211,66.8,2026-03-08 03:32,2026-03-08 03:32
elespanol,75,0.988,0.453,34,41,66.7,2026-03-08 03:32,2026-03-08 03:32
europapress,30,0.965,0.467,14,16,66.6,2026-03-08 03:32,2026-03-08 03:32
elpais,273,0.995,0.443,121,152,66.4,2026-03-08 03:32,2026-03-08 03:32
infolibre,69,0.996,0.362,25,44,61.6,2026-03-08 03:32,2026-03-08 03:32
elconfidencial,29,0.965,0.276,8,21,55.2,2026-03-08 03:32,2026-03-08 03:32
elpais_internacional,19,0.971,0.211,4,15,51.5,2026-03-08 03:32,2026-03-08 03:32
maldita,27,0.947,0.852,23,4,89.0,2026-03-08 04:02,2026-03-08 04:02
heraldo_aragon,456,0.985,0.649,296,160,78.3,2026-03-08 04:02,2026-03-08 04:02
bbc_mundo,32,0.972,0.625,20,12,76.4,2026-03-08 04:02,2026-03-08 04:02
newtral,13,0.981,0.615,8,5,76.1,2026-03-08 04:02,2026-03-08 04:02
elcorreo,266,0.996,0.59,157,109,75.2,2026-03-08 04:02,2026-03-08 04:02
france24_es,94,0.975,0.596,56,38,74.8,2026-03-08 04:02,2026-03-08 04:02
okdiario,310,0.987,0.587,182,128,74.7,2026-03-08 04:02,2026-03-08 04:02
expansion,115,0.993,0.583,67,48,74.7,2026-03-08 04:02,2026-03-08 04:02
levante_emv,241,0.992,0.581,140,101,74.5,2026-03-08 04:02,2026-03-08 04:02
huffington_es,116,0.97,0.586,68,48,74.0,2026-03-08 04:02,2026-03-08 04:02
20minutos,389,0.994,0.566,220,169,73.7,2026-03-08 04:02,2026-03-08 04:02
eldiario,175,0.993,0.56,98,77,73.3,2026-03-08 04:02,2026-03-08 04:02
elespanol,95,0.989,0.547,52,43,72.4,2026-03-08 04:02,2026-03-08 04:02
google_news_es,345,0.993,0.528,182,163,71.4,2026-03-08 04:02,2026-03-08 04:02
elmundo_internacional,34,0.986,0.529,18,16,71.2,2026-03-08 04:02,2026-03-08 04:02
elmundo_espana,50,0.989,0.52,26,24,70.8,2026-03-08 04:02,2026-03-08 04:02
europapress,30,0.967,0.533,16,14,70.7,2026-03-08 04:02,2026-03-08 04:02
google_news_politica,75,0.959,0.52,39,36,69.6,2026-03-08 04:02,2026-03-08 04:02
elmundo,110,0.994,0.491,54,56,69.2,2026-03-08 04:02,2026-03-08 04:02
elpais,272,0.995,0.449,122,150,66.7,2026-03-08 04:02,2026-03-08 04:02
lavanguardia,383,0.996,0.446,171,212,66.6,2026-03-08 04:02,2026-03-08 04:02
infolibre,69,0.996,0.435,30,39,65.9,2026-03-08 04:02,2026-03-08 04:02
elconfidencial,29,0.965,0.276,8,21,55.2,2026-03-08 04:02,2026-03-08 04:02
elpais_internacional,19,0.971,0.263,5,14,54.6,2026-03-08 04:02,2026-03-08 04:02
maldita,27,0.948,0.815,22,5,86.8,2026-03-08 04:32,2026-03-08 04:32
heraldo_aragon,456,0.985,0.643,293,163,78.0,2026-03-08 04:32,2026-03-08 04:32
elmundo_internacional,34,0.986,0.618,21,13,76.5,2026-03-08 04:32,2026-03-08 04:32
france24_es,94,0.974,0.596,56,38,74.7,2026-03-08 04:32,2026-03-08 04:32
huffington_es,116,0.97,0.595,69,47,74.5,2026-03-08 04:32,2026-03-08 04:32
okdiario,315,0.987,0.581,183,132,74.3,2026-03-08 04:32,2026-03-08 04:32
elcorreo,266,0.996,0.56,149,117,73.4,2026-03-08 04:32,2026-03-08 04:32
elmundo_espana,50,0.989,0.56,28,22,73.2,2026-03-08 04:32,2026-03-08 04:32
20minutos,389,0.994,0.555,216,173,73.1,2026-03-08 04:32,2026-03-08 04:32
bbc_mundo,32,0.972,0.562,18,14,72.6,2026-03-08 04:32,2026-03-08 04:32
levante_emv,244,0.992,0.549,134,110,72.6,2026-03-08 04:32,2026-03-08 04:32
expansion,115,0.993,0.539,62,53,72.1,2026-03-08 04:32,2026-03-08 04:32
google_news_es,346,0.993,0.535,185,161,71.8,2026-03-08 04:32,2026-03-08 04:32
newtral,13,0.981,0.538,7,6,71.5,2026-03-08 04:32,2026-03-08 04:32
eldiario,175,0.993,0.503,88,87,69.9,2026-03-08 04:32,2026-03-08 04:32
elespanol,95,0.989,0.495,47,48,69.3,2026-03-08 04:32,2026-03-08 04:32
elmundo,110,0.994,0.473,52,58,68.1,2026-03-08 04:32,2026-03-08 04:32
google_news_politica,73,0.958,0.479,35,38,67.1,2026-03-08 04:32,2026-03-08 04:32
europapress,30,0.966,0.467,14,16,66.7,2026-03-08 04:32,2026-03-08 04:32
elpais,267,0.995,0.446,119,148,66.6,2026-03-08 04:32,2026-03-08 04:32
lavanguardia,383,0.996,0.431,165,218,65.7,2026-03-08 04:32,2026-03-08 04:32
infolibre,69,0.996,0.348,24,45,60.7,2026-03-08 04:32,2026-03-08 04:32
elconfidencial,29,0.965,0.345,10,19,59.3,2026-03-08 04:32,2026-03-08 04:32
elpais_internacional,18,0.969,0.222,4,14,52.1,2026-03-08 04:32,2026-03-08 04:32
maldita,27,0.948,0.852,23,4,89.0,2026-03-08 05:02,2026-03-08 05:02
heraldo_aragon,456,0.985,0.638,291,165,77.7,2026-03-08 05:02,2026-03-08 05:02
elmundo_internacional,34,0.986,0.618,21,13,76.5,2026-03-08 05:02,2026-03-08 05:02
newtral,13,0.981,0.615,8,5,76.1,2026-03-08 05:02,2026-03-08 05:02
expansion,115,0.993,0.591,68,47,75.2,2026-03-08 05:02,2026-03-08 05:02
huffington_es,116,0.97,0.603,70,46,75.0,2026-03-08 05:02,2026-03-08 05:02
levante_emv,244,0.992,0.582,142,102,74.6,2026-03-08 05:02,2026-03-08 05:02
okdiario,319,0.987,0.58,185,134,74.3,2026-03-08 05:02,2026-03-08 05:02
20minutos,389,0.994,0.568,221,168,73.8,2026-03-08 05:02,2026-03-08 05:02
france24_es,94,0.974,0.574,54,40,73.4,2026-03-08 05:02,2026-03-08 05:02
elmundo_espana,50,0.989,0.56,28,22,73.2,2026-03-08 05:02,2026-03-08 05:02
elcorreo,266,0.996,0.556,148,118,73.2,2026-03-08 05:02,2026-03-08 05:02
google_news_es,349,0.993,0.533,186,163,71.7,2026-03-08 05:02,2026-03-08 05:02
eldiario,175,0.993,0.531,93,82,71.6,2026-03-08 05:02,2026-03-08 05:02
bbc_mundo,32,0.97,0.531,17,15,70.7,2026-03-08 05:02,2026-03-08 05:02
elespanol,95,0.989,0.495,47,48,69.3,2026-03-08 05:02,2026-03-08 05:02
europapress,30,0.966,0.5,15,15,68.6,2026-03-08 05:02,2026-03-08 05:02
elmundo,110,0.994,0.473,52,58,68.1,2026-03-08 05:02,2026-03-08 05:02
elpais,268,0.995,0.451,121,147,66.9,2026-03-08 05:02,2026-03-08 05:02
lavanguardia,381,0.996,0.423,161,220,65.2,2026-03-08 05:02,2026-03-08 05:02
google_news_politica,74,0.959,0.432,32,42,64.3,2026-03-08 05:02,2026-03-08 05:02
elconfidencial,36,0.975,0.389,14,22,62.3,2026-03-08 05:02,2026-03-08 05:02
infolibre,58,0.995,0.345,20,38,60.5,2026-03-08 05:02,2026-03-08 05:02
elpais_internacional,18,0.969,0.222,4,14,52.1,2026-03-08 05:02,2026-03-08 05:02
maldita,27,0.948,0.852,23,4,89.0,2026-03-08 05:32,2026-03-08 05:32
heraldo_aragon,544,0.985,0.632,344,200,77.3,2026-03-08 05:32,2026-03-08 05:32
elmundo_internacional,34,0.986,0.618,21,13,76.5,2026-03-08 05:32,2026-03-08 05:32
newtral,13,0.981,0.615,8,5,76.1,2026-03-08 05:32,2026-03-08 05:32
okdiario,326,0.987,0.589,192,134,74.8,2026-03-08 05:32,2026-03-08 05:32
expansion,115,0.993,0.583,67,48,74.7,2026-03-08 05:32,2026-03-08 05:32
france24_es,96,0.974,0.583,56,40,73.9,2026-03-08 05:32,2026-03-08 05:32
elmundo_espana,50,0.988,0.56,28,22,73.1,2026-03-08 05:32,2026-03-08 05:32
huffington_es,116,0.971,0.569,66,50,73.0,2026-03-08 05:32,2026-03-08 05:32
20minutos,389,0.994,0.545,212,177,72.5,2026-03-08 05:32,2026-03-08 05:32
google_news_es,360,0.993,0.531,191,169,71.6,2026-03-08 05:32,2026-03-08 05:32
levante_emv,245,0.992,0.531,130,115,71.5,2026-03-08 05:32,2026-03-08 05:32
elcorreo,266,0.996,0.523,139,127,71.2,2026-03-08 05:32,2026-03-08 05:32
eldiario,175,0.993,0.52,91,84,70.9,2026-03-08 05:32,2026-03-08 05:32
elmundo,110,0.994,0.491,54,56,69.2,2026-03-08 05:32,2026-03-08 05:32
bbc_mundo,32,0.97,0.5,16,16,68.8,2026-03-08 05:32,2026-03-08 05:32
elespanol,95,0.989,0.484,46,49,68.6,2026-03-08 05:32,2026-03-08 05:32
europapress,30,0.966,0.5,15,15,68.6,2026-03-08 05:32,2026-03-08 05:32
elpais,268,0.995,0.448,120,148,66.7,2026-03-08 05:32,2026-03-08 05:32
lavanguardia,384,0.996,0.414,159,225,64.7,2026-03-08 05:32,2026-03-08 05:32
google_news_politica,75,0.959,0.427,32,43,64.0,2026-03-08 05:32,2026-03-08 05:32
elconfidencial,36,0.975,0.389,14,22,62.3,2026-03-08 05:32,2026-03-08 05:32
infolibre,58,0.995,0.345,20,38,60.5,2026-03-08 05:32,2026-03-08 05:32
elpais_internacional,18,0.968,0.222,4,14,52.0,2026-03-08 05:32,2026-03-08 05:32
