emotion,count,last_update,cycle
Neutral,1263,2026-03-06 22:29,2026-03-06 22:29
Miedo,118,2026-03-06 22:29,2026-03-06 22:29
Sorpresa,66,2026-03-06 22:29,2026-03-06 22:29
Alegría,59,2026-03-06 22:29,2026-03-06 22:29
Tristeza,54,2026-03-06 22:29,2026-03-06 22:29
Ira,46,2026-03-06 22:29,2026-03-06 22:29
Neutral,1267,2026-03-06 22:37,2026-03-06 22:37
Miedo,119,2026-03-06 22:37,2026-03-06 22:37
Sorpresa,66,2026-03-06 22:37,2026-03-06 22:37
Alegría,60,2026-03-06 22:37,2026-03-06 22:37
Tristeza,54,2026-03-06 22:37,2026-03-06 22:37
Ira,46,2026-03-06 22:37,2026-03-06 22:37
Neutral,1271,2026-03-06 22:42,2026-03-06 22:42
Miedo,121,2026-03-06 22:42,2026-03-06 22:42
Sorpresa,66,2026-03-06 22:42,2026-03-06 22:42
Alegría,63,2026-03-06 22:42,2026-03-06 22:42
Tristeza,54,2026-03-06 22:42,2026-03-06 22:42
Ira,47,2026-03-06 22:42,2026-03-06 22:42
Neutral,1283,2026-03-06 22:56,2026-03-06 22:56
Miedo,121,2026-03-06 22:56,2026-03-06 22:56
Sorpresa,67,2026-03-06 22:56,2026-03-06 22:56
Alegría,64,2026-03-06 22:56,2026-03-06 22:56
Tristeza,55,2026-03-06 22:56,2026-03-06 22:56
Ira,47,2026-03-06 22:56,2026-03-06 22:56
Neutral,1288,2026-03-06 23:02,2026-03-06 23:02
Miedo,121,2026-03-06 23:02,2026-03-06 23:02
Sorpresa,68,2026-03-06 23:02,2026-03-06 23:02
Alegría,67,2026-03-06 23:02,2026-03-06 23:02
Tristeza,55,2026-03-06 23:02,2026-03-06 23:02
Ira,47,2026-03-06 23:02,2026-03-06 23:02
Neutral,1301,2026-03-06 23:30,2026-03-06 23:30
Miedo,122,2026-03-06 23:30,2026-03-06 23:30
Sorpresa,72,2026-03-06 23:30,2026-03-06 23:30
Alegría,71,2026-03-06 23:30,2026-03-06 23:30
Tristeza,57,2026-03-06 23:30,2026-03-06 23:30
Ira,48,2026-03-06 23:30,2026-03-06 23:30
Neutral,1316,2026-03-07 00:00,2026-03-07 00:00
Miedo,124,2026-03-07 00:00,2026-03-07 00:00
Alegría,73,2026-03-07 00:00,2026-03-07 00:00
Sorpresa,72,2026-03-07 00:00,2026-03-07 00:00
Tristeza,57,2026-03-07 00:00,2026-03-07 00:00
Ira,48,2026-03-07 00:00,2026-03-07 00:00
Neutral,1340,2026-03-07 00:30,2026-03-07 00:30
Miedo,125,2026-03-07 00:30,2026-03-07 00:30
Sorpresa,75,2026-03-07 00:30,2026-03-07 00:30
Alegría,74,2026-03-07 00:30,2026-03-07 00:30
Tristeza,58,2026-03-07 00:30,2026-03-07 00:30
Ira,50,2026-03-07 00:30,2026-03-07 00:30
Neutral,1388,2026-03-07 01:00,2026-03-07 01:00
Miedo,126,2026-03-07 01:00,2026-03-07 01:00
Sorpresa,76,2026-03-07 01:00,2026-03-07 01:00
Alegría,75,2026-03-07 01:00,2026-03-07 01:00
Tristeza,59,2026-03-07 01:00,2026-03-07 01:00
Ira,52,2026-03-07 01:00,2026-03-07 01:00
Neutral,1405,2026-03-07 01:30,2026-03-07 01:30
Miedo,128,2026-03-07 01:30,2026-03-07 01:30
Alegría,76,2026-03-07 01:30,2026-03-07 01:30
Sorpresa,76,2026-03-07 01:30,2026-03-07 01:30
Tristeza,59,2026-03-07 01:30,2026-03-07 01:30
Ira,54,2026-03-07 01:30,2026-03-07 01:30
Neutral,1413,2026-03-07 02:00,2026-03-07 02:00
Miedo,128,2026-03-07 02:00,2026-03-07 02:00
Alegría,77,2026-03-07 02:00,2026-03-07 02:00
Sorpresa,76,2026-03-07 02:00,2026-03-07 02:00
Tristeza,59,2026-03-07 02:00,2026-03-07 02:00
Ira,54,2026-03-07 02:00,2026-03-07 02:00
Neutral,1421,2026-03-07 02:30,2026-03-07 02:30
Miedo,129,2026-03-07 02:30,2026-03-07 02:30
Alegría,77,2026-03-07 02:30,2026-03-07 02:30
Sorpresa,76,2026-03-07 02:30,2026-03-07 02:30
Tristeza,59,2026-03-07 02:30,2026-03-07 02:30
Ira,54,2026-03-07 02:30,2026-03-07 02:30
Neutral,1445,2026-03-07 03:00,2026-03-07 03:00
Miedo,130,2026-03-07 03:00,2026-03-07 03:00
Alegría,77,2026-03-07 03:00,2026-03-07 03:00
Sorpresa,76,2026-03-07 03:00,2026-03-07 03:00
Tristeza,60,2026-03-07 03:00,2026-03-07 03:00
Ira,54,2026-03-07 03:00,2026-03-07 03:00
Neutral,1465,2026-03-07 03:30,2026-03-07 03:30
Miedo,130,2026-03-07 03:30,2026-03-07 03:30
Alegría,78,2026-03-07 03:30,2026-03-07 03:30
Sorpresa,76,2026-03-07 03:30,2026-03-07 03:30
Tristeza,60,2026-03-07 03:30,2026-03-07 03:30
Ira,55,2026-03-07 03:30,2026-03-07 03:30
Neutral,1468,2026-03-07 04:00,2026-03-07 04:00
Miedo,130,2026-03-07 04:00,2026-03-07 04:00
Alegría,78,2026-03-07 04:00,2026-03-07 04:00
Sorpresa,76,2026-03-07 04:00,2026-03-07 04:00
Tristeza,60,2026-03-07 04:00,2026-03-07 04:00
Ira,55,2026-03-07 04:00,2026-03-07 04:00
Neutral,1477,2026-03-07 04:30,2026-03-07 04:30
Miedo,132,2026-03-07 04:30,2026-03-07 04:30
Alegría,80,2026-03-07 04:30,2026-03-07 04:30
Sorpresa,77,2026-03-07 04:30,2026-03-07 04:30
Tristeza,61,2026-03-07 04:30,2026-03-07 04:30
Ira,55,2026-03-07 04:30,2026-03-07 04:30
Neutral,1496,2026-03-07 05:00,2026-03-07 05:00
Miedo,133,2026-03-07 05:00,2026-03-07 05:00
Alegría,80,2026-03-07 05:00,2026-03-07 05:00
Sorpresa,79,2026-03-07 05:00,2026-03-07 05:00
Tristeza,61,2026-03-07 05:00,2026-03-07 05:00
Ira,55,2026-03-07 05:00,2026-03-07 05:00
Neutral,1576,2026-03-07 05:30,2026-03-07 05:30
Miedo,142,2026-03-07 05:30,2026-03-07 05:30
Alegría,86,2026-03-07 05:30,2026-03-07 05:30
Sorpresa,82,2026-03-07 05:30,2026-03-07 05:30
Tristeza,68,2026-03-07 05:30,2026-03-07 05:30
Ira,58,2026-03-07 05:30,2026-03-07 05:30
Neutral,1631,2026-03-07 06:00,2026-03-07 06:00
Miedo,145,2026-03-07 06:00,2026-03-07 06:00
Alegría,88,2026-03-07 06:00,2026-03-07 06:00
Sorpresa,83,2026-03-07 06:00,2026-03-07 06:00
Tristeza,68,2026-03-07 06:00,2026-03-07 06:00
Ira,58,2026-03-07 06:00,2026-03-07 06:00
Neutral,1748,2026-03-07 06:30,2026-03-07 06:30
Miedo,151,2026-03-07 06:30,2026-03-07 06:30
Alegría,90,2026-03-07 06:30,2026-03-07 06:30
Sorpresa,88,2026-03-07 06:30,2026-03-07 06:30
Tristeza,73,2026-03-07 06:30,2026-03-07 06:30
Ira,60,2026-03-07 06:30,2026-03-07 06:30
Neutral,1813,2026-03-07 07:00,2026-03-07 07:00
Miedo,153,2026-03-07 07:00,2026-03-07 07:00
Alegría,90,2026-03-07 07:00,2026-03-07 07:00
Sorpresa,90,2026-03-07 07:00,2026-03-07 07:00
Tristeza,73,2026-03-07 07:00,2026-03-07 07:00
Ira,60,2026-03-07 07:00,2026-03-07 07:00
Neutral,1872,2026-03-07 07:30,2026-03-07 07:30
Miedo,155,2026-03-07 07:30,2026-03-07 07:30
Alegría,93,2026-03-07 07:30,2026-03-07 07:30
Sorpresa,93,2026-03-07 07:30,2026-03-07 07:30
Tristeza,76,2026-03-07 07:30,2026-03-07 07:30
Ira,60,2026-03-07 07:30,2026-03-07 07:30
Neutral,1906,2026-03-07 08:00,2026-03-07 08:00
Miedo,158,2026-03-07 08:00,2026-03-07 08:00
Sorpresa,95,2026-03-07 08:00,2026-03-07 08:00
Alegría,93,2026-03-07 08:00,2026-03-07 08:00
Tristeza,78,2026-03-07 08:00,2026-03-07 08:00
Ira,61,2026-03-07 08:00,2026-03-07 08:00
Neutral,1949,2026-03-07 08:30,2026-03-07 08:30
Miedo,167,2026-03-07 08:30,2026-03-07 08:30
Sorpresa,98,2026-03-07 08:30,2026-03-07 08:30
Alegría,94,2026-03-07 08:30,2026-03-07 08:30
Tristeza,78,2026-03-07 08:30,2026-03-07 08:30
Ira,61,2026-03-07 08:30,2026-03-07 08:30
Neutral,1989,2026-03-07 09:00,2026-03-07 09:00
Miedo,174,2026-03-07 09:00,2026-03-07 09:00
Alegría,99,2026-03-07 09:00,2026-03-07 09:00
Sorpresa,99,2026-03-07 09:00,2026-03-07 09:00
Tristeza,79,2026-03-07 09:00,2026-03-07 09:00
Ira,63,2026-03-07 09:00,2026-03-07 09:00
Neutral,2040,2026-03-07 09:30,2026-03-07 09:30
Miedo,178,2026-03-07 09:30,2026-03-07 09:30
Sorpresa,103,2026-03-07 09:30,2026-03-07 09:30
Alegría,101,2026-03-07 09:30,2026-03-07 09:30
Tristeza,80,2026-03-07 09:30,2026-03-07 09:30
Ira,65,2026-03-07 09:30,2026-03-07 09:30
Neutral,2062,2026-03-07 10:00,2026-03-07 10:00
Miedo,188,2026-03-07 10:00,2026-03-07 10:00
Sorpresa,105,2026-03-07 10:00,2026-03-07 10:00
Alegría,101,2026-03-07 10:00,2026-03-07 10:00
Tristeza,81,2026-03-07 10:00,2026-03-07 10:00
Ira,69,2026-03-07 10:00,2026-03-07 10:00
Neutral,2098,2026-03-07 10:30,2026-03-07 10:30
Miedo,189,2026-03-07 10:30,2026-03-07 10:30
Sorpresa,105,2026-03-07 10:30,2026-03-07 10:30
Alegría,102,2026-03-07 10:30,2026-03-07 10:30
Tristeza,82,2026-03-07 10:30,2026-03-07 10:30
Ira,70,2026-03-07 10:30,2026-03-07 10:30
Neutral,2125,2026-03-07 11:00,2026-03-07 11:00
Miedo,191,2026-03-07 11:00,2026-03-07 11:00
Sorpresa,108,2026-03-07 11:00,2026-03-07 11:00
Alegría,104,2026-03-07 11:00,2026-03-07 11:00
Tristeza,83,2026-03-07 11:00,2026-03-07 11:00
Ira,72,2026-03-07 11:00,2026-03-07 11:00
Neutral,2163,2026-03-07 11:30,2026-03-07 11:30
Miedo,195,2026-03-07 11:30,2026-03-07 11:30
Sorpresa,110,2026-03-07 11:30,2026-03-07 11:30
Alegría,107,2026-03-07 11:30,2026-03-07 11:30
Tristeza,84,2026-03-07 11:30,2026-03-07 11:30
Ira,72,2026-03-07 11:30,2026-03-07 11:30
Neutral,2206,2026-03-07 12:00,2026-03-07 12:00
Miedo,198,2026-03-07 12:00,2026-03-07 12:00
Sorpresa,113,2026-03-07 12:00,2026-03-07 12:00
Alegría,108,2026-03-07 12:00,2026-03-07 12:00
Tristeza,86,2026-03-07 12:00,2026-03-07 12:00
Ira,73,2026-03-07 12:00,2026-03-07 12:00
Neutral,2241,2026-03-07 12:23,2026-03-07 12:23
Miedo,203,2026-03-07 12:23,2026-03-07 12:23
Sorpresa,113,2026-03-07 12:23,2026-03-07 12:23
Alegría,109,2026-03-07 12:23,2026-03-07 12:23
Tristeza,87,2026-03-07 12:23,2026-03-07 12:23
Ira,74,2026-03-07 12:23,2026-03-07 12:23
Neutral,2403,2026-03-07 12:30,2026-03-07 12:30
Miedo,213,2026-03-07 12:30,2026-03-07 12:30
Alegría,119,2026-03-07 12:30,2026-03-07 12:30
Sorpresa,117,2026-03-07 12:30,2026-03-07 12:30
Tristeza,90,2026-03-07 12:30,2026-03-07 12:30
Ira,77,2026-03-07 12:30,2026-03-07 12:30
Neutral,2406,2026-03-07 12:32,2026-03-07 12:32
Miedo,213,2026-03-07 12:32,2026-03-07 12:32
Alegría,119,2026-03-07 12:32,2026-03-07 12:32
Sorpresa,118,2026-03-07 12:32,2026-03-07 12:32
Tristeza,90,2026-03-07 12:32,2026-03-07 12:32
Ira,77,2026-03-07 12:32,2026-03-07 12:32
Neutral,2433,2026-03-07 13:00,2026-03-07 13:00
Miedo,225,2026-03-07 13:00,2026-03-07 13:00
Alegría,120,2026-03-07 13:00,2026-03-07 13:00
Sorpresa,120,2026-03-07 13:00,2026-03-07 13:00
Tristeza,91,2026-03-07 13:00,2026-03-07 13:00
Ira,80,2026-03-07 13:00,2026-03-07 13:00
Neutral,2481,2026-03-07 13:30,2026-03-07 13:30
Miedo,234,2026-03-07 13:30,2026-03-07 13:30
Sorpresa,122,2026-03-07 13:30,2026-03-07 13:30
Alegría,121,2026-03-07 13:30,2026-03-07 13:30
Tristeza,92,2026-03-07 13:30,2026-03-07 13:30
Ira,81,2026-03-07 13:30,2026-03-07 13:30
Neutral,2517,2026-03-07 14:00,2026-03-07 14:00
Miedo,238,2026-03-07 14:00,2026-03-07 14:00
Sorpresa,123,2026-03-07 14:00,2026-03-07 14:00
Alegría,122,2026-03-07 14:00,2026-03-07 14:00
Tristeza,92,2026-03-07 14:00,2026-03-07 14:00
Ira,84,2026-03-07 14:00,2026-03-07 14:00
Neutral,2559,2026-03-07 14:30,2026-03-07 14:30
Miedo,242,2026-03-07 14:30,2026-03-07 14:30
Sorpresa,127,2026-03-07 14:30,2026-03-07 14:30
Alegría,122,2026-03-07 14:30,2026-03-07 14:30
Tristeza,95,2026-03-07 14:30,2026-03-07 14:30
Ira,86,2026-03-07 14:30,2026-03-07 14:30
Neutral,2603,2026-03-07 15:00,2026-03-07 15:00
Miedo,248,2026-03-07 15:00,2026-03-07 15:00
Sorpresa,129,2026-03-07 15:00,2026-03-07 15:00
Alegría,126,2026-03-07 15:00,2026-03-07 15:00
Tristeza,97,2026-03-07 15:00,2026-03-07 15:00
Ira,88,2026-03-07 15:00,2026-03-07 15:00
Neutral,2623,2026-03-07 15:30,2026-03-07 15:30
Miedo,254,2026-03-07 15:30,2026-03-07 15:30
Sorpresa,131,2026-03-07 15:30,2026-03-07 15:30
Alegría,127,2026-03-07 15:30,2026-03-07 15:30
Tristeza,99,2026-03-07 15:30,2026-03-07 15:30
Ira,88,2026-03-07 15:30,2026-03-07 15:30
Neutral,2659,2026-03-07 16:00,2026-03-07 16:00
Miedo,254,2026-03-07 16:00,2026-03-07 16:00
Sorpresa,132,2026-03-07 16:00,2026-03-07 16:00
Alegría,128,2026-03-07 16:00,2026-03-07 16:00
Tristeza,100,2026-03-07 16:00,2026-03-07 16:00
Ira,88,2026-03-07 16:00,2026-03-07 16:00
Neutral,2686,2026-03-07 16:30,2026-03-07 16:30
Miedo,259,2026-03-07 16:30,2026-03-07 16:30
Sorpresa,134,2026-03-07 16:30,2026-03-07 16:30
Alegría,130,2026-03-07 16:30,2026-03-07 16:30
Tristeza,103,2026-03-07 16:30,2026-03-07 16:30
Ira,89,2026-03-07 16:30,2026-03-07 16:30
Neutral,2710,2026-03-07 17:00,2026-03-07 17:00
Miedo,268,2026-03-07 17:00,2026-03-07 17:00
Sorpresa,134,2026-03-07 17:00,2026-03-07 17:00
Alegría,131,2026-03-07 17:00,2026-03-07 17:00
Tristeza,104,2026-03-07 17:00,2026-03-07 17:00
Ira,90,2026-03-07 17:00,2026-03-07 17:00
Neutral,2733,2026-03-07 17:30,2026-03-07 17:30
Miedo,274,2026-03-07 17:30,2026-03-07 17:30
Sorpresa,135,2026-03-07 17:30,2026-03-07 17:30
Alegría,133,2026-03-07 17:30,2026-03-07 17:30
Tristeza,106,2026-03-07 17:30,2026-03-07 17:30
Ira,92,2026-03-07 17:30,2026-03-07 17:30
Neutral,2765,2026-03-07 18:00,2026-03-07 18:00
Miedo,278,2026-03-07 18:00,2026-03-07 18:00
Sorpresa,137,2026-03-07 18:00,2026-03-07 18:00
Alegría,136,2026-03-07 18:00,2026-03-07 18:00
Tristeza,107,2026-03-07 18:00,2026-03-07 18:00
Ira,93,2026-03-07 18:00,2026-03-07 18:00
Neutral,2805,2026-03-07 18:30,2026-03-07 18:30
Miedo,285,2026-03-07 18:30,2026-03-07 18:30
Sorpresa,138,2026-03-07 18:30,2026-03-07 18:30
Alegría,136,2026-03-07 18:30,2026-03-07 18:30
Tristeza,108,2026-03-07 18:30,2026-03-07 18:30
Ira,96,2026-03-07 18:30,2026-03-07 18:30
Neutral,2850,2026-03-07 19:00,2026-03-07 19:00
Miedo,289,2026-03-07 19:00,2026-03-07 19:00
Sorpresa,142,2026-03-07 19:00,2026-03-07 19:00
Alegría,138,2026-03-07 19:00,2026-03-07 19:00
Tristeza,108,2026-03-07 19:00,2026-03-07 19:00
Ira,97,2026-03-07 19:00,2026-03-07 19:00
Neutral,2891,2026-03-07 19:30,2026-03-07 19:30
Miedo,291,2026-03-07 19:30,2026-03-07 19:30
Sorpresa,144,2026-03-07 19:30,2026-03-07 19:30
Alegría,140,2026-03-07 19:30,2026-03-07 19:30
Tristeza,109,2026-03-07 19:30,2026-03-07 19:30
Ira,97,2026-03-07 19:30,2026-03-07 19:30
Neutral,2933,2026-03-07 20:00,2026-03-07 20:00
Miedo,292,2026-03-07 20:00,2026-03-07 20:00
Sorpresa,146,2026-03-07 20:00,2026-03-07 20:00
Alegría,143,2026-03-07 20:00,2026-03-07 20:00
Tristeza,110,2026-03-07 20:00,2026-03-07 20:00
Ira,98,2026-03-07 20:00,2026-03-07 20:00
Neutral,2980,2026-03-07 20:30,2026-03-07 20:30
Miedo,295,2026-03-07 20:30,2026-03-07 20:30
Sorpresa,148,2026-03-07 20:30,2026-03-07 20:30
Alegría,145,2026-03-07 20:30,2026-03-07 20:30
Tristeza,113,2026-03-07 20:30,2026-03-07 20:30
Ira,98,2026-03-07 20:30,2026-03-07 20:30
Neutral,3029,2026-03-07 21:00,2026-03-07 21:00
Miedo,301,2026-03-07 21:00,2026-03-07 21:00
Alegría,150,2026-03-07 21:00,2026-03-07 21:00
Sorpresa,149,2026-03-07 21:00,2026-03-07 21:00
Tristeza,115,2026-03-07 21:00,2026-03-07 21:00
Ira,98,2026-03-07 21:00,2026-03-07 21:00
Neutral,3072,2026-03-07 21:30,2026-03-07 21:30
Miedo,305,2026-03-07 21:30,2026-03-07 21:30
Alegría,154,2026-03-07 21:30,2026-03-07 21:30
Sorpresa,149,2026-03-07 21:30,2026-03-07 21:30
Tristeza,115,2026-03-07 21:30,2026-03-07 21:30
Ira,99,2026-03-07 21:30,2026-03-07 21:30
Neutral,3099,2026-03-07 22:00,2026-03-07 22:00
Miedo,309,2026-03-07 22:00,2026-03-07 22:00
Alegría,156,2026-03-07 22:00,2026-03-07 22:00
Sorpresa,149,2026-03-07 22:00,2026-03-07 22:00
Tristeza,116,2026-03-07 22:00,2026-03-07 22:00
Ira,99,2026-03-07 22:00,2026-03-07 22:00
Neutral,3123,2026-03-07 22:30,2026-03-07 22:30
Miedo,310,2026-03-07 22:30,2026-03-07 22:30
Alegría,160,2026-03-07 22:30,2026-03-07 22:30
Sorpresa,149,2026-03-07 22:30,2026-03-07 22:30
Tristeza,116,2026-03-07 22:30,2026-03-07 22:30
Ira,99,2026-03-07 22:30,2026-03-07 22:30
Neutral,3145,2026-03-07 23:00,2026-03-07 23:00
Miedo,310,2026-03-07 23:00,2026-03-07 23:00
Alegría,165,2026-03-07 23:00,2026-03-07 23:00
Sorpresa,151,2026-03-07 23:00,2026-03-07 23:00
Tristeza,116,2026-03-07 23:00,2026-03-07 23:00
Ira,99,2026-03-07 23:00,2026-03-07 23:00
Neutral,3168,2026-03-07 23:30,2026-03-07 23:30
Miedo,311,2026-03-07 23:30,2026-03-07 23:30
Alegría,166,2026-03-07 23:30,2026-03-07 23:30
Sorpresa,152,2026-03-07 23:30,2026-03-07 23:30
Tristeza,117,2026-03-07 23:30,2026-03-07 23:30
Ira,100,2026-03-07 23:30,2026-03-07 23:30
Neutral,3187,2026-03-08 00:00,2026-03-08 00:00
Miedo,313,2026-03-08 00:00,2026-03-08 00:00
Alegría,168,2026-03-08 00:00,2026-03-08 00:00
Sorpresa,154,2026-03-08 00:00,2026-03-08 00:00
Tristeza,117,2026-03-08 00:00,2026-03-08 00:00
Ira,101,2026-03-08 00:00,2026-03-08 00:00
Neutral,3250,2026-03-08 00:30,2026-03-08 00:30
Miedo,319,2026-03-08 00:30,2026-03-08 00:30
Alegría,169,2026-03-08 00:30,2026-03-08 00:30
Sorpresa,157,2026-03-08 00:30,2026-03-08 00:30
Tristeza,120,2026-03-08 00:30,2026-03-08 00:30
Ira,101,2026-03-08 00:30,2026-03-08 00:30
Neutral,3270,2026-03-08 01:00,2026-03-08 01:00
Miedo,322,2026-03-08 01:00,2026-03-08 01:00
Alegría,171,2026-03-08 01:00,2026-03-08 01:00
Sorpresa,160,2026-03-08 01:00,2026-03-08 01:00
Tristeza,120,2026-03-08 01:00,2026-03-08 01:00
Ira,101,2026-03-08 01:00,2026-03-08 01:00
Neutral,3297,2026-03-08 01:30,2026-03-08 01:30
Miedo,327,2026-03-08 01:30,2026-03-08 01:30
Alegría,174,2026-03-08 01:30,2026-03-08 01:30
Sorpresa,162,2026-03-08 01:30,2026-03-08 01:30
Tristeza,122,2026-03-08 01:30,2026-03-08 01:30
Ira,102,2026-03-08 01:30,2026-03-08 01:30
Neutral,3304,2026-03-08 02:00,2026-03-08 02:00
Miedo,327,2026-03-08 02:00,2026-03-08 02:00
Alegría,174,2026-03-08 02:00,2026-03-08 02:00
Sorpresa,162,2026-03-08 02:00,2026-03-08 02:00
Tristeza,123,2026-03-08 02:00,2026-03-08 02:00
Ira,102,2026-03-08 02:00,2026-03-08 02:00
Neutral,3312,2026-03-08 02:30,2026-03-08 02:30
Miedo,328,2026-03-08 02:30,2026-03-08 02:30
Alegría,174,2026-03-08 02:30,2026-03-08 02:30
Sorpresa,162,2026-03-08 02:30,2026-03-08 02:30
Tristeza,123,2026-03-08 02:30,2026-03-08 02:30
Ira,102,2026-03-08 02:30,2026-03-08 02:30
Neutral,3317,2026-03-08 03:00,2026-03-08 03:00
Miedo,329,2026-03-08 03:00,2026-03-08 03:00
Alegría,175,2026-03-08 03:00,2026-03-08 03:00
Sorpresa,162,2026-03-08 03:00,2026-03-08 03:00
Tristeza,123,2026-03-08 03:00,2026-03-08 03:00
Ira,102,2026-03-08 03:00,2026-03-08 03:00
Neutral,3320,2026-03-08 03:30,2026-03-08 03:30
Miedo,329,2026-03-08 03:30,2026-03-08 03:30
Alegría,175,2026-03-08 03:30,2026-03-08 03:30
Sorpresa,162,2026-03-08 03:30,2026-03-08 03:30
Tristeza,123,2026-03-08 03:30,2026-03-08 03:30
Ira,102,2026-03-08 03:30,2026-03-08 03:30
Neutral,3338,2026-03-08 04:00,2026-03-08 04:00
Miedo,333,2026-03-08 04:00,2026-03-08 04:00
Alegría,176,2026-03-08 04:00,2026-03-08 04:00
Sorpresa,163,2026-03-08 04:00,2026-03-08 04:00
Tristeza,124,2026-03-08 04:00,2026-03-08 04:00
Ira,105,2026-03-08 04:00,2026-03-08 04:00
Neutral,3345,2026-03-08 04:30,2026-03-08 04:30
Miedo,333,2026-03-08 04:30,2026-03-08 04:30
Alegría,177,2026-03-08 04:30,2026-03-08 04:30
Sorpresa,164,2026-03-08 04:30,2026-03-08 04:30
Tristeza,124,2026-03-08 04:30,2026-03-08 04:30
Ira,105,2026-03-08 04:30,2026-03-08 04:30
Neutral,3361,2026-03-08 05:00,2026-03-08 05:00
Miedo,333,2026-03-08 05:00,2026-03-08 05:00
Alegría,177,2026-03-08 05:00,2026-03-08 05:00
Sorpresa,164,2026-03-08 05:00,2026-03-08 05:00
Tristeza,124,2026-03-08 05:00,2026-03-08 05:00
Ira,106,2026-03-08 05:00,2026-03-08 05:00
Neutral,3457,2026-03-08 05:30,2026-03-08 05:30
Miedo,339,2026-03-08 05:30,2026-03-08 05:30
Alegría,184,2026-03-08 05:30,2026-03-08 05:30
Sorpresa,168,2026-03-08 05:30,2026-03-08 05:30
Tristeza,125,2026-03-08 05:30,2026-03-08 05:30
Ira,108,2026-03-08 05:30,2026-03-08 05:30
Neutral,3490,2026-03-08 06:00,2026-03-08 06:00
Miedo,342,2026-03-08 06:00,2026-03-08 06:00
Alegría,185,2026-03-08 06:00,2026-03-08 06:00
Sorpresa,169,2026-03-08 06:00,2026-03-08 06:00
Tristeza,127,2026-03-08 06:00,2026-03-08 06:00
Ira,109,2026-03-08 06:00,2026-03-08 06:00
Neutral,3612,2026-03-08 06:30,2026-03-08 06:30
Miedo,348,2026-03-08 06:30,2026-03-08 06:30
Alegría,188,2026-03-08 06:30,2026-03-08 06:30
Sorpresa,173,2026-03-08 06:30,2026-03-08 06:30
Tristeza,133,2026-03-08 06:30,2026-03-08 06:30
Ira,115,2026-03-08 06:30,2026-03-08 06:30
Neutral,3649,2026-03-08 07:00,2026-03-08 07:00
Miedo,350,2026-03-08 07:00,2026-03-08 07:00
Alegría,191,2026-03-08 07:00,2026-03-08 07:00
Sorpresa,176,2026-03-08 07:00,2026-03-08 07:00
Tristeza,134,2026-03-08 07:00,2026-03-08 07:00
Ira,116,2026-03-08 07:00,2026-03-08 07:00
Neutral,3709,2026-03-08 07:30,2026-03-08 07:30
Miedo,352,2026-03-08 07:30,2026-03-08 07:30
Alegría,191,2026-03-08 07:30,2026-03-08 07:30
Sorpresa,177,2026-03-08 07:30,2026-03-08 07:30
Tristeza,134,2026-03-08 07:30,2026-03-08 07:30
Ira,118,2026-03-08 07:30,2026-03-08 07:30
Neutral,3757,2026-03-08 08:00,2026-03-08 08:00
Miedo,355,2026-03-08 08:00,2026-03-08 08:00
Alegría,194,2026-03-08 08:00,2026-03-08 08:00
Sorpresa,181,2026-03-08 08:00,2026-03-08 08:00
Tristeza,134,2026-03-08 08:00,2026-03-08 08:00
Ira,118,2026-03-08 08:00,2026-03-08 08:00
Neutral,3813,2026-03-08 08:30,2026-03-08 08:30
Miedo,360,2026-03-08 08:30,2026-03-08 08:30
Alegría,198,2026-03-08 08:30,2026-03-08 08:30
Sorpresa,183,2026-03-08 08:30,2026-03-08 08:30
Tristeza,135,2026-03-08 08:30,2026-03-08 08:30
Ira,119,2026-03-08 08:30,2026-03-08 08:30
Neutral,3850,2026-03-08 09:00,2026-03-08 09:00
Miedo,368,2026-03-08 09:00,2026-03-08 09:00
Alegría,201,2026-03-08 09:00,2026-03-08 09:00
Sorpresa,186,2026-03-08 09:00,2026-03-08 09:00
Tristeza,136,2026-03-08 09:00,2026-03-08 09:00
Ira,119,2026-03-08 09:00,2026-03-08 09:00
Neutral,3889,2026-03-08 09:30,2026-03-08 09:30
Miedo,372,2026-03-08 09:30,2026-03-08 09:30
Alegría,202,2026-03-08 09:30,2026-03-08 09:30
Sorpresa,187,2026-03-08 09:30,2026-03-08 09:30
Tristeza,137,2026-03-08 09:30,2026-03-08 09:30
Ira,119,2026-03-08 09:30,2026-03-08 09:30
Neutral,3919,2026-03-08 10:00,2026-03-08 10:00
Miedo,375,2026-03-08 10:00,2026-03-08 10:00
Alegría,205,2026-03-08 10:00,2026-03-08 10:00
Sorpresa,187,2026-03-08 10:00,2026-03-08 10:00
Tristeza,139,2026-03-08 10:00,2026-03-08 10:00
Ira,121,2026-03-08 10:00,2026-03-08 10:00
Neutral,3960,2026-03-08 10:30,2026-03-08 10:30
Miedo,379,2026-03-08 10:30,2026-03-08 10:30
Alegría,209,2026-03-08 10:30,2026-03-08 10:30
Sorpresa,188,2026-03-08 10:30,2026-03-08 10:30
Tristeza,140,2026-03-08 10:30,2026-03-08 10:30
Ira,122,2026-03-08 10:30,2026-03-08 10:30
Neutral,3993,2026-03-08 11:00,2026-03-08 11:00
Miedo,384,2026-03-08 11:00,2026-03-08 11:00
Alegría,215,2026-03-08 11:00,2026-03-08 11:00
Sorpresa,191,2026-03-08 11:00,2026-03-08 11:00
Tristeza,144,2026-03-08 11:00,2026-03-08 11:00
Ira,123,2026-03-08 11:00,2026-03-08 11:00
Neutral,4024,2026-03-08 11:30,2026-03-08 11:30
Miedo,392,2026-03-08 11:30,2026-03-08 11:30
Alegría,217,2026-03-08 11:30,2026-03-08 11:30
Sorpresa,195,2026-03-08 11:30,2026-03-08 11:30
Tristeza,145,2026-03-08 11:30,2026-03-08 11:30
Ira,124,2026-03-08 11:30,2026-03-08 11:30
Neutral,4055,2026-03-08 12:00,2026-03-08 12:00
Miedo,394,2026-03-08 12:00,2026-03-08 12:00
Alegría,220,2026-03-08 12:00,2026-03-08 12:00
Sorpresa,201,2026-03-08 12:00,2026-03-08 12:00
Tristeza,146,2026-03-08 12:00,2026-03-08 12:00
Ira,125,2026-03-08 12:00,2026-03-08 12:00
Neutral,4083,2026-03-08 12:30,2026-03-08 12:30
Miedo,402,2026-03-08 12:30,2026-03-08 12:30
Alegría,221,2026-03-08 12:30,2026-03-08 12:30
Sorpresa,204,2026-03-08 12:30,2026-03-08 12:30
Tristeza,147,2026-03-08 12:30,2026-03-08 12:30
Ira,130,2026-03-08 12:30,2026-03-08 12:30
Neutral,4109,2026-03-08 13:00,2026-03-08 13:00
Miedo,406,2026-03-08 13:00,2026-03-08 13:00
Alegría,225,2026-03-08 13:00,2026-03-08 13:00
Sorpresa,209,2026-03-08 13:00,2026-03-08 13:00
Tristeza,148,2026-03-08 13:00,2026-03-08 13:00
Ira,130,2026-03-08 13:00,2026-03-08 13:00
Neutral,4151,2026-03-08 13:30,2026-03-08 13:30
Miedo,408,2026-03-08 13:30,2026-03-08 13:30
Alegría,227,2026-03-08 13:30,2026-03-08 13:30
Sorpresa,211,2026-03-08 13:30,2026-03-08 13:30
Tristeza,148,2026-03-08 13:30,2026-03-08 13:30
Ira,130,2026-03-08 13:30,2026-03-08 13:30
Neutral,4198,2026-03-08 14:00,2026-03-08 14:00
Miedo,415,2026-03-08 14:00,2026-03-08 14:00
Alegría,229,2026-03-08 14:00,2026-03-08 14:00
Sorpresa,214,2026-03-08 14:00,2026-03-08 14:00
Tristeza,148,2026-03-08 14:00,2026-03-08 14:00
Ira,133,2026-03-08 14:00,2026-03-08 14:00
Neutral,4250,2026-03-08 14:30,2026-03-08 14:30
Miedo,427,2026-03-08 14:30,2026-03-08 14:30
Alegría,232,2026-03-08 14:30,2026-03-08 14:30
Sorpresa,218,2026-03-08 14:30,2026-03-08 14:30
Tristeza,152,2026-03-08 14:30,2026-03-08 14:30
Ira,136,2026-03-08 14:30,2026-03-08 14:30
Neutral,4294,2026-03-08 15:00,2026-03-08 15:00
Miedo,429,2026-03-08 15:00,2026-03-08 15:00
Alegría,235,2026-03-08 15:00,2026-03-08 15:00
Sorpresa,218,2026-03-08 15:00,2026-03-08 15:00
Tristeza,155,2026-03-08 15:00,2026-03-08 15:00
Ira,137,2026-03-08 15:00,2026-03-08 15:00
Neutral,4320,2026-03-08 15:30,2026-03-08 15:30
Miedo,433,2026-03-08 15:30,2026-03-08 15:30
Alegría,239,2026-03-08 15:30,2026-03-08 15:30
Sorpresa,218,2026-03-08 15:30,2026-03-08 15:30
Tristeza,155,2026-03-08 15:30,2026-03-08 15:30
Ira,137,2026-03-08 15:30,2026-03-08 15:30
Neutral,4350,2026-03-08 16:01,2026-03-08 16:01
Miedo,438,2026-03-08 16:01,2026-03-08 16:01
Alegría,241,2026-03-08 16:01,2026-03-08 16:01
Sorpresa,218,2026-03-08 16:01,2026-03-08 16:01
Tristeza,156,2026-03-08 16:01,2026-03-08 16:01
Ira,137,2026-03-08 16:01,2026-03-08 16:01
Neutral,4388,2026-03-08 16:30,2026-03-08 16:30
Miedo,439,2026-03-08 16:30,2026-03-08 16:30
Alegría,241,2026-03-08 16:30,2026-03-08 16:30
Sorpresa,220,2026-03-08 16:30,2026-03-08 16:30
Tristeza,156,2026-03-08 16:30,2026-03-08 16:30
Ira,137,2026-03-08 16:30,2026-03-08 16:30
Neutral,4416,2026-03-08 17:00,2026-03-08 17:00
Miedo,444,2026-03-08 17:00,2026-03-08 17:00
Alegría,246,2026-03-08 17:00,2026-03-08 17:00
Sorpresa,220,2026-03-08 17:00,2026-03-08 17:00
Tristeza,159,2026-03-08 17:00,2026-03-08 17:00
Ira,138,2026-03-08 17:00,2026-03-08 17:00
Neutral,4452,2026-03-08 17:30,2026-03-08 17:30
Miedo,451,2026-03-08 17:30,2026-03-08 17:30
Alegría,249,2026-03-08 17:30,2026-03-08 17:30
Sorpresa,221,2026-03-08 17:30,2026-03-08 17:30
Tristeza,161,2026-03-08 17:30,2026-03-08 17:30
Ira,140,2026-03-08 17:30,2026-03-08 17:30
Neutral,4490,2026-03-08 18:00,2026-03-08 18:00
Miedo,456,2026-03-08 18:00,2026-03-08 18:00
Alegría,253,2026-03-08 18:00,2026-03-08 18:00
Sorpresa,224,2026-03-08 18:00,2026-03-08 18:00
Tristeza,162,2026-03-08 18:00,2026-03-08 18:00
Ira,142,2026-03-08 18:00,2026-03-08 18:00
Neutral,4536,2026-03-08 18:30,2026-03-08 18:30
Miedo,458,2026-03-08 18:30,2026-03-08 18:30
Alegría,255,2026-03-08 18:30,2026-03-08 18:30
Sorpresa,229,2026-03-08 18:30,2026-03-08 18:30
Tristeza,164,2026-03-08 18:30,2026-03-08 18:30
Ira,143,2026-03-08 18:30,2026-03-08 18:30
Neutral,4565,2026-03-08 19:00,2026-03-08 19:00
Miedo,462,2026-03-08 19:00,2026-03-08 19:00
Alegría,258,2026-03-08 19:00,2026-03-08 19:00
Sorpresa,230,2026-03-08 19:00,2026-03-08 19:00
Tristeza,164,2026-03-08 19:00,2026-03-08 19:00
Ira,143,2026-03-08 19:00,2026-03-08 19:00
Neutral,4608,2026-03-08 19:30,2026-03-08 19:30
Miedo,466,2026-03-08 19:30,2026-03-08 19:30
Alegría,261,2026-03-08 19:30,2026-03-08 19:30
Sorpresa,232,2026-03-08 19:30,2026-03-08 19:30
Tristeza,166,2026-03-08 19:30,2026-03-08 19:30
Ira,143,2026-03-08 19:30,2026-03-08 19:30
Neutral,4643,2026-03-08 20:00,2026-03-08 20:00
Miedo,471,2026-03-08 20:00,2026-03-08 20:00
Alegría,264,2026-03-08 20:00,2026-03-08 20:00
Sorpresa,238,2026-03-08 20:00,2026-03-08 20:00
Tristeza,167,2026-03-08 20:00,2026-03-08 20:00
Ira,144,2026-03-08 20:00,2026-03-08 20:00
Neutral,4675,2026-03-08 20:30,2026-03-08 20:30
Miedo,475,2026-03-08 20:30,2026-03-08 20:30
Alegría,266,2026-03-08 20:30,2026-03-08 20:30
Sorpresa,239,2026-03-08 20:30,2026-03-08 20:30
Tristeza,168,2026-03-08 20:30,2026-03-08 20:30
Ira,146,2026-03-08 20:30,2026-03-08 20:30
Neutral,4697,2026-03-08 21:00,2026-03-08 21:00
Miedo,478,2026-03-08 21:00,2026-03-08 21:00
Alegría,268,2026-03-08 21:00,2026-03-08 21:00
Sorpresa,241,2026-03-08 21:00,2026-03-08 21:00
Tristeza,169,2026-03-08 21:00,2026-03-08 21:00
Ira,147,2026-03-08 21:00,2026-03-08 21:00
Neutral,4724,2026-03-08 21:30,2026-03-08 21:30
Miedo,481,2026-03-08 21:30,2026-03-08 21:30
Alegría,272,2026-03-08 21:30,2026-03-08 21:30
Sorpresa,241,2026-03-08 21:30,2026-03-08 21:30
Tristeza,173,2026-03-08 21:30,2026-03-08 21:30
Ira,148,2026-03-08 21:30,2026-03-08 21:30
Neutral,4750,2026-03-08 22:00,2026-03-08 22:00
Miedo,481,2026-03-08 22:00,2026-03-08 22:00
Alegría,272,2026-03-08 22:00,2026-03-08 22:00
Sorpresa,241,2026-03-08 22:00,2026-03-08 22:00
Tristeza,174,2026-03-08 22:00,2026-03-08 22:00
Ira,148,2026-03-08 22:00,2026-03-08 22:00
Neutral,4774,2026-03-08 22:30,2026-03-08 22:30
Miedo,484,2026-03-08 22:30,2026-03-08 22:30
Alegría,273,2026-03-08 22:30,2026-03-08 22:30
Sorpresa,243,2026-03-08 22:30,2026-03-08 22:30
Tristeza,174,2026-03-08 22:30,2026-03-08 22:30
Ira,151,2026-03-08 22:30,2026-03-08 22:30
Neutral,4790,2026-03-08 23:00,2026-03-08 23:00
Miedo,488,2026-03-08 23:00,2026-03-08 23:00
Alegría,275,2026-03-08 23:00,2026-03-08 23:00
Sorpresa,250,2026-03-08 23:00,2026-03-08 23:00
Tristeza,176,2026-03-08 23:00,2026-03-08 23:00
Ira,151,2026-03-08 23:00,2026-03-08 23:00
Neutral,4808,2026-03-08 23:30,2026-03-08 23:30
Miedo,493,2026-03-08 23:30,2026-03-08 23:30
Alegría,275,2026-03-08 23:30,2026-03-08 23:30
Sorpresa,253,2026-03-08 23:30,2026-03-08 23:30
Tristeza,177,2026-03-08 23:30,2026-03-08 23:30
Ira,152,2026-03-08 23:30,2026-03-08 23:30
Neutral,4824,2026-03-09 00:00,2026-03-09 00:00
Miedo,495,2026-03-09 00:00,2026-03-09 00:00
Alegría,278,2026-03-09 00:00,2026-03-09 00:00
Sorpresa,259,2026-03-09 00:00,2026-03-09 00:00
Tristeza,177,2026-03-09 00:00,2026-03-09 00:00
Ira,152,2026-03-09 00:00,2026-03-09 00:00
Neutral,4877,2026-03-09 00:30,2026-03-09 00:30
Miedo,499,2026-03-09 00:30,2026-03-09 00:30
Alegría,279,2026-03-09 00:30,2026-03-09 00:30
Sorpresa,262,2026-03-09 00:30,2026-03-09 00:30
Tristeza,180,2026-03-09 00:30,2026-03-09 00:30
Ira,152,2026-03-09 00:30,2026-03-09 00:30
Neutral,4925,2026-03-09 01:00,2026-03-09 01:00
Miedo,503,2026-03-09 01:00,2026-03-09 01:00
Alegría,283,2026-03-09 01:00,2026-03-09 01:00
Sorpresa,265,2026-03-09 01:00,2026-03-09 01:00
Tristeza,180,2026-03-09 01:00,2026-03-09 01:00
Ira,152,2026-03-09 01:00,2026-03-09 01:00
Neutral,4937,2026-03-09 01:30,2026-03-09 01:30
Miedo,504,2026-03-09 01:30,2026-03-09 01:30
Alegría,284,2026-03-09 01:30,2026-03-09 01:30
Sorpresa,265,2026-03-09 01:30,2026-03-09 01:30
Tristeza,180,2026-03-09 01:30,2026-03-09 01:30
Ira,154,2026-03-09 01:30,2026-03-09 01:30
Neutral,4941,2026-03-09 02:00,2026-03-09 02:00
Miedo,505,2026-03-09 02:00,2026-03-09 02:00
Alegría,286,2026-03-09 02:00,2026-03-09 02:00
Sorpresa,266,2026-03-09 02:00,2026-03-09 02:00
Tristeza,180,2026-03-09 02:00,2026-03-09 02:00
Ira,155,2026-03-09 02:00,2026-03-09 02:00
Neutral,4945,2026-03-09 02:30,2026-03-09 02:30
Miedo,505,2026-03-09 02:30,2026-03-09 02:30
Alegría,286,2026-03-09 02:30,2026-03-09 02:30
Sorpresa,266,2026-03-09 02:30,2026-03-09 02:30
Tristeza,180,2026-03-09 02:30,2026-03-09 02:30
Ira,155,2026-03-09 02:30,2026-03-09 02:30
Neutral,4949,2026-03-09 03:00,2026-03-09 03:00
Miedo,505,2026-03-09 03:00,2026-03-09 03:00
Alegría,287,2026-03-09 03:00,2026-03-09 03:00
Sorpresa,266,2026-03-09 03:00,2026-03-09 03:00
Tristeza,180,2026-03-09 03:00,2026-03-09 03:00
Ira,155,2026-03-09 03:00,2026-03-09 03:00
Neutral,4962,2026-03-09 03:30,2026-03-09 03:30
Miedo,505,2026-03-09 03:30,2026-03-09 03:30
Alegría,287,2026-03-09 03:30,2026-03-09 03:30
Sorpresa,268,2026-03-09 03:30,2026-03-09 03:30
Tristeza,181,2026-03-09 03:30,2026-03-09 03:30
Ira,155,2026-03-09 03:30,2026-03-09 03:30
Neutral,4985,2026-03-09 04:00,2026-03-09 04:00
Miedo,506,2026-03-09 04:00,2026-03-09 04:00
Alegría,287,2026-03-09 04:00,2026-03-09 04:00
Sorpresa,269,2026-03-09 04:00,2026-03-09 04:00
Tristeza,182,2026-03-09 04:00,2026-03-09 04:00
Ira,155,2026-03-09 04:00,2026-03-09 04:00
Neutral,5000,2026-03-09 04:30,2026-03-09 04:30
Miedo,506,2026-03-09 04:30,2026-03-09 04:30
Alegría,287,2026-03-09 04:30,2026-03-09 04:30
Sorpresa,273,2026-03-09 04:30,2026-03-09 04:30
Tristeza,182,2026-03-09 04:30,2026-03-09 04:30
Ira,155,2026-03-09 04:30,2026-03-09 04:30
Neutral,5009,2026-03-09 05:00,2026-03-09 05:00
Miedo,508,2026-03-09 05:00,2026-03-09 05:00
Alegría,287,2026-03-09 05:00,2026-03-09 05:00
Sorpresa,274,2026-03-09 05:00,2026-03-09 05:00
Tristeza,182,2026-03-09 05:00,2026-03-09 05:00
Ira,155,2026-03-09 05:00,2026-03-09 05:00
Neutral,5070,2026-03-09 05:30,2026-03-09 05:30
Miedo,514,2026-03-09 05:30,2026-03-09 05:30
Alegría,289,2026-03-09 05:30,2026-03-09 05:30
Sorpresa,281,2026-03-09 05:30,2026-03-09 05:30
Tristeza,184,2026-03-09 05:30,2026-03-09 05:30
Ira,156,2026-03-09 05:30,2026-03-09 05:30
Neutral,5100,2026-03-09 06:00,2026-03-09 06:00
Miedo,516,2026-03-09 06:00,2026-03-09 06:00
Alegría,290,2026-03-09 06:00,2026-03-09 06:00
Sorpresa,283,2026-03-09 06:00,2026-03-09 06:00
Tristeza,184,2026-03-09 06:00,2026-03-09 06:00
Ira,159,2026-03-09 06:00,2026-03-09 06:00
Neutral,5225,2026-03-09 06:30,2026-03-09 06:30
Miedo,524,2026-03-09 06:30,2026-03-09 06:30
Alegría,294,2026-03-09 06:30,2026-03-09 06:30
Sorpresa,288,2026-03-09 06:30,2026-03-09 06:30
Tristeza,188,2026-03-09 06:30,2026-03-09 06:30
Ira,162,2026-03-09 06:30,2026-03-09 06:30
Neutral,5279,2026-03-09 07:00,2026-03-09 07:00
Miedo,527,2026-03-09 07:00,2026-03-09 07:00
Alegría,294,2026-03-09 07:00,2026-03-09 07:00
Sorpresa,291,2026-03-09 07:00,2026-03-09 07:00
Tristeza,188,2026-03-09 07:00,2026-03-09 07:00
Ira,162,2026-03-09 07:00,2026-03-09 07:00
Neutral,5327,2026-03-09 07:30,2026-03-09 07:30
Miedo,533,2026-03-09 07:30,2026-03-09 07:30
Alegría,298,2026-03-09 07:30,2026-03-09 07:30
Sorpresa,297,2026-03-09 07:30,2026-03-09 07:30
Tristeza,189,2026-03-09 07:30,2026-03-09 07:30
Ira,164,2026-03-09 07:30,2026-03-09 07:30
Neutral,5430,2026-03-09 08:00,2026-03-09 08:00
Miedo,538,2026-03-09 08:00,2026-03-09 08:00
Alegría,306,2026-03-09 08:00,2026-03-09 08:00
Sorpresa,301,2026-03-09 08:00,2026-03-09 08:00
Tristeza,194,2026-03-09 08:00,2026-03-09 08:00
Ira,167,2026-03-09 08:00,2026-03-09 08:00
Neutral,5477,2026-03-09 08:30,2026-03-09 08:30
Miedo,543,2026-03-09 08:30,2026-03-09 08:30
Alegría,308,2026-03-09 08:30,2026-03-09 08:30
Sorpresa,303,2026-03-09 08:30,2026-03-09 08:30
Tristeza,195,2026-03-09 08:30,2026-03-09 08:30
Ira,167,2026-03-09 08:30,2026-03-09 08:30
Neutral,5521,2026-03-09 09:00,2026-03-09 09:00
Miedo,547,2026-03-09 09:00,2026-03-09 09:00
Alegría,312,2026-03-09 09:00,2026-03-09 09:00
Sorpresa,308,2026-03-09 09:00,2026-03-09 09:00
Tristeza,195,2026-03-09 09:00,2026-03-09 09:00
Ira,167,2026-03-09 09:00,2026-03-09 09:00
Neutral,5593,2026-03-09 09:30,2026-03-09 09:30
Miedo,550,2026-03-09 09:30,2026-03-09 09:30
Alegría,313,2026-03-09 09:30,2026-03-09 09:30
Sorpresa,313,2026-03-09 09:30,2026-03-09 09:30
Tristeza,197,2026-03-09 09:30,2026-03-09 09:30
Ira,167,2026-03-09 09:30,2026-03-09 09:30
Neutral,5471,2026-03-09 10:00,2026-03-09 10:00
Miedo,550,2026-03-09 10:00,2026-03-09 10:00
Sorpresa,311,2026-03-09 10:00,2026-03-09 10:00
Alegría,310,2026-03-09 10:00,2026-03-09 10:00
Tristeza,194,2026-03-09 10:00,2026-03-09 10:00
Ira,160,2026-03-09 10:00,2026-03-09 10:00
Neutral,5496,2026-03-09 10:06,2026-03-09 10:06
Miedo,551,2026-03-09 10:06,2026-03-09 10:06
Sorpresa,314,2026-03-09 10:06,2026-03-09 10:06
Alegría,311,2026-03-09 10:06,2026-03-09 10:06
Tristeza,194,2026-03-09 10:06,2026-03-09 10:06
Ira,161,2026-03-09 10:06,2026-03-09 10:06
Neutral,5536,2026-03-09 10:30,2026-03-09 10:30
Miedo,555,2026-03-09 10:30,2026-03-09 10:30
Sorpresa,317,2026-03-09 10:30,2026-03-09 10:30
Alegría,312,2026-03-09 10:30,2026-03-09 10:30
Tristeza,195,2026-03-09 10:30,2026-03-09 10:30
Ira,164,2026-03-09 10:30,2026-03-09 10:30
Neutral,5621,2026-03-09 11:00,2026-03-09 11:00
Miedo,559,2026-03-09 11:00,2026-03-09 11:00
Sorpresa,322,2026-03-09 11:00,2026-03-09 11:00
Alegría,315,2026-03-09 11:00,2026-03-09 11:00
Tristeza,195,2026-03-09 11:00,2026-03-09 11:00
Ira,165,2026-03-09 11:00,2026-03-09 11:00
Neutral,5692,2026-03-09 11:30,2026-03-09 11:30
Miedo,566,2026-03-09 11:30,2026-03-09 11:30
Sorpresa,327,2026-03-09 11:30,2026-03-09 11:30
Alegría,319,2026-03-09 11:30,2026-03-09 11:30
Tristeza,196,2026-03-09 11:30,2026-03-09 11:30
Ira,171,2026-03-09 11:30,2026-03-09 11:30
Neutral,5766,2026-03-09 12:00,2026-03-09 12:00
Miedo,571,2026-03-09 12:00,2026-03-09 12:00
Sorpresa,330,2026-03-09 12:00,2026-03-09 12:00
Alegría,329,2026-03-09 12:00,2026-03-09 12:00
Tristeza,199,2026-03-09 12:00,2026-03-09 12:00
Ira,180,2026-03-09 12:00,2026-03-09 12:00
Neutral,5847,2026-03-09 12:30,2026-03-09 12:30
Miedo,581,2026-03-09 12:30,2026-03-09 12:30
Sorpresa,336,2026-03-09 12:30,2026-03-09 12:30
Alegría,334,2026-03-09 12:30,2026-03-09 12:30
Tristeza,205,2026-03-09 12:30,2026-03-09 12:30
Ira,186,2026-03-09 12:30,2026-03-09 12:30
Neutral,5932,2026-03-09 13:00,2026-03-09 13:00
Miedo,588,2026-03-09 13:00,2026-03-09 13:00
Sorpresa,347,2026-03-09 13:00,2026-03-09 13:00
Alegría,338,2026-03-09 13:00,2026-03-09 13:00
Tristeza,206,2026-03-09 13:00,2026-03-09 13:00
Ira,193,2026-03-09 13:00,2026-03-09 13:00
Neutral,6025,2026-03-09 13:31,2026-03-09 13:31
Miedo,600,2026-03-09 13:31,2026-03-09 13:31
Sorpresa,355,2026-03-09 13:31,2026-03-09 13:31
Alegría,343,2026-03-09 13:31,2026-03-09 13:31
Tristeza,208,2026-03-09 13:31,2026-03-09 13:31
Ira,197,2026-03-09 13:31,2026-03-09 13:31
Neutral,6107,2026-03-09 14:00,2026-03-09 14:00
Miedo,607,2026-03-09 14:00,2026-03-09 14:00
Sorpresa,361,2026-03-09 14:00,2026-03-09 14:00
Alegría,345,2026-03-09 14:00,2026-03-09 14:00
Tristeza,214,2026-03-09 14:00,2026-03-09 14:00
Ira,201,2026-03-09 14:00,2026-03-09 14:00
Neutral,6194,2026-03-09 14:30,2026-03-09 14:30
Miedo,611,2026-03-09 14:30,2026-03-09 14:30
Sorpresa,366,2026-03-09 14:30,2026-03-09 14:30
Alegría,354,2026-03-09 14:30,2026-03-09 14:30
Tristeza,216,2026-03-09 14:30,2026-03-09 14:30
Ira,201,2026-03-09 14:30,2026-03-09 14:30
Neutral,6246,2026-03-09 15:00,2026-03-09 15:00
Miedo,614,2026-03-09 15:00,2026-03-09 15:00
Sorpresa,368,2026-03-09 15:00,2026-03-09 15:00
Alegría,357,2026-03-09 15:00,2026-03-09 15:00
Tristeza,219,2026-03-09 15:00,2026-03-09 15:00
Ira,203,2026-03-09 15:00,2026-03-09 15:00
Neutral,6315,2026-03-09 15:30,2026-03-09 15:30
Miedo,618,2026-03-09 15:30,2026-03-09 15:30
Sorpresa,371,2026-03-09 15:30,2026-03-09 15:30
Alegría,358,2026-03-09 15:30,2026-03-09 15:30
Tristeza,222,2026-03-09 15:30,2026-03-09 15:30
Ira,205,2026-03-09 15:30,2026-03-09 15:30
Neutral,6390,2026-03-09 16:00,2026-03-09 16:00
Miedo,629,2026-03-09 16:00,2026-03-09 16:00
Sorpresa,375,2026-03-09 16:00,2026-03-09 16:00
Alegría,362,2026-03-09 16:00,2026-03-09 16:00
Tristeza,227,2026-03-09 16:00,2026-03-09 16:00
Ira,207,2026-03-09 16:00,2026-03-09 16:00
Neutral,6471,2026-03-09 16:30,2026-03-09 16:30
Miedo,632,2026-03-09 16:30,2026-03-09 16:30
Sorpresa,380,2026-03-09 16:30,2026-03-09 16:30
Alegría,366,2026-03-09 16:30,2026-03-09 16:30
Tristeza,230,2026-03-09 16:30,2026-03-09 16:30
Ira,209,2026-03-09 16:30,2026-03-09 16:30
Neutral,6553,2026-03-09 17:00,2026-03-09 17:00
Miedo,639,2026-03-09 17:00,2026-03-09 17:00
Sorpresa,384,2026-03-09 17:00,2026-03-09 17:00
Alegría,372,2026-03-09 17:00,2026-03-09 17:00
Tristeza,232,2026-03-09 17:00,2026-03-09 17:00
Ira,212,2026-03-09 17:00,2026-03-09 17:00
Neutral,6642,2026-03-09 17:30,2026-03-09 17:30
Miedo,642,2026-03-09 17:30,2026-03-09 17:30
Sorpresa,392,2026-03-09 17:30,2026-03-09 17:30
Alegría,379,2026-03-09 17:30,2026-03-09 17:30
Tristeza,235,2026-03-09 17:30,2026-03-09 17:30
Ira,212,2026-03-09 17:30,2026-03-09 17:30
Neutral,6716,2026-03-09 18:00,2026-03-09 18:00
Miedo,649,2026-03-09 18:00,2026-03-09 18:00
Sorpresa,396,2026-03-09 18:00,2026-03-09 18:00
Alegría,386,2026-03-09 18:00,2026-03-09 18:00
Tristeza,237,2026-03-09 18:00,2026-03-09 18:00
Ira,214,2026-03-09 18:00,2026-03-09 18:00
Neutral,6779,2026-03-09 18:30,2026-03-09 18:30
Miedo,653,2026-03-09 18:30,2026-03-09 18:30
Sorpresa,402,2026-03-09 18:30,2026-03-09 18:30
Alegría,394,2026-03-09 18:30,2026-03-09 18:30
Tristeza,238,2026-03-09 18:30,2026-03-09 18:30
Ira,215,2026-03-09 18:30,2026-03-09 18:30
Neutral,6836,2026-03-09 19:00,2026-03-09 19:00
Miedo,657,2026-03-09 19:00,2026-03-09 19:00
Sorpresa,408,2026-03-09 19:00,2026-03-09 19:00
Alegría,399,2026-03-09 19:00,2026-03-09 19:00
Tristeza,244,2026-03-09 19:00,2026-03-09 19:00
Ira,220,2026-03-09 19:00,2026-03-09 19:00
Neutral,6921,2026-03-09 19:30,2026-03-09 19:30
Miedo,663,2026-03-09 19:30,2026-03-09 19:30
Sorpresa,419,2026-03-09 19:30,2026-03-09 19:30
Alegría,404,2026-03-09 19:30,2026-03-09 19:30
Tristeza,247,2026-03-09 19:30,2026-03-09 19:30
Ira,225,2026-03-09 19:30,2026-03-09 19:30
Neutral,6974,2026-03-09 20:00,2026-03-09 20:00
Miedo,667,2026-03-09 20:00,2026-03-09 20:00
Sorpresa,421,2026-03-09 20:00,2026-03-09 20:00
Alegría,409,2026-03-09 20:00,2026-03-09 20:00
Tristeza,248,2026-03-09 20:00,2026-03-09 20:00
Ira,225,2026-03-09 20:00,2026-03-09 20:00
Neutral,7013,2026-03-09 20:30,2026-03-09 20:30
Miedo,674,2026-03-09 20:30,2026-03-09 20:30
Sorpresa,424,2026-03-09 20:30,2026-03-09 20:30
Alegría,412,2026-03-09 20:30,2026-03-09 20:30
Tristeza,251,2026-03-09 20:30,2026-03-09 20:30
Ira,231,2026-03-09 20:30,2026-03-09 20:30
Neutral,7054,2026-03-09 21:01,2026-03-09 21:01
Miedo,679,2026-03-09 21:01,2026-03-09 21:01
Sorpresa,427,2026-03-09 21:01,2026-03-09 21:01
Alegría,414,2026-03-09 21:01,2026-03-09 21:01
Tristeza,251,2026-03-09 21:01,2026-03-09 21:01
Ira,232,2026-03-09 21:01,2026-03-09 21:01
Neutral,7109,2026-03-09 21:30,2026-03-09 21:30
Miedo,683,2026-03-09 21:30,2026-03-09 21:30
Sorpresa,427,2026-03-09 21:30,2026-03-09 21:30
Alegría,414,2026-03-09 21:30,2026-03-09 21:30
Tristeza,253,2026-03-09 21:30,2026-03-09 21:30
Ira,235,2026-03-09 21:30,2026-03-09 21:30
Neutral,7142,2026-03-09 22:01,2026-03-09 22:01
Miedo,685,2026-03-09 22:01,2026-03-09 22:01
Sorpresa,428,2026-03-09 22:01,2026-03-09 22:01
Alegría,416,2026-03-09 22:01,2026-03-09 22:01
Tristeza,254,2026-03-09 22:01,2026-03-09 22:01
Ira,236,2026-03-09 22:01,2026-03-09 22:01
Neutral,7170,2026-03-09 22:30,2026-03-09 22:30
Miedo,688,2026-03-09 22:30,2026-03-09 22:30
Sorpresa,431,2026-03-09 22:30,2026-03-09 22:30
Alegría,417,2026-03-09 22:30,2026-03-09 22:30
Tristeza,254,2026-03-09 22:30,2026-03-09 22:30
Ira,237,2026-03-09 22:30,2026-03-09 22:30
Neutral,7191,2026-03-09 23:00,2026-03-09 23:00
Miedo,693,2026-03-09 23:00,2026-03-09 23:00
Sorpresa,432,2026-03-09 23:00,2026-03-09 23:00
Alegría,419,2026-03-09 23:00,2026-03-09 23:00
Tristeza,257,2026-03-09 23:00,2026-03-09 23:00
Ira,237,2026-03-09 23:00,2026-03-09 23:00
Neutral,7207,2026-03-09 23:30,2026-03-09 23:30
Miedo,696,2026-03-09 23:30,2026-03-09 23:30
Sorpresa,434,2026-03-09 23:30,2026-03-09 23:30
Alegría,419,2026-03-09 23:30,2026-03-09 23:30
Tristeza,258,2026-03-09 23:30,2026-03-09 23:30
Ira,237,2026-03-09 23:30,2026-03-09 23:30
Neutral,7235,2026-03-10 00:00,2026-03-10 00:00
Miedo,699,2026-03-10 00:00,2026-03-10 00:00
Sorpresa,436,2026-03-10 00:00,2026-03-10 00:00
Alegría,420,2026-03-10 00:00,2026-03-10 00:00
Tristeza,261,2026-03-10 00:00,2026-03-10 00:00
Ira,239,2026-03-10 00:00,2026-03-10 00:00
Neutral,7296,2026-03-10 00:30,2026-03-10 00:30
Miedo,702,2026-03-10 00:30,2026-03-10 00:30
Sorpresa,439,2026-03-10 00:30,2026-03-10 00:30
Alegría,420,2026-03-10 00:30,2026-03-10 00:30
Tristeza,263,2026-03-10 00:30,2026-03-10 00:30
Ira,239,2026-03-10 00:30,2026-03-10 00:30
Neutral,7348,2026-03-10 01:00,2026-03-10 01:00
Miedo,703,2026-03-10 01:00,2026-03-10 01:00
Sorpresa,443,2026-03-10 01:00,2026-03-10 01:00
Alegría,423,2026-03-10 01:00,2026-03-10 01:00
Tristeza,265,2026-03-10 01:00,2026-03-10 01:00
Ira,239,2026-03-10 01:00,2026-03-10 01:00
Neutral,7362,2026-03-10 01:30,2026-03-10 01:30
Miedo,703,2026-03-10 01:30,2026-03-10 01:30
Sorpresa,443,2026-03-10 01:30,2026-03-10 01:30
Alegría,423,2026-03-10 01:30,2026-03-10 01:30
Tristeza,265,2026-03-10 01:30,2026-03-10 01:30
Ira,239,2026-03-10 01:30,2026-03-10 01:30
Neutral,7372,2026-03-10 02:00,2026-03-10 02:00
Miedo,704,2026-03-10 02:00,2026-03-10 02:00
Sorpresa,444,2026-03-10 02:00,2026-03-10 02:00
Alegría,423,2026-03-10 02:00,2026-03-10 02:00
Tristeza,266,2026-03-10 02:00,2026-03-10 02:00
Ira,239,2026-03-10 02:00,2026-03-10 02:00
Neutral,7391,2026-03-10 02:30,2026-03-10 02:30
Miedo,704,2026-03-10 02:30,2026-03-10 02:30
Sorpresa,445,2026-03-10 02:30,2026-03-10 02:30
Alegría,424,2026-03-10 02:30,2026-03-10 02:30
Tristeza,266,2026-03-10 02:30,2026-03-10 02:30
Ira,239,2026-03-10 02:30,2026-03-10 02:30
Neutral,7409,2026-03-10 03:00,2026-03-10 03:00
Miedo,705,2026-03-10 03:00,2026-03-10 03:00
Sorpresa,446,2026-03-10 03:00,2026-03-10 03:00
Alegría,427,2026-03-10 03:00,2026-03-10 03:00
Tristeza,266,2026-03-10 03:00,2026-03-10 03:00
Ira,239,2026-03-10 03:00,2026-03-10 03:00
Neutral,7419,2026-03-10 03:30,2026-03-10 03:30
Miedo,705,2026-03-10 03:30,2026-03-10 03:30
Sorpresa,447,2026-03-10 03:30,2026-03-10 03:30
Alegría,428,2026-03-10 03:30,2026-03-10 03:30
Tristeza,266,2026-03-10 03:30,2026-03-10 03:30
Ira,239,2026-03-10 03:30,2026-03-10 03:30
Neutral,7443,2026-03-10 04:00,2026-03-10 04:00
Miedo,707,2026-03-10 04:00,2026-03-10 04:00
Sorpresa,450,2026-03-10 04:00,2026-03-10 04:00
Alegría,433,2026-03-10 04:00,2026-03-10 04:00
Tristeza,268,2026-03-10 04:00,2026-03-10 04:00
Ira,239,2026-03-10 04:00,2026-03-10 04:00
Neutral,7454,2026-03-10 04:30,2026-03-10 04:30
Miedo,708,2026-03-10 04:30,2026-03-10 04:30
Sorpresa,451,2026-03-10 04:30,2026-03-10 04:30
Alegría,433,2026-03-10 04:30,2026-03-10 04:30
Tristeza,269,2026-03-10 04:30,2026-03-10 04:30
Ira,239,2026-03-10 04:30,2026-03-10 04:30
Neutral,7462,2026-03-10 05:00,2026-03-10 05:00
Miedo,709,2026-03-10 05:00,2026-03-10 05:00
Sorpresa,451,2026-03-10 05:00,2026-03-10 05:00
Alegría,433,2026-03-10 05:00,2026-03-10 05:00
Tristeza,269,2026-03-10 05:00,2026-03-10 05:00
Ira,239,2026-03-10 05:00,2026-03-10 05:00
Neutral,7520,2026-03-10 05:30,2026-03-10 05:30
Miedo,712,2026-03-10 05:30,2026-03-10 05:30
Sorpresa,457,2026-03-10 05:30,2026-03-10 05:30
Alegría,437,2026-03-10 05:30,2026-03-10 05:30
Tristeza,273,2026-03-10 05:30,2026-03-10 05:30
Ira,242,2026-03-10 05:30,2026-03-10 05:30
Neutral,7563,2026-03-10 06:00,2026-03-10 06:00
Miedo,714,2026-03-10 06:00,2026-03-10 06:00
Sorpresa,458,2026-03-10 06:00,2026-03-10 06:00
Alegría,438,2026-03-10 06:00,2026-03-10 06:00
Tristeza,277,2026-03-10 06:00,2026-03-10 06:00
Ira,244,2026-03-10 06:00,2026-03-10 06:00
Neutral,7703,2026-03-10 06:30,2026-03-10 06:30
Miedo,729,2026-03-10 06:30,2026-03-10 06:30
Sorpresa,463,2026-03-10 06:30,2026-03-10 06:30
Alegría,443,2026-03-10 06:30,2026-03-10 06:30
Tristeza,283,2026-03-10 06:30,2026-03-10 06:30
Ira,248,2026-03-10 06:30,2026-03-10 06:30
Neutral,7759,2026-03-10 07:00,2026-03-10 07:00
Miedo,732,2026-03-10 07:00,2026-03-10 07:00
Sorpresa,465,2026-03-10 07:00,2026-03-10 07:00
Alegría,444,2026-03-10 07:00,2026-03-10 07:00
Tristeza,283,2026-03-10 07:00,2026-03-10 07:00
Ira,249,2026-03-10 07:00,2026-03-10 07:00
Neutral,7829,2026-03-10 07:30,2026-03-10 07:30
Miedo,735,2026-03-10 07:30,2026-03-10 07:30
Sorpresa,471,2026-03-10 07:30,2026-03-10 07:30
Alegría,445,2026-03-10 07:30,2026-03-10 07:30
Tristeza,287,2026-03-10 07:30,2026-03-10 07:30
Ira,249,2026-03-10 07:30,2026-03-10 07:30
Neutral,7878,2026-03-10 08:00,2026-03-10 08:00
Miedo,743,2026-03-10 08:00,2026-03-10 08:00
Sorpresa,474,2026-03-10 08:00,2026-03-10 08:00
Alegría,448,2026-03-10 08:00,2026-03-10 08:00
Tristeza,288,2026-03-10 08:00,2026-03-10 08:00
Ira,250,2026-03-10 08:00,2026-03-10 08:00
Neutral,7947,2026-03-10 08:30,2026-03-10 08:30
Miedo,746,2026-03-10 08:30,2026-03-10 08:30
Sorpresa,481,2026-03-10 08:30,2026-03-10 08:30
Alegría,449,2026-03-10 08:30,2026-03-10 08:30
Tristeza,288,2026-03-10 08:30,2026-03-10 08:30
Ira,252,2026-03-10 08:30,2026-03-10 08:30
Neutral,7993,2026-03-10 09:00,2026-03-10 09:00
Miedo,753,2026-03-10 09:00,2026-03-10 09:00
Sorpresa,484,2026-03-10 09:00,2026-03-10 09:00
Alegría,452,2026-03-10 09:00,2026-03-10 09:00
Tristeza,288,2026-03-10 09:00,2026-03-10 09:00
Ira,255,2026-03-10 09:00,2026-03-10 09:00
Neutral,8058,2026-03-10 09:30,2026-03-10 09:30
Miedo,760,2026-03-10 09:30,2026-03-10 09:30
Sorpresa,488,2026-03-10 09:30,2026-03-10 09:30
Alegría,454,2026-03-10 09:30,2026-03-10 09:30
Tristeza,291,2026-03-10 09:30,2026-03-10 09:30
Ira,255,2026-03-10 09:30,2026-03-10 09:30
Neutral,8123,2026-03-10 10:00,2026-03-10 10:00
Miedo,768,2026-03-10 10:00,2026-03-10 10:00
Sorpresa,490,2026-03-10 10:00,2026-03-10 10:00
Alegría,455,2026-03-10 10:00,2026-03-10 10:00
Tristeza,295,2026-03-10 10:00,2026-03-10 10:00
Ira,259,2026-03-10 10:00,2026-03-10 10:00
Neutral,8177,2026-03-10 10:31,2026-03-10 10:31
Miedo,774,2026-03-10 10:31,2026-03-10 10:31
Sorpresa,493,2026-03-10 10:31,2026-03-10 10:31
Alegría,459,2026-03-10 10:31,2026-03-10 10:31
Tristeza,295,2026-03-10 10:31,2026-03-10 10:31
Ira,260,2026-03-10 10:31,2026-03-10 10:31
Neutral,8245,2026-03-10 11:00,2026-03-10 11:00
Miedo,782,2026-03-10 11:00,2026-03-10 11:00
Sorpresa,496,2026-03-10 11:00,2026-03-10 11:00
Alegría,468,2026-03-10 11:00,2026-03-10 11:00
Tristeza,295,2026-03-10 11:00,2026-03-10 11:00
Ira,264,2026-03-10 11:00,2026-03-10 11:00
Neutral,8314,2026-03-10 11:30,2026-03-10 11:30
Miedo,787,2026-03-10 11:30,2026-03-10 11:30
Sorpresa,506,2026-03-10 11:30,2026-03-10 11:30
Alegría,470,2026-03-10 11:30,2026-03-10 11:30
Tristeza,298,2026-03-10 11:30,2026-03-10 11:30
Ira,266,2026-03-10 11:30,2026-03-10 11:30
Neutral,8401,2026-03-10 12:00,2026-03-10 12:00
Miedo,795,2026-03-10 12:00,2026-03-10 12:00
Sorpresa,513,2026-03-10 12:00,2026-03-10 12:00
Alegría,473,2026-03-10 12:00,2026-03-10 12:00
Tristeza,299,2026-03-10 12:00,2026-03-10 12:00
Ira,270,2026-03-10 12:00,2026-03-10 12:00
Neutral,8477,2026-03-10 12:30,2026-03-10 12:30
Miedo,801,2026-03-10 12:30,2026-03-10 12:30
Sorpresa,521,2026-03-10 12:30,2026-03-10 12:30
Alegría,479,2026-03-10 12:30,2026-03-10 12:30
Tristeza,301,2026-03-10 12:30,2026-03-10 12:30
Ira,275,2026-03-10 12:30,2026-03-10 12:30
Neutral,8558,2026-03-10 13:01,2026-03-10 13:01
Miedo,807,2026-03-10 13:01,2026-03-10 13:01
Sorpresa,533,2026-03-10 13:01,2026-03-10 13:01
Alegría,481,2026-03-10 13:01,2026-03-10 13:01
Tristeza,302,2026-03-10 13:01,2026-03-10 13:01
Ira,279,2026-03-10 13:01,2026-03-10 13:01
Neutral,8659,2026-03-10 13:30,2026-03-10 13:30
Miedo,815,2026-03-10 13:30,2026-03-10 13:30
Sorpresa,536,2026-03-10 13:30,2026-03-10 13:30
Alegría,486,2026-03-10 13:30,2026-03-10 13:30
Tristeza,303,2026-03-10 13:30,2026-03-10 13:30
Ira,285,2026-03-10 13:30,2026-03-10 13:30
Neutral,8758,2026-03-10 14:01,2026-03-10 14:01
Miedo,824,2026-03-10 14:01,2026-03-10 14:01
Sorpresa,546,2026-03-10 14:01,2026-03-10 14:01
Alegría,495,2026-03-10 14:01,2026-03-10 14:01
Tristeza,306,2026-03-10 14:01,2026-03-10 14:01
Ira,288,2026-03-10 14:01,2026-03-10 14:01
Neutral,8855,2026-03-10 14:30,2026-03-10 14:30
Miedo,830,2026-03-10 14:30,2026-03-10 14:30
Sorpresa,552,2026-03-10 14:30,2026-03-10 14:30
Alegría,499,2026-03-10 14:30,2026-03-10 14:30
Tristeza,309,2026-03-10 14:30,2026-03-10 14:30
Ira,294,2026-03-10 14:30,2026-03-10 14:30
Neutral,8921,2026-03-10 15:00,2026-03-10 15:00
Miedo,833,2026-03-10 15:00,2026-03-10 15:00
Sorpresa,557,2026-03-10 15:00,2026-03-10 15:00
Alegría,506,2026-03-10 15:00,2026-03-10 15:00
Tristeza,312,2026-03-10 15:00,2026-03-10 15:00
Ira,298,2026-03-10 15:00,2026-03-10 15:00
Neutral,8985,2026-03-10 15:30,2026-03-10 15:30
Miedo,840,2026-03-10 15:30,2026-03-10 15:30
Sorpresa,562,2026-03-10 15:30,2026-03-10 15:30
Alegría,508,2026-03-10 15:30,2026-03-10 15:30
Tristeza,315,2026-03-10 15:30,2026-03-10 15:30
Ira,300,2026-03-10 15:30,2026-03-10 15:30
Neutral,9060,2026-03-10 16:00,2026-03-10 16:00
Miedo,847,2026-03-10 16:00,2026-03-10 16:00
Sorpresa,567,2026-03-10 16:00,2026-03-10 16:00
Alegría,516,2026-03-10 16:00,2026-03-10 16:00
Tristeza,316,2026-03-10 16:00,2026-03-10 16:00
Ira,302,2026-03-10 16:00,2026-03-10 16:00
Neutral,9136,2026-03-10 16:31,2026-03-10 16:31
Miedo,852,2026-03-10 16:31,2026-03-10 16:31
Sorpresa,572,2026-03-10 16:31,2026-03-10 16:31
Alegría,520,2026-03-10 16:31,2026-03-10 16:31
Tristeza,317,2026-03-10 16:31,2026-03-10 16:31
Ira,304,2026-03-10 16:31,2026-03-10 16:31
Neutral,9203,2026-03-10 17:00,2026-03-10 17:00
Miedo,857,2026-03-10 17:00,2026-03-10 17:00
Sorpresa,577,2026-03-10 17:00,2026-03-10 17:00
Alegría,524,2026-03-10 17:00,2026-03-10 17:00
Tristeza,322,2026-03-10 17:00,2026-03-10 17:00
Ira,307,2026-03-10 17:00,2026-03-10 17:00
Neutral,9287,2026-03-10 17:30,2026-03-10 17:30
Miedo,862,2026-03-10 17:30,2026-03-10 17:30
Sorpresa,580,2026-03-10 17:30,2026-03-10 17:30
Alegría,530,2026-03-10 17:30,2026-03-10 17:30
Tristeza,324,2026-03-10 17:30,2026-03-10 17:30
Ira,310,2026-03-10 17:30,2026-03-10 17:30
Neutral,9362,2026-03-10 18:00,2026-03-10 18:00
Miedo,869,2026-03-10 18:00,2026-03-10 18:00
Sorpresa,587,2026-03-10 18:00,2026-03-10 18:00
Alegría,532,2026-03-10 18:00,2026-03-10 18:00
Tristeza,327,2026-03-10 18:00,2026-03-10 18:00
Ira,311,2026-03-10 18:00,2026-03-10 18:00
Neutral,9428,2026-03-10 18:30,2026-03-10 18:30
Miedo,879,2026-03-10 18:30,2026-03-10 18:30
Sorpresa,593,2026-03-10 18:30,2026-03-10 18:30
Alegría,536,2026-03-10 18:30,2026-03-10 18:30
Tristeza,332,2026-03-10 18:30,2026-03-10 18:30
Ira,314,2026-03-10 18:30,2026-03-10 18:30
Neutral,9496,2026-03-10 19:00,2026-03-10 19:00
Miedo,884,2026-03-10 19:00,2026-03-10 19:00
Sorpresa,598,2026-03-10 19:00,2026-03-10 19:00
Alegría,540,2026-03-10 19:00,2026-03-10 19:00
Tristeza,336,2026-03-10 19:00,2026-03-10 19:00
Ira,315,2026-03-10 19:00,2026-03-10 19:00
Neutral,9576,2026-03-10 19:30,2026-03-10 19:30
Miedo,889,2026-03-10 19:30,2026-03-10 19:30
Sorpresa,600,2026-03-10 19:30,2026-03-10 19:30
Alegría,546,2026-03-10 19:30,2026-03-10 19:30
Tristeza,338,2026-03-10 19:30,2026-03-10 19:30
Ira,318,2026-03-10 19:30,2026-03-10 19:30
Neutral,9631,2026-03-10 20:00,2026-03-10 20:00
Miedo,892,2026-03-10 20:00,2026-03-10 20:00
Sorpresa,604,2026-03-10 20:00,2026-03-10 20:00
Alegría,547,2026-03-10 20:00,2026-03-10 20:00
Tristeza,339,2026-03-10 20:00,2026-03-10 20:00
Ira,319,2026-03-10 20:00,2026-03-10 20:00
Neutral,9690,2026-03-10 20:30,2026-03-10 20:30
Miedo,897,2026-03-10 20:30,2026-03-10 20:30
Sorpresa,610,2026-03-10 20:30,2026-03-10 20:30
Alegría,548,2026-03-10 20:30,2026-03-10 20:30
Tristeza,340,2026-03-10 20:30,2026-03-10 20:30
Ira,322,2026-03-10 20:30,2026-03-10 20:30
Neutral,9749,2026-03-10 21:00,2026-03-10 21:00
Miedo,902,2026-03-10 21:00,2026-03-10 21:00
Sorpresa,612,2026-03-10 21:00,2026-03-10 21:00
Alegría,549,2026-03-10 21:00,2026-03-10 21:00
Tristeza,344,2026-03-10 21:00,2026-03-10 21:00
Ira,326,2026-03-10 21:00,2026-03-10 21:00
Neutral,9793,2026-03-10 21:30,2026-03-10 21:30
Miedo,910,2026-03-10 21:30,2026-03-10 21:30
Sorpresa,615,2026-03-10 21:30,2026-03-10 21:30
Alegría,550,2026-03-10 21:30,2026-03-10 21:30
Tristeza,346,2026-03-10 21:30,2026-03-10 21:30
Ira,326,2026-03-10 21:30,2026-03-10 21:30
Neutral,9840,2026-03-10 22:00,2026-03-10 22:00
Miedo,916,2026-03-10 22:00,2026-03-10 22:00
Sorpresa,616,2026-03-10 22:00,2026-03-10 22:00
Alegría,550,2026-03-10 22:00,2026-03-10 22:00
Tristeza,348,2026-03-10 22:00,2026-03-10 22:00
Ira,327,2026-03-10 22:00,2026-03-10 22:00
Neutral,9871,2026-03-10 22:31,2026-03-10 22:31
Miedo,921,2026-03-10 22:31,2026-03-10 22:31
Sorpresa,616,2026-03-10 22:31,2026-03-10 22:31
Alegría,551,2026-03-10 22:31,2026-03-10 22:31
Tristeza,348,2026-03-10 22:31,2026-03-10 22:31
Ira,328,2026-03-10 22:31,2026-03-10 22:31
Neutral,9913,2026-03-10 23:00,2026-03-10 23:00
Miedo,924,2026-03-10 23:00,2026-03-10 23:00
Sorpresa,616,2026-03-10 23:00,2026-03-10 23:00
Alegría,552,2026-03-10 23:00,2026-03-10 23:00
Tristeza,350,2026-03-10 23:00,2026-03-10 23:00
Ira,328,2026-03-10 23:00,2026-03-10 23:00
Neutral,9945,2026-03-10 23:30,2026-03-10 23:30
Miedo,926,2026-03-10 23:30,2026-03-10 23:30
Sorpresa,616,2026-03-10 23:30,2026-03-10 23:30
Alegría,554,2026-03-10 23:30,2026-03-10 23:30
Tristeza,351,2026-03-10 23:30,2026-03-10 23:30
Ira,331,2026-03-10 23:30,2026-03-10 23:30
Neutral,9977,2026-03-11 00:00,2026-03-11 00:00
Miedo,927,2026-03-11 00:00,2026-03-11 00:00
Sorpresa,618,2026-03-11 00:00,2026-03-11 00:00
Alegría,557,2026-03-11 00:00,2026-03-11 00:00
Tristeza,353,2026-03-11 00:00,2026-03-11 00:00
Ira,331,2026-03-11 00:00,2026-03-11 00:00
Neutral,10027,2026-03-11 00:30,2026-03-11 00:30
Miedo,932,2026-03-11 00:30,2026-03-11 00:30
Sorpresa,623,2026-03-11 00:30,2026-03-11 00:30
Alegría,558,2026-03-11 00:30,2026-03-11 00:30
Tristeza,354,2026-03-11 00:30,2026-03-11 00:30
Ira,334,2026-03-11 00:30,2026-03-11 00:30
Neutral,10061,2026-03-11 01:00,2026-03-11 01:00
Miedo,933,2026-03-11 01:00,2026-03-11 01:00
Sorpresa,624,2026-03-11 01:00,2026-03-11 01:00
Alegría,559,2026-03-11 01:00,2026-03-11 01:00
Tristeza,355,2026-03-11 01:00,2026-03-11 01:00
Ira,334,2026-03-11 01:00,2026-03-11 01:00
Neutral,10073,2026-03-11 01:30,2026-03-11 01:30
Miedo,934,2026-03-11 01:30,2026-03-11 01:30
Sorpresa,624,2026-03-11 01:30,2026-03-11 01:30
Alegría,559,2026-03-11 01:30,2026-03-11 01:30
Tristeza,356,2026-03-11 01:30,2026-03-11 01:30
Ira,335,2026-03-11 01:30,2026-03-11 01:30
Neutral,10081,2026-03-11 02:00,2026-03-11 02:00
Miedo,934,2026-03-11 02:00,2026-03-11 02:00
Sorpresa,624,2026-03-11 02:00,2026-03-11 02:00
Alegría,559,2026-03-11 02:00,2026-03-11 02:00
Tristeza,356,2026-03-11 02:00,2026-03-11 02:00
Ira,335,2026-03-11 02:00,2026-03-11 02:00
Neutral,10092,2026-03-11 02:30,2026-03-11 02:30
Miedo,939,2026-03-11 02:30,2026-03-11 02:30
Sorpresa,626,2026-03-11 02:30,2026-03-11 02:30
Alegría,560,2026-03-11 02:30,2026-03-11 02:30
Tristeza,356,2026-03-11 02:30,2026-03-11 02:30
Ira,335,2026-03-11 02:30,2026-03-11 02:30
Neutral,10130,2026-03-11 03:00,2026-03-11 03:00
Miedo,944,2026-03-11 03:00,2026-03-11 03:00
Sorpresa,630,2026-03-11 03:00,2026-03-11 03:00
Alegría,565,2026-03-11 03:00,2026-03-11 03:00
Tristeza,359,2026-03-11 03:00,2026-03-11 03:00
Ira,337,2026-03-11 03:00,2026-03-11 03:00
Neutral,10132,2026-03-11 03:30,2026-03-11 03:30
Miedo,945,2026-03-11 03:30,2026-03-11 03:30
Sorpresa,630,2026-03-11 03:30,2026-03-11 03:30
Alegría,565,2026-03-11 03:30,2026-03-11 03:30
Tristeza,359,2026-03-11 03:30,2026-03-11 03:30
Ira,337,2026-03-11 03:30,2026-03-11 03:30
Neutral,10137,2026-03-11 04:00,2026-03-11 04:00
Miedo,945,2026-03-11 04:00,2026-03-11 04:00
Sorpresa,630,2026-03-11 04:00,2026-03-11 04:00
Alegría,565,2026-03-11 04:00,2026-03-11 04:00
Tristeza,359,2026-03-11 04:00,2026-03-11 04:00
Ira,337,2026-03-11 04:00,2026-03-11 04:00
Neutral,10159,2026-03-11 04:30,2026-03-11 04:30
Miedo,946,2026-03-11 04:30,2026-03-11 04:30
Sorpresa,631,2026-03-11 04:30,2026-03-11 04:30
Alegría,566,2026-03-11 04:30,2026-03-11 04:30
Tristeza,360,2026-03-11 04:30,2026-03-11 04:30
Ira,337,2026-03-11 04:30,2026-03-11 04:30
Neutral,10163,2026-03-11 05:00,2026-03-11 05:00
Miedo,948,2026-03-11 05:00,2026-03-11 05:00
Sorpresa,632,2026-03-11 05:00,2026-03-11 05:00
Alegría,567,2026-03-11 05:00,2026-03-11 05:00
Tristeza,361,2026-03-11 05:00,2026-03-11 05:00
Ira,337,2026-03-11 05:00,2026-03-11 05:00
Neutral,10236,2026-03-11 05:30,2026-03-11 05:30
Miedo,951,2026-03-11 05:30,2026-03-11 05:30
Sorpresa,635,2026-03-11 05:30,2026-03-11 05:30
Alegría,569,2026-03-11 05:30,2026-03-11 05:30
Tristeza,361,2026-03-11 05:30,2026-03-11 05:30
Ira,340,2026-03-11 05:30,2026-03-11 05:30
Neutral,10327,2026-03-11 06:00,2026-03-11 06:00
Miedo,956,2026-03-11 06:00,2026-03-11 06:00
Sorpresa,639,2026-03-11 06:00,2026-03-11 06:00
Alegría,572,2026-03-11 06:00,2026-03-11 06:00
Tristeza,367,2026-03-11 06:00,2026-03-11 06:00
Ira,340,2026-03-11 06:00,2026-03-11 06:00
Neutral,10411,2026-03-11 06:30,2026-03-11 06:30
Miedo,961,2026-03-11 06:30,2026-03-11 06:30
Sorpresa,642,2026-03-11 06:30,2026-03-11 06:30
Alegría,572,2026-03-11 06:30,2026-03-11 06:30
Tristeza,375,2026-03-11 06:30,2026-03-11 06:30
Ira,344,2026-03-11 06:30,2026-03-11 06:30
Neutral,10447,2026-03-11 07:00,2026-03-11 07:00
Miedo,962,2026-03-11 07:00,2026-03-11 07:00
Sorpresa,645,2026-03-11 07:00,2026-03-11 07:00
Alegría,576,2026-03-11 07:00,2026-03-11 07:00
Tristeza,376,2026-03-11 07:00,2026-03-11 07:00
Ira,346,2026-03-11 07:00,2026-03-11 07:00
Neutral,10513,2026-03-11 07:30,2026-03-11 07:30
Miedo,964,2026-03-11 07:30,2026-03-11 07:30
Sorpresa,646,2026-03-11 07:30,2026-03-11 07:30
Alegría,577,2026-03-11 07:30,2026-03-11 07:30
Tristeza,379,2026-03-11 07:30,2026-03-11 07:30
Ira,346,2026-03-11 07:30,2026-03-11 07:30
Neutral,10570,2026-03-11 08:01,2026-03-11 08:01
Miedo,968,2026-03-11 08:01,2026-03-11 08:01
Sorpresa,653,2026-03-11 08:01,2026-03-11 08:01
Alegría,584,2026-03-11 08:01,2026-03-11 08:01
Tristeza,379,2026-03-11 08:01,2026-03-11 08:01
Ira,347,2026-03-11 08:01,2026-03-11 08:01
Neutral,10649,2026-03-11 08:30,2026-03-11 08:30
Miedo,972,2026-03-11 08:30,2026-03-11 08:30
Sorpresa,662,2026-03-11 08:30,2026-03-11 08:30
Alegría,591,2026-03-11 08:30,2026-03-11 08:30
Tristeza,381,2026-03-11 08:30,2026-03-11 08:30
Ira,349,2026-03-11 08:30,2026-03-11 08:30
Neutral,10700,2026-03-11 09:00,2026-03-11 09:00
Miedo,978,2026-03-11 09:00,2026-03-11 09:00
Sorpresa,669,2026-03-11 09:00,2026-03-11 09:00
Alegría,596,2026-03-11 09:00,2026-03-11 09:00
Tristeza,384,2026-03-11 09:00,2026-03-11 09:00
Ira,350,2026-03-11 09:00,2026-03-11 09:00
Neutral,10774,2026-03-11 09:31,2026-03-11 09:31
Miedo,984,2026-03-11 09:31,2026-03-11 09:31
Sorpresa,672,2026-03-11 09:31,2026-03-11 09:31
Alegría,599,2026-03-11 09:31,2026-03-11 09:31
Tristeza,386,2026-03-11 09:31,2026-03-11 09:31
Ira,352,2026-03-11 09:31,2026-03-11 09:31
Neutral,10829,2026-03-11 10:00,2026-03-11 10:00
Miedo,990,2026-03-11 10:00,2026-03-11 10:00
Sorpresa,676,2026-03-11 10:00,2026-03-11 10:00
Alegría,603,2026-03-11 10:00,2026-03-11 10:00
Tristeza,387,2026-03-11 10:00,2026-03-11 10:00
Ira,353,2026-03-11 10:00,2026-03-11 10:00
Neutral,10893,2026-03-11 10:30,2026-03-11 10:30
Miedo,992,2026-03-11 10:30,2026-03-11 10:30
Sorpresa,683,2026-03-11 10:30,2026-03-11 10:30
Alegría,606,2026-03-11 10:30,2026-03-11 10:30
Tristeza,388,2026-03-11 10:30,2026-03-11 10:30
Ira,354,2026-03-11 10:30,2026-03-11 10:30
Neutral,10985,2026-03-11 11:00,2026-03-11 11:00
Miedo,996,2026-03-11 11:00,2026-03-11 11:00
Sorpresa,688,2026-03-11 11:00,2026-03-11 11:00
Alegría,609,2026-03-11 11:00,2026-03-11 11:00
Tristeza,394,2026-03-11 11:00,2026-03-11 11:00
Ira,354,2026-03-11 11:00,2026-03-11 11:00
Neutral,11051,2026-03-11 11:30,2026-03-11 11:30
Miedo,1004,2026-03-11 11:30,2026-03-11 11:30
Sorpresa,696,2026-03-11 11:30,2026-03-11 11:30
Alegría,617,2026-03-11 11:30,2026-03-11 11:30
Tristeza,397,2026-03-11 11:30,2026-03-11 11:30
Ira,359,2026-03-11 11:30,2026-03-11 11:30
Neutral,11108,2026-03-11 12:00,2026-03-11 12:00
Miedo,1011,2026-03-11 12:00,2026-03-11 12:00
Sorpresa,704,2026-03-11 12:00,2026-03-11 12:00
Alegría,622,2026-03-11 12:00,2026-03-11 12:00
Tristeza,398,2026-03-11 12:00,2026-03-11 12:00
Ira,362,2026-03-11 12:00,2026-03-11 12:00
Neutral,11216,2026-03-11 12:31,2026-03-11 12:31
Miedo,1016,2026-03-11 12:31,2026-03-11 12:31
Sorpresa,712,2026-03-11 12:31,2026-03-11 12:31
Alegría,632,2026-03-11 12:31,2026-03-11 12:31
Tristeza,402,2026-03-11 12:31,2026-03-11 12:31
Ira,366,2026-03-11 12:31,2026-03-11 12:31
Neutral,11317,2026-03-11 13:01,2026-03-11 13:01
Miedo,1022,2026-03-11 13:01,2026-03-11 13:01
Sorpresa,717,2026-03-11 13:01,2026-03-11 13:01
Alegría,639,2026-03-11 13:01,2026-03-11 13:01
Tristeza,408,2026-03-11 13:01,2026-03-11 13:01
Ira,371,2026-03-11 13:01,2026-03-11 13:01
Neutral,11411,2026-03-11 13:30,2026-03-11 13:30
Miedo,1029,2026-03-11 13:30,2026-03-11 13:30
Sorpresa,725,2026-03-11 13:30,2026-03-11 13:30
Alegría,642,2026-03-11 13:30,2026-03-11 13:30
Tristeza,414,2026-03-11 13:30,2026-03-11 13:30
Ira,373,2026-03-11 13:30,2026-03-11 13:30
Neutral,11513,2026-03-11 14:00,2026-03-11 14:00
Miedo,1038,2026-03-11 14:00,2026-03-11 14:00
Sorpresa,733,2026-03-11 14:00,2026-03-11 14:00
Alegría,644,2026-03-11 14:00,2026-03-11 14:00
Tristeza,417,2026-03-11 14:00,2026-03-11 14:00
Ira,376,2026-03-11 14:00,2026-03-11 14:00
Neutral,11594,2026-03-11 14:30,2026-03-11 14:30
Miedo,1043,2026-03-11 14:30,2026-03-11 14:30
Sorpresa,738,2026-03-11 14:30,2026-03-11 14:30
Alegría,647,2026-03-11 14:30,2026-03-11 14:30
Tristeza,420,2026-03-11 14:30,2026-03-11 14:30
Ira,379,2026-03-11 14:30,2026-03-11 14:30
Neutral,11661,2026-03-11 15:00,2026-03-11 15:00
Miedo,1049,2026-03-11 15:00,2026-03-11 15:00
Sorpresa,744,2026-03-11 15:00,2026-03-11 15:00
Alegría,652,2026-03-11 15:00,2026-03-11 15:00
Tristeza,425,2026-03-11 15:00,2026-03-11 15:00
Ira,384,2026-03-11 15:00,2026-03-11 15:00
Neutral,11744,2026-03-11 15:30,2026-03-11 15:30
Miedo,1060,2026-03-11 15:30,2026-03-11 15:30
Sorpresa,751,2026-03-11 15:30,2026-03-11 15:30
Alegría,655,2026-03-11 15:30,2026-03-11 15:30
Tristeza,430,2026-03-11 15:30,2026-03-11 15:30
Ira,392,2026-03-11 15:30,2026-03-11 15:30
Neutral,11811,2026-03-11 16:00,2026-03-11 16:00
Miedo,1070,2026-03-11 16:00,2026-03-11 16:00
Sorpresa,755,2026-03-11 16:00,2026-03-11 16:00
Alegría,658,2026-03-11 16:00,2026-03-11 16:00
Tristeza,434,2026-03-11 16:00,2026-03-11 16:00
Ira,397,2026-03-11 16:00,2026-03-11 16:00
Neutral,11858,2026-03-11 16:31,2026-03-11 16:31
Miedo,1081,2026-03-11 16:31,2026-03-11 16:31
Sorpresa,759,2026-03-11 16:31,2026-03-11 16:31
Alegría,662,2026-03-11 16:31,2026-03-11 16:31
Tristeza,436,2026-03-11 16:31,2026-03-11 16:31
Ira,403,2026-03-11 16:31,2026-03-11 16:31
Neutral,11922,2026-03-11 17:01,2026-03-11 17:01
Miedo,1089,2026-03-11 17:01,2026-03-11 17:01
Sorpresa,762,2026-03-11 17:01,2026-03-11 17:01
Alegría,667,2026-03-11 17:01,2026-03-11 17:01
Tristeza,440,2026-03-11 17:01,2026-03-11 17:01
Ira,405,2026-03-11 17:01,2026-03-11 17:01
Neutral,11994,2026-03-11 17:31,2026-03-11 17:31
Miedo,1093,2026-03-11 17:31,2026-03-11 17:31
Sorpresa,764,2026-03-11 17:31,2026-03-11 17:31
Alegría,670,2026-03-11 17:31,2026-03-11 17:31
Tristeza,450,2026-03-11 17:31,2026-03-11 17:31
Ira,407,2026-03-11 17:31,2026-03-11 17:31
Neutral,12054,2026-03-11 18:00,2026-03-11 18:00
Miedo,1098,2026-03-11 18:00,2026-03-11 18:00
Sorpresa,770,2026-03-11 18:00,2026-03-11 18:00
Alegría,674,2026-03-11 18:00,2026-03-11 18:00
Tristeza,454,2026-03-11 18:00,2026-03-11 18:00
Ira,409,2026-03-11 18:00,2026-03-11 18:00
Neutral,12122,2026-03-11 18:30,2026-03-11 18:30
Miedo,1104,2026-03-11 18:30,2026-03-11 18:30
Sorpresa,772,2026-03-11 18:30,2026-03-11 18:30
Alegría,675,2026-03-11 18:30,2026-03-11 18:30
Tristeza,459,2026-03-11 18:30,2026-03-11 18:30
Ira,409,2026-03-11 18:30,2026-03-11 18:30
Neutral,12177,2026-03-11 19:01,2026-03-11 19:01
Miedo,1111,2026-03-11 19:01,2026-03-11 19:01
Sorpresa,777,2026-03-11 19:01,2026-03-11 19:01
Alegría,679,2026-03-11 19:01,2026-03-11 19:01
Tristeza,463,2026-03-11 19:01,2026-03-11 19:01
Ira,412,2026-03-11 19:01,2026-03-11 19:01
Neutral,12245,2026-03-11 19:31,2026-03-11 19:31
Miedo,1121,2026-03-11 19:31,2026-03-11 19:31
Sorpresa,781,2026-03-11 19:31,2026-03-11 19:31
Alegría,685,2026-03-11 19:31,2026-03-11 19:31
Tristeza,467,2026-03-11 19:31,2026-03-11 19:31
Ira,414,2026-03-11 19:31,2026-03-11 19:31
Neutral,12308,2026-03-11 20:01,2026-03-11 20:01
Miedo,1123,2026-03-11 20:01,2026-03-11 20:01
Sorpresa,786,2026-03-11 20:01,2026-03-11 20:01
Alegría,686,2026-03-11 20:01,2026-03-11 20:01
Tristeza,470,2026-03-11 20:01,2026-03-11 20:01
Ira,415,2026-03-11 20:01,2026-03-11 20:01
Neutral,12358,2026-03-11 20:31,2026-03-11 20:31
Miedo,1128,2026-03-11 20:31,2026-03-11 20:31
Sorpresa,786,2026-03-11 20:31,2026-03-11 20:31
Alegría,690,2026-03-11 20:31,2026-03-11 20:31
Tristeza,471,2026-03-11 20:31,2026-03-11 20:31
Ira,417,2026-03-11 20:31,2026-03-11 20:31
Neutral,12413,2026-03-11 21:00,2026-03-11 21:00
Miedo,1138,2026-03-11 21:00,2026-03-11 21:00
Sorpresa,787,2026-03-11 21:00,2026-03-11 21:00
Alegría,694,2026-03-11 21:00,2026-03-11 21:00
Tristeza,472,2026-03-11 21:00,2026-03-11 21:00
Ira,421,2026-03-11 21:00,2026-03-11 21:00
Neutral,12457,2026-03-11 21:30,2026-03-11 21:30
Miedo,1142,2026-03-11 21:30,2026-03-11 21:30
Sorpresa,788,2026-03-11 21:30,2026-03-11 21:30
Alegría,694,2026-03-11 21:30,2026-03-11 21:30
Tristeza,472,2026-03-11 21:30,2026-03-11 21:30
Ira,421,2026-03-11 21:30,2026-03-11 21:30
Neutral,12485,2026-03-11 22:01,2026-03-11 22:01
Miedo,1146,2026-03-11 22:01,2026-03-11 22:01
Sorpresa,792,2026-03-11 22:01,2026-03-11 22:01
Alegría,697,2026-03-11 22:01,2026-03-11 22:01
Tristeza,473,2026-03-11 22:01,2026-03-11 22:01
Ira,424,2026-03-11 22:01,2026-03-11 22:01
Neutral,12515,2026-03-11 22:31,2026-03-11 22:31
Miedo,1148,2026-03-11 22:31,2026-03-11 22:31
Sorpresa,793,2026-03-11 22:31,2026-03-11 22:31
Alegría,698,2026-03-11 22:31,2026-03-11 22:31
Tristeza,474,2026-03-11 22:31,2026-03-11 22:31
Ira,425,2026-03-11 22:31,2026-03-11 22:31
Neutral,12540,2026-03-11 23:01,2026-03-11 23:01
Miedo,1151,2026-03-11 23:01,2026-03-11 23:01
Sorpresa,797,2026-03-11 23:01,2026-03-11 23:01
Alegría,698,2026-03-11 23:01,2026-03-11 23:01
Tristeza,475,2026-03-11 23:01,2026-03-11 23:01
Ira,426,2026-03-11 23:01,2026-03-11 23:01
Neutral,12558,2026-03-11 23:31,2026-03-11 23:31
Miedo,1154,2026-03-11 23:31,2026-03-11 23:31
Sorpresa,798,2026-03-11 23:31,2026-03-11 23:31
Alegría,701,2026-03-11 23:31,2026-03-11 23:31
Tristeza,476,2026-03-11 23:31,2026-03-11 23:31
Ira,427,2026-03-11 23:31,2026-03-11 23:31
Neutral,12578,2026-03-12 00:01,2026-03-12 00:01
Miedo,1156,2026-03-12 00:01,2026-03-12 00:01
Sorpresa,799,2026-03-12 00:01,2026-03-12 00:01
Alegría,701,2026-03-12 00:01,2026-03-12 00:01
Tristeza,476,2026-03-12 00:01,2026-03-12 00:01
Ira,428,2026-03-12 00:01,2026-03-12 00:01
Neutral,12617,2026-03-12 00:30,2026-03-12 00:30
Miedo,1158,2026-03-12 00:30,2026-03-12 00:30
Sorpresa,799,2026-03-12 00:30,2026-03-12 00:30
Alegría,701,2026-03-12 00:30,2026-03-12 00:30
Tristeza,477,2026-03-12 00:30,2026-03-12 00:30
Ira,430,2026-03-12 00:30,2026-03-12 00:30
Neutral,12645,2026-03-12 01:00,2026-03-12 01:00
Miedo,1160,2026-03-12 01:00,2026-03-12 01:00
Sorpresa,800,2026-03-12 01:00,2026-03-12 01:00
Alegría,703,2026-03-12 01:00,2026-03-12 01:00
Tristeza,479,2026-03-12 01:00,2026-03-12 01:00
Ira,430,2026-03-12 01:00,2026-03-12 01:00
Neutral,12656,2026-03-12 01:30,2026-03-12 01:30
Miedo,1164,2026-03-12 01:30,2026-03-12 01:30
Sorpresa,800,2026-03-12 01:30,2026-03-12 01:30
Alegría,703,2026-03-12 01:30,2026-03-12 01:30
Tristeza,480,2026-03-12 01:30,2026-03-12 01:30
Ira,431,2026-03-12 01:30,2026-03-12 01:30
Neutral,12667,2026-03-12 02:01,2026-03-12 02:01
Miedo,1165,2026-03-12 02:01,2026-03-12 02:01
Sorpresa,801,2026-03-12 02:01,2026-03-12 02:01
Alegría,703,2026-03-12 02:01,2026-03-12 02:01
Tristeza,480,2026-03-12 02:01,2026-03-12 02:01
Ira,431,2026-03-12 02:01,2026-03-12 02:01
Neutral,12672,2026-03-12 02:31,2026-03-12 02:31
Miedo,1165,2026-03-12 02:31,2026-03-12 02:31
Sorpresa,804,2026-03-12 02:31,2026-03-12 02:31
Alegría,705,2026-03-12 02:31,2026-03-12 02:31
Tristeza,480,2026-03-12 02:31,2026-03-12 02:31
Ira,431,2026-03-12 02:31,2026-03-12 02:31
Neutral,12699,2026-03-12 03:00,2026-03-12 03:00
Miedo,1169,2026-03-12 03:00,2026-03-12 03:00
Sorpresa,806,2026-03-12 03:00,2026-03-12 03:00
Alegría,708,2026-03-12 03:00,2026-03-12 03:00
Tristeza,482,2026-03-12 03:00,2026-03-12 03:00
Ira,432,2026-03-12 03:00,2026-03-12 03:00
Neutral,12726,2026-03-12 03:30,2026-03-12 03:30
Miedo,1171,2026-03-12 03:30,2026-03-12 03:30
Sorpresa,806,2026-03-12 03:30,2026-03-12 03:30
Alegría,710,2026-03-12 03:30,2026-03-12 03:30
Tristeza,483,2026-03-12 03:30,2026-03-12 03:30
Ira,432,2026-03-12 03:30,2026-03-12 03:30
Neutral,12733,2026-03-12 04:01,2026-03-12 04:01
Miedo,1173,2026-03-12 04:01,2026-03-12 04:01
Sorpresa,807,2026-03-12 04:01,2026-03-12 04:01
Alegría,711,2026-03-12 04:01,2026-03-12 04:01
Tristeza,483,2026-03-12 04:01,2026-03-12 04:01
Ira,432,2026-03-12 04:01,2026-03-12 04:01
Neutral,12746,2026-03-12 04:30,2026-03-12 04:30
Miedo,1175,2026-03-12 04:30,2026-03-12 04:30
Sorpresa,808,2026-03-12 04:30,2026-03-12 04:30
Alegría,711,2026-03-12 04:30,2026-03-12 04:30
Tristeza,483,2026-03-12 04:30,2026-03-12 04:30
Ira,432,2026-03-12 04:30,2026-03-12 04:30
Neutral,12764,2026-03-12 05:01,2026-03-12 05:01
Miedo,1175,2026-03-12 05:01,2026-03-12 05:01
Sorpresa,808,2026-03-12 05:01,2026-03-12 05:01
Alegría,711,2026-03-12 05:01,2026-03-12 05:01
Tristeza,484,2026-03-12 05:01,2026-03-12 05:01
Ira,432,2026-03-12 05:01,2026-03-12 05:01
Neutral,12844,2026-03-12 05:31,2026-03-12 05:31
Miedo,1182,2026-03-12 05:31,2026-03-12 05:31
Sorpresa,814,2026-03-12 05:31,2026-03-12 05:31
Alegría,717,2026-03-12 05:31,2026-03-12 05:31
Tristeza,486,2026-03-12 05:31,2026-03-12 05:31
Ira,433,2026-03-12 05:31,2026-03-12 05:31
Neutral,12884,2026-03-12 06:00,2026-03-12 06:00
Miedo,1185,2026-03-12 06:00,2026-03-12 06:00
Sorpresa,815,2026-03-12 06:00,2026-03-12 06:00
Alegría,718,2026-03-12 06:00,2026-03-12 06:00
Tristeza,488,2026-03-12 06:00,2026-03-12 06:00
Ira,435,2026-03-12 06:00,2026-03-12 06:00
Neutral,13023,2026-03-12 06:31,2026-03-12 06:31
Miedo,1190,2026-03-12 06:31,2026-03-12 06:31
Sorpresa,822,2026-03-12 06:31,2026-03-12 06:31
Alegría,723,2026-03-12 06:31,2026-03-12 06:31
Tristeza,495,2026-03-12 06:31,2026-03-12 06:31
Ira,441,2026-03-12 06:31,2026-03-12 06:31
Neutral,13065,2026-03-12 07:00,2026-03-12 07:00
Miedo,1193,2026-03-12 07:00,2026-03-12 07:00
Sorpresa,826,2026-03-12 07:00,2026-03-12 07:00
Alegría,724,2026-03-12 07:00,2026-03-12 07:00
Tristeza,496,2026-03-12 07:00,2026-03-12 07:00
Ira,442,2026-03-12 07:00,2026-03-12 07:00
Neutral,13139,2026-03-12 07:30,2026-03-12 07:30
Miedo,1198,2026-03-12 07:30,2026-03-12 07:30
Sorpresa,832,2026-03-12 07:30,2026-03-12 07:30
Alegría,727,2026-03-12 07:30,2026-03-12 07:30
Tristeza,496,2026-03-12 07:30,2026-03-12 07:30
Ira,443,2026-03-12 07:30,2026-03-12 07:30
Neutral,13183,2026-03-12 08:01,2026-03-12 08:01
Miedo,1209,2026-03-12 08:01,2026-03-12 08:01
Sorpresa,834,2026-03-12 08:01,2026-03-12 08:01
Alegría,730,2026-03-12 08:01,2026-03-12 08:01
Tristeza,498,2026-03-12 08:01,2026-03-12 08:01
Ira,448,2026-03-12 08:01,2026-03-12 08:01
Neutral,13224,2026-03-12 08:31,2026-03-12 08:31
Miedo,1223,2026-03-12 08:31,2026-03-12 08:31
Sorpresa,843,2026-03-12 08:31,2026-03-12 08:31
Alegría,732,2026-03-12 08:31,2026-03-12 08:31
Tristeza,500,2026-03-12 08:31,2026-03-12 08:31
Ira,449,2026-03-12 08:31,2026-03-12 08:31
Neutral,13287,2026-03-12 09:01,2026-03-12 09:01
Miedo,1229,2026-03-12 09:01,2026-03-12 09:01
Sorpresa,849,2026-03-12 09:01,2026-03-12 09:01
Alegría,739,2026-03-12 09:01,2026-03-12 09:01
Tristeza,504,2026-03-12 09:01,2026-03-12 09:01
Ira,450,2026-03-12 09:01,2026-03-12 09:01
Neutral,13344,2026-03-12 09:31,2026-03-12 09:31
Miedo,1239,2026-03-12 09:31,2026-03-12 09:31
Sorpresa,854,2026-03-12 09:31,2026-03-12 09:31
Alegría,741,2026-03-12 09:31,2026-03-12 09:31
Tristeza,507,2026-03-12 09:31,2026-03-12 09:31
Ira,455,2026-03-12 09:31,2026-03-12 09:31
Neutral,13394,2026-03-12 10:00,2026-03-12 10:00
Miedo,1243,2026-03-12 10:00,2026-03-12 10:00
Sorpresa,856,2026-03-12 10:00,2026-03-12 10:00
Alegría,742,2026-03-12 10:00,2026-03-12 10:00
Tristeza,509,2026-03-12 10:00,2026-03-12 10:00
Ira,457,2026-03-12 10:00,2026-03-12 10:00
Neutral,13441,2026-03-12 10:31,2026-03-12 10:31
Miedo,1250,2026-03-12 10:31,2026-03-12 10:31
Sorpresa,860,2026-03-12 10:31,2026-03-12 10:31
Alegría,742,2026-03-12 10:31,2026-03-12 10:31
Tristeza,516,2026-03-12 10:31,2026-03-12 10:31
Ira,458,2026-03-12 10:31,2026-03-12 10:31
Neutral,13527,2026-03-12 11:01,2026-03-12 11:01
Miedo,1258,2026-03-12 11:01,2026-03-12 11:01
Sorpresa,864,2026-03-12 11:01,2026-03-12 11:01
Alegría,744,2026-03-12 11:01,2026-03-12 11:01
Tristeza,523,2026-03-12 11:01,2026-03-12 11:01
Ira,460,2026-03-12 11:01,2026-03-12 11:01
Neutral,13596,2026-03-12 11:30,2026-03-12 11:30
Miedo,1263,2026-03-12 11:30,2026-03-12 11:30
Sorpresa,868,2026-03-12 11:30,2026-03-12 11:30
Alegría,747,2026-03-12 11:30,2026-03-12 11:30
Tristeza,526,2026-03-12 11:30,2026-03-12 11:30
Ira,467,2026-03-12 11:30,2026-03-12 11:30
Neutral,13677,2026-03-12 12:01,2026-03-12 12:01
Miedo,1269,2026-03-12 12:01,2026-03-12 12:01
Sorpresa,872,2026-03-12 12:01,2026-03-12 12:01
Alegría,748,2026-03-12 12:01,2026-03-12 12:01
Tristeza,528,2026-03-12 12:01,2026-03-12 12:01
Ira,472,2026-03-12 12:01,2026-03-12 12:01
Neutral,13763,2026-03-12 12:31,2026-03-12 12:31
Miedo,1274,2026-03-12 12:31,2026-03-12 12:31
Sorpresa,880,2026-03-12 12:31,2026-03-12 12:31
Alegría,750,2026-03-12 12:31,2026-03-12 12:31
Tristeza,529,2026-03-12 12:31,2026-03-12 12:31
Ira,475,2026-03-12 12:31,2026-03-12 12:31
Neutral,13845,2026-03-12 13:01,2026-03-12 13:01
Miedo,1277,2026-03-12 13:01,2026-03-12 13:01
Sorpresa,884,2026-03-12 13:01,2026-03-12 13:01
Alegría,753,2026-03-12 13:01,2026-03-12 13:01
Tristeza,530,2026-03-12 13:01,2026-03-12 13:01
Ira,480,2026-03-12 13:01,2026-03-12 13:01
Neutral,13938,2026-03-12 13:31,2026-03-12 13:31
Miedo,1280,2026-03-12 13:31,2026-03-12 13:31
Sorpresa,887,2026-03-12 13:31,2026-03-12 13:31
Alegría,756,2026-03-12 13:31,2026-03-12 13:31
Tristeza,538,2026-03-12 13:31,2026-03-12 13:31
Ira,484,2026-03-12 13:31,2026-03-12 13:31
Neutral,14016,2026-03-12 14:01,2026-03-12 14:01
Miedo,1283,2026-03-12 14:01,2026-03-12 14:01
Sorpresa,891,2026-03-12 14:01,2026-03-12 14:01
Alegría,758,2026-03-12 14:01,2026-03-12 14:01
Tristeza,541,2026-03-12 14:01,2026-03-12 14:01
Ira,488,2026-03-12 14:01,2026-03-12 14:01
Neutral,14089,2026-03-12 14:31,2026-03-12 14:31
Miedo,1290,2026-03-12 14:31,2026-03-12 14:31
Sorpresa,902,2026-03-12 14:31,2026-03-12 14:31
Alegría,759,2026-03-12 14:31,2026-03-12 14:31
Tristeza,543,2026-03-12 14:31,2026-03-12 14:31
Ira,491,2026-03-12 14:31,2026-03-12 14:31
Neutral,14140,2026-03-12 15:01,2026-03-12 15:01
Miedo,1299,2026-03-12 15:01,2026-03-12 15:01
Sorpresa,916,2026-03-12 15:01,2026-03-12 15:01
Alegría,761,2026-03-12 15:01,2026-03-12 15:01
Tristeza,544,2026-03-12 15:01,2026-03-12 15:01
Ira,494,2026-03-12 15:01,2026-03-12 15:01
Neutral,14197,2026-03-12 15:31,2026-03-12 15:31
Miedo,1303,2026-03-12 15:31,2026-03-12 15:31
Sorpresa,925,2026-03-12 15:31,2026-03-12 15:31
Alegría,764,2026-03-12 15:31,2026-03-12 15:31
Tristeza,545,2026-03-12 15:31,2026-03-12 15:31
Ira,495,2026-03-12 15:31,2026-03-12 15:31
Neutral,14256,2026-03-12 16:01,2026-03-12 16:01
Miedo,1305,2026-03-12 16:01,2026-03-12 16:01
Sorpresa,932,2026-03-12 16:01,2026-03-12 16:01
Alegría,766,2026-03-12 16:01,2026-03-12 16:01
Tristeza,547,2026-03-12 16:01,2026-03-12 16:01
Ira,497,2026-03-12 16:01,2026-03-12 16:01
Neutral,14329,2026-03-12 16:31,2026-03-12 16:31
Miedo,1310,2026-03-12 16:31,2026-03-12 16:31
Sorpresa,940,2026-03-12 16:31,2026-03-12 16:31
Alegría,772,2026-03-12 16:31,2026-03-12 16:31
Tristeza,551,2026-03-12 16:31,2026-03-12 16:31
Ira,498,2026-03-12 16:31,2026-03-12 16:31
Neutral,14396,2026-03-12 17:01,2026-03-12 17:01
Miedo,1314,2026-03-12 17:01,2026-03-12 17:01
Sorpresa,946,2026-03-12 17:01,2026-03-12 17:01
Alegría,774,2026-03-12 17:01,2026-03-12 17:01
Tristeza,555,2026-03-12 17:01,2026-03-12 17:01
Ira,500,2026-03-12 17:01,2026-03-12 17:01
Neutral,14465,2026-03-12 17:31,2026-03-12 17:31
Miedo,1319,2026-03-12 17:31,2026-03-12 17:31
Sorpresa,954,2026-03-12 17:31,2026-03-12 17:31
Alegría,776,2026-03-12 17:31,2026-03-12 17:31
Tristeza,559,2026-03-12 17:31,2026-03-12 17:31
Ira,501,2026-03-12 17:31,2026-03-12 17:31
Neutral,14521,2026-03-12 18:01,2026-03-12 18:01
Miedo,1325,2026-03-12 18:01,2026-03-12 18:01
Sorpresa,957,2026-03-12 18:01,2026-03-12 18:01
Alegría,779,2026-03-12 18:01,2026-03-12 18:01
Tristeza,561,2026-03-12 18:01,2026-03-12 18:01
Ira,503,2026-03-12 18:01,2026-03-12 18:01
Neutral,14591,2026-03-12 18:31,2026-03-12 18:31
Miedo,1326,2026-03-12 18:31,2026-03-12 18:31
Sorpresa,966,2026-03-12 18:31,2026-03-12 18:31
Alegría,786,2026-03-12 18:31,2026-03-12 18:31
Tristeza,563,2026-03-12 18:31,2026-03-12 18:31
Ira,503,2026-03-12 18:31,2026-03-12 18:31
Neutral,14634,2026-03-12 19:01,2026-03-12 19:01
Miedo,1331,2026-03-12 19:01,2026-03-12 19:01
Sorpresa,970,2026-03-12 19:01,2026-03-12 19:01
Alegría,789,2026-03-12 19:01,2026-03-12 19:01
Tristeza,568,2026-03-12 19:01,2026-03-12 19:01
Ira,504,2026-03-12 19:01,2026-03-12 19:01
Neutral,14696,2026-03-12 19:31,2026-03-12 19:31
Miedo,1337,2026-03-12 19:31,2026-03-12 19:31
Sorpresa,972,2026-03-12 19:31,2026-03-12 19:31
Alegría,791,2026-03-12 19:31,2026-03-12 19:31
Tristeza,569,2026-03-12 19:31,2026-03-12 19:31
Ira,506,2026-03-12 19:31,2026-03-12 19:31
Neutral,14749,2026-03-12 20:01,2026-03-12 20:01
Miedo,1342,2026-03-12 20:01,2026-03-12 20:01
Sorpresa,974,2026-03-12 20:01,2026-03-12 20:01
Alegría,793,2026-03-12 20:01,2026-03-12 20:01
Tristeza,572,2026-03-12 20:01,2026-03-12 20:01
Ira,507,2026-03-12 20:01,2026-03-12 20:01
Neutral,14791,2026-03-12 20:31,2026-03-12 20:31
Miedo,1344,2026-03-12 20:31,2026-03-12 20:31
Sorpresa,977,2026-03-12 20:31,2026-03-12 20:31
Alegría,794,2026-03-12 20:31,2026-03-12 20:31
Tristeza,572,2026-03-12 20:31,2026-03-12 20:31
Ira,508,2026-03-12 20:31,2026-03-12 20:31
Neutral,14841,2026-03-12 21:01,2026-03-12 21:01
Miedo,1349,2026-03-12 21:01,2026-03-12 21:01
Sorpresa,981,2026-03-12 21:01,2026-03-12 21:01
Alegría,797,2026-03-12 21:01,2026-03-12 21:01
Tristeza,574,2026-03-12 21:01,2026-03-12 21:01
Ira,508,2026-03-12 21:01,2026-03-12 21:01
Neutral,14867,2026-03-12 21:31,2026-03-12 21:31
Miedo,1350,2026-03-12 21:31,2026-03-12 21:31
Sorpresa,983,2026-03-12 21:31,2026-03-12 21:31
Alegría,799,2026-03-12 21:31,2026-03-12 21:31
Tristeza,576,2026-03-12 21:31,2026-03-12 21:31
Ira,509,2026-03-12 21:31,2026-03-12 21:31
Neutral,14901,2026-03-12 22:01,2026-03-12 22:01
Miedo,1354,2026-03-12 22:01,2026-03-12 22:01
Sorpresa,985,2026-03-12 22:01,2026-03-12 22:01
Alegría,802,2026-03-12 22:01,2026-03-12 22:01
Tristeza,578,2026-03-12 22:01,2026-03-12 22:01
Ira,513,2026-03-12 22:01,2026-03-12 22:01
Neutral,14938,2026-03-12 22:31,2026-03-12 22:31
Miedo,1354,2026-03-12 22:31,2026-03-12 22:31
Sorpresa,988,2026-03-12 22:31,2026-03-12 22:31
Alegría,806,2026-03-12 22:31,2026-03-12 22:31
Tristeza,579,2026-03-12 22:31,2026-03-12 22:31
Ira,515,2026-03-12 22:31,2026-03-12 22:31
Neutral,14975,2026-03-12 23:01,2026-03-12 23:01
Miedo,1357,2026-03-12 23:01,2026-03-12 23:01
Sorpresa,996,2026-03-12 23:01,2026-03-12 23:01
Alegría,811,2026-03-12 23:01,2026-03-12 23:01
Tristeza,581,2026-03-12 23:01,2026-03-12 23:01
Ira,516,2026-03-12 23:01,2026-03-12 23:01
Neutral,15002,2026-03-12 23:31,2026-03-12 23:31
Miedo,1359,2026-03-12 23:31,2026-03-12 23:31
Sorpresa,999,2026-03-12 23:31,2026-03-12 23:31
Alegría,814,2026-03-12 23:31,2026-03-12 23:31
Tristeza,581,2026-03-12 23:31,2026-03-12 23:31
Ira,516,2026-03-12 23:31,2026-03-12 23:31
Neutral,15042,2026-03-13 00:01,2026-03-13 00:01
Miedo,1368,2026-03-13 00:01,2026-03-13 00:01
Sorpresa,999,2026-03-13 00:01,2026-03-13 00:01
Alegría,818,2026-03-13 00:01,2026-03-13 00:01
Tristeza,581,2026-03-13 00:01,2026-03-13 00:01
Ira,517,2026-03-13 00:01,2026-03-13 00:01
Neutral,15098,2026-03-13 00:31,2026-03-13 00:31
Miedo,1373,2026-03-13 00:31,2026-03-13 00:31
Sorpresa,1000,2026-03-13 00:31,2026-03-13 00:31
Alegría,822,2026-03-13 00:31,2026-03-13 00:31
Tristeza,583,2026-03-13 00:31,2026-03-13 00:31
Ira,517,2026-03-13 00:31,2026-03-13 00:31
Neutral,15123,2026-03-13 01:01,2026-03-13 01:01
Miedo,1376,2026-03-13 01:01,2026-03-13 01:01
Sorpresa,1002,2026-03-13 01:01,2026-03-13 01:01
Alegría,823,2026-03-13 01:01,2026-03-13 01:01
Tristeza,583,2026-03-13 01:01,2026-03-13 01:01
Ira,517,2026-03-13 01:01,2026-03-13 01:01
Neutral,15139,2026-03-13 01:31,2026-03-13 01:31
Miedo,1377,2026-03-13 01:31,2026-03-13 01:31
Sorpresa,1003,2026-03-13 01:31,2026-03-13 01:31
Alegría,825,2026-03-13 01:31,2026-03-13 01:31
Tristeza,584,2026-03-13 01:31,2026-03-13 01:31
Ira,518,2026-03-13 01:31,2026-03-13 01:31
Neutral,15146,2026-03-13 02:01,2026-03-13 02:01
Miedo,1378,2026-03-13 02:01,2026-03-13 02:01
Sorpresa,1003,2026-03-13 02:01,2026-03-13 02:01
Alegría,828,2026-03-13 02:01,2026-03-13 02:01
Tristeza,584,2026-03-13 02:01,2026-03-13 02:01
Ira,519,2026-03-13 02:01,2026-03-13 02:01
Neutral,15155,2026-03-13 02:31,2026-03-13 02:31
Miedo,1381,2026-03-13 02:31,2026-03-13 02:31
Sorpresa,1005,2026-03-13 02:31,2026-03-13 02:31
Alegría,829,2026-03-13 02:31,2026-03-13 02:31
Tristeza,585,2026-03-13 02:31,2026-03-13 02:31
Ira,519,2026-03-13 02:31,2026-03-13 02:31
Neutral,15195,2026-03-13 03:01,2026-03-13 03:01
Miedo,1386,2026-03-13 03:01,2026-03-13 03:01
Sorpresa,1006,2026-03-13 03:01,2026-03-13 03:01
Alegría,834,2026-03-13 03:01,2026-03-13 03:01
Tristeza,586,2026-03-13 03:01,2026-03-13 03:01
Ira,519,2026-03-13 03:01,2026-03-13 03:01
Neutral,15209,2026-03-13 03:31,2026-03-13 03:31
Miedo,1389,2026-03-13 03:31,2026-03-13 03:31
Sorpresa,1008,2026-03-13 03:31,2026-03-13 03:31
Alegría,838,2026-03-13 03:31,2026-03-13 03:31
Tristeza,587,2026-03-13 03:31,2026-03-13 03:31
Ira,520,2026-03-13 03:31,2026-03-13 03:31
Neutral,15211,2026-03-13 04:01,2026-03-13 04:01
Miedo,1391,2026-03-13 04:01,2026-03-13 04:01
Sorpresa,1009,2026-03-13 04:01,2026-03-13 04:01
Alegría,838,2026-03-13 04:01,2026-03-13 04:01
Tristeza,587,2026-03-13 04:01,2026-03-13 04:01
Ira,520,2026-03-13 04:01,2026-03-13 04:01
Neutral,15220,2026-03-13 04:31,2026-03-13 04:31
Miedo,1394,2026-03-13 04:31,2026-03-13 04:31
Sorpresa,1009,2026-03-13 04:31,2026-03-13 04:31
Alegría,838,2026-03-13 04:31,2026-03-13 04:31
Tristeza,588,2026-03-13 04:31,2026-03-13 04:31
Ira,520,2026-03-13 04:31,2026-03-13 04:31
Neutral,15222,2026-03-13 05:01,2026-03-13 05:01
Miedo,1394,2026-03-13 05:01,2026-03-13 05:01
Sorpresa,1009,2026-03-13 05:01,2026-03-13 05:01
Alegría,839,2026-03-13 05:01,2026-03-13 05:01
Tristeza,589,2026-03-13 05:01,2026-03-13 05:01
Ira,520,2026-03-13 05:01,2026-03-13 05:01
Neutral,15323,2026-03-13 05:31,2026-03-13 05:31
Miedo,1398,2026-03-13 05:31,2026-03-13 05:31
Sorpresa,1015,2026-03-13 05:31,2026-03-13 05:31
Alegría,846,2026-03-13 05:31,2026-03-13 05:31
Tristeza,591,2026-03-13 05:31,2026-03-13 05:31
Ira,524,2026-03-13 05:31,2026-03-13 05:31
Neutral,15410,2026-03-13 06:01,2026-03-13 06:01
Miedo,1407,2026-03-13 06:01,2026-03-13 06:01
Sorpresa,1020,2026-03-13 06:01,2026-03-13 06:01
Alegría,853,2026-03-13 06:01,2026-03-13 06:01
Tristeza,600,2026-03-13 06:01,2026-03-13 06:01
Ira,525,2026-03-13 06:01,2026-03-13 06:01
Neutral,15501,2026-03-13 06:31,2026-03-13 06:31
Miedo,1412,2026-03-13 06:31,2026-03-13 06:31
Sorpresa,1026,2026-03-13 06:31,2026-03-13 06:31
Alegría,859,2026-03-13 06:31,2026-03-13 06:31
Tristeza,603,2026-03-13 06:31,2026-03-13 06:31
Ira,528,2026-03-13 06:31,2026-03-13 06:31
Neutral,15554,2026-03-13 07:01,2026-03-13 07:01
Miedo,1417,2026-03-13 07:01,2026-03-13 07:01
Sorpresa,1028,2026-03-13 07:01,2026-03-13 07:01
Alegría,861,2026-03-13 07:01,2026-03-13 07:01
Tristeza,605,2026-03-13 07:01,2026-03-13 07:01
Ira,528,2026-03-13 07:01,2026-03-13 07:01
Neutral,15602,2026-03-13 07:31,2026-03-13 07:31
Miedo,1420,2026-03-13 07:31,2026-03-13 07:31
Sorpresa,1029,2026-03-13 07:31,2026-03-13 07:31
Alegría,863,2026-03-13 07:31,2026-03-13 07:31
Tristeza,606,2026-03-13 07:31,2026-03-13 07:31
Ira,529,2026-03-13 07:31,2026-03-13 07:31
Neutral,15687,2026-03-13 08:01,2026-03-13 08:01
Miedo,1426,2026-03-13 08:01,2026-03-13 08:01
Sorpresa,1035,2026-03-13 08:01,2026-03-13 08:01
Alegría,871,2026-03-13 08:01,2026-03-13 08:01
Tristeza,608,2026-03-13 08:01,2026-03-13 08:01
Ira,529,2026-03-13 08:01,2026-03-13 08:01
Neutral,15751,2026-03-13 08:31,2026-03-13 08:31
Miedo,1432,2026-03-13 08:31,2026-03-13 08:31
Sorpresa,1039,2026-03-13 08:31,2026-03-13 08:31
Alegría,874,2026-03-13 08:31,2026-03-13 08:31
Tristeza,613,2026-03-13 08:31,2026-03-13 08:31
Ira,532,2026-03-13 08:31,2026-03-13 08:31
Neutral,15802,2026-03-13 09:01,2026-03-13 09:01
Miedo,1440,2026-03-13 09:01,2026-03-13 09:01
Sorpresa,1039,2026-03-13 09:01,2026-03-13 09:01
Alegría,875,2026-03-13 09:01,2026-03-13 09:01
Tristeza,617,2026-03-13 09:01,2026-03-13 09:01
Ira,534,2026-03-13 09:01,2026-03-13 09:01
Neutral,15826,2026-03-13 09:14,2026-03-13 09:14
Miedo,1444,2026-03-13 09:14,2026-03-13 09:14
Sorpresa,1040,2026-03-13 09:14,2026-03-13 09:14
Alegría,878,2026-03-13 09:14,2026-03-13 09:14
Tristeza,618,2026-03-13 09:14,2026-03-13 09:14
Ira,534,2026-03-13 09:14,2026-03-13 09:14
Neutral,15836,2026-03-13 09:19,2026-03-13 09:19
Miedo,1444,2026-03-13 09:19,2026-03-13 09:19
Sorpresa,1040,2026-03-13 09:19,2026-03-13 09:19
Alegría,878,2026-03-13 09:19,2026-03-13 09:19
Tristeza,618,2026-03-13 09:19,2026-03-13 09:19
Ira,534,2026-03-13 09:19,2026-03-13 09:19
Neutral,15860,2026-03-13 09:31,2026-03-13 09:31
Miedo,1444,2026-03-13 09:31,2026-03-13 09:31
Sorpresa,1042,2026-03-13 09:31,2026-03-13 09:31
Alegría,881,2026-03-13 09:31,2026-03-13 09:31
Tristeza,619,2026-03-13 09:31,2026-03-13 09:31
Ira,534,2026-03-13 09:31,2026-03-13 09:31
Neutral,15925,2026-03-13 10:01,2026-03-13 10:01
Miedo,1452,2026-03-13 10:01,2026-03-13 10:01
Sorpresa,1046,2026-03-13 10:01,2026-03-13 10:01
Alegría,887,2026-03-13 10:01,2026-03-13 10:01
Tristeza,621,2026-03-13 10:01,2026-03-13 10:01
Ira,536,2026-03-13 10:01,2026-03-13 10:01
Neutral,16002,2026-03-13 10:31,2026-03-13 10:31
Miedo,1456,2026-03-13 10:31,2026-03-13 10:31
Sorpresa,1048,2026-03-13 10:31,2026-03-13 10:31
Alegría,895,2026-03-13 10:31,2026-03-13 10:31
Tristeza,624,2026-03-13 10:31,2026-03-13 10:31
Ira,541,2026-03-13 10:31,2026-03-13 10:31
Neutral,16058,2026-03-13 11:01,2026-03-13 11:01
Miedo,1467,2026-03-13 11:01,2026-03-13 11:01
Sorpresa,1052,2026-03-13 11:01,2026-03-13 11:01
Alegría,906,2026-03-13 11:01,2026-03-13 11:01
Tristeza,628,2026-03-13 11:01,2026-03-13 11:01
Ira,546,2026-03-13 11:01,2026-03-13 11:01
Neutral,16118,2026-03-13 11:31,2026-03-13 11:31
Miedo,1474,2026-03-13 11:31,2026-03-13 11:31
Sorpresa,1056,2026-03-13 11:31,2026-03-13 11:31
Alegría,909,2026-03-13 11:31,2026-03-13 11:31
Tristeza,632,2026-03-13 11:31,2026-03-13 11:31
Ira,548,2026-03-13 11:31,2026-03-13 11:31
Neutral,16185,2026-03-13 12:01,2026-03-13 12:01
Miedo,1479,2026-03-13 12:01,2026-03-13 12:01
Sorpresa,1059,2026-03-13 12:01,2026-03-13 12:01
Alegría,913,2026-03-13 12:01,2026-03-13 12:01
Tristeza,635,2026-03-13 12:01,2026-03-13 12:01
Ira,554,2026-03-13 12:01,2026-03-13 12:01
Neutral,16275,2026-03-13 12:31,2026-03-13 12:31
Miedo,1484,2026-03-13 12:31,2026-03-13 12:31
Sorpresa,1062,2026-03-13 12:31,2026-03-13 12:31
Alegría,919,2026-03-13 12:31,2026-03-13 12:31
Tristeza,636,2026-03-13 12:31,2026-03-13 12:31
Ira,557,2026-03-13 12:31,2026-03-13 12:31
Neutral,16374,2026-03-13 13:01,2026-03-13 13:01
Miedo,1489,2026-03-13 13:01,2026-03-13 13:01
Sorpresa,1071,2026-03-13 13:01,2026-03-13 13:01
Alegría,921,2026-03-13 13:01,2026-03-13 13:01
Tristeza,640,2026-03-13 13:01,2026-03-13 13:01
Ira,561,2026-03-13 13:01,2026-03-13 13:01
Neutral,16477,2026-03-13 13:31,2026-03-13 13:31
Miedo,1498,2026-03-13 13:31,2026-03-13 13:31
Sorpresa,1075,2026-03-13 13:31,2026-03-13 13:31
Alegría,925,2026-03-13 13:31,2026-03-13 13:31
Tristeza,646,2026-03-13 13:31,2026-03-13 13:31
Ira,564,2026-03-13 13:31,2026-03-13 13:31
Neutral,16610,2026-03-13 14:31,2026-03-13 14:31
Miedo,1503,2026-03-13 14:31,2026-03-13 14:31
Sorpresa,1086,2026-03-13 14:31,2026-03-13 14:31
Alegría,934,2026-03-13 14:31,2026-03-13 14:31
Tristeza,659,2026-03-13 14:31,2026-03-13 14:31
Ira,571,2026-03-13 14:31,2026-03-13 14:31
Neutral,16663,2026-03-13 15:01,2026-03-13 15:01
Miedo,1513,2026-03-13 15:01,2026-03-13 15:01
Sorpresa,1097,2026-03-13 15:01,2026-03-13 15:01
Alegría,938,2026-03-13 15:01,2026-03-13 15:01
Tristeza,664,2026-03-13 15:01,2026-03-13 15:01
Ira,577,2026-03-13 15:01,2026-03-13 15:01
Neutral,16722,2026-03-13 15:31,2026-03-13 15:31
Miedo,1515,2026-03-13 15:31,2026-03-13 15:31
Sorpresa,1099,2026-03-13 15:31,2026-03-13 15:31
Alegría,942,2026-03-13 15:31,2026-03-13 15:31
Tristeza,669,2026-03-13 15:31,2026-03-13 15:31
Ira,579,2026-03-13 15:31,2026-03-13 15:31
Neutral,16792,2026-03-13 16:01,2026-03-13 16:01
Miedo,1519,2026-03-13 16:01,2026-03-13 16:01
Sorpresa,1105,2026-03-13 16:01,2026-03-13 16:01
Alegría,945,2026-03-13 16:01,2026-03-13 16:01
Tristeza,679,2026-03-13 16:01,2026-03-13 16:01
Ira,581,2026-03-13 16:01,2026-03-13 16:01
Neutral,16862,2026-03-13 16:31,2026-03-13 16:31
Miedo,1524,2026-03-13 16:31,2026-03-13 16:31
Sorpresa,1106,2026-03-13 16:31,2026-03-13 16:31
Alegría,949,2026-03-13 16:31,2026-03-13 16:31
Tristeza,682,2026-03-13 16:31,2026-03-13 16:31
Ira,581,2026-03-13 16:31,2026-03-13 16:31
Neutral,16934,2026-03-13 17:01,2026-03-13 17:01
Miedo,1531,2026-03-13 17:01,2026-03-13 17:01
Sorpresa,1109,2026-03-13 17:01,2026-03-13 17:01
Alegría,952,2026-03-13 17:01,2026-03-13 17:01
Tristeza,685,2026-03-13 17:01,2026-03-13 17:01
Ira,584,2026-03-13 17:01,2026-03-13 17:01
Neutral,16980,2026-03-13 17:31,2026-03-13 17:31
Miedo,1537,2026-03-13 17:31,2026-03-13 17:31
Sorpresa,1113,2026-03-13 17:31,2026-03-13 17:31
Alegría,958,2026-03-13 17:31,2026-03-13 17:31
Tristeza,688,2026-03-13 17:31,2026-03-13 17:31
Ira,586,2026-03-13 17:31,2026-03-13 17:31
Neutral,17042,2026-03-13 18:01,2026-03-13 18:01
Miedo,1540,2026-03-13 18:01,2026-03-13 18:01
Sorpresa,1117,2026-03-13 18:01,2026-03-13 18:01
Alegría,963,2026-03-13 18:01,2026-03-13 18:01
Tristeza,693,2026-03-13 18:01,2026-03-13 18:01
Ira,588,2026-03-13 18:01,2026-03-13 18:01
Neutral,17104,2026-03-13 18:31,2026-03-13 18:31
Miedo,1544,2026-03-13 18:31,2026-03-13 18:31
Sorpresa,1119,2026-03-13 18:31,2026-03-13 18:31
Alegría,972,2026-03-13 18:31,2026-03-13 18:31
Tristeza,695,2026-03-13 18:31,2026-03-13 18:31
Ira,589,2026-03-13 18:31,2026-03-13 18:31
Neutral,17162,2026-03-13 19:01,2026-03-13 19:01
Miedo,1548,2026-03-13 19:01,2026-03-13 19:01
Sorpresa,1120,2026-03-13 19:01,2026-03-13 19:01
Alegría,974,2026-03-13 19:01,2026-03-13 19:01
Tristeza,695,2026-03-13 19:01,2026-03-13 19:01
Ira,590,2026-03-13 19:01,2026-03-13 19:01
Neutral,17227,2026-03-13 19:31,2026-03-13 19:31
Miedo,1549,2026-03-13 19:31,2026-03-13 19:31
Sorpresa,1123,2026-03-13 19:31,2026-03-13 19:31
Alegría,976,2026-03-13 19:31,2026-03-13 19:31
Tristeza,697,2026-03-13 19:31,2026-03-13 19:31
Ira,591,2026-03-13 19:31,2026-03-13 19:31
Neutral,17265,2026-03-13 20:01,2026-03-13 20:01
Miedo,1554,2026-03-13 20:01,2026-03-13 20:01
Sorpresa,1130,2026-03-13 20:01,2026-03-13 20:01
Alegría,976,2026-03-13 20:01,2026-03-13 20:01
Tristeza,697,2026-03-13 20:01,2026-03-13 20:01
Ira,593,2026-03-13 20:01,2026-03-13 20:01
Neutral,17316,2026-03-13 20:31,2026-03-13 20:31
Miedo,1558,2026-03-13 20:31,2026-03-13 20:31
Sorpresa,1134,2026-03-13 20:31,2026-03-13 20:31
Alegría,978,2026-03-13 20:31,2026-03-13 20:31
Tristeza,700,2026-03-13 20:31,2026-03-13 20:31
Ira,594,2026-03-13 20:31,2026-03-13 20:31
Neutral,17366,2026-03-13 21:01,2026-03-13 21:01
Miedo,1562,2026-03-13 21:01,2026-03-13 21:01
Sorpresa,1135,2026-03-13 21:01,2026-03-13 21:01
Alegría,980,2026-03-13 21:01,2026-03-13 21:01
Tristeza,700,2026-03-13 21:01,2026-03-13 21:01
Ira,594,2026-03-13 21:01,2026-03-13 21:01
Neutral,17419,2026-03-13 21:31,2026-03-13 21:31
Miedo,1565,2026-03-13 21:31,2026-03-13 21:31
Sorpresa,1135,2026-03-13 21:31,2026-03-13 21:31
Alegría,987,2026-03-13 21:31,2026-03-13 21:31
Tristeza,701,2026-03-13 21:31,2026-03-13 21:31
Ira,594,2026-03-13 21:31,2026-03-13 21:31
Neutral,17457,2026-03-13 22:01,2026-03-13 22:01
Miedo,1566,2026-03-13 22:01,2026-03-13 22:01
Sorpresa,1136,2026-03-13 22:01,2026-03-13 22:01
Alegría,989,2026-03-13 22:01,2026-03-13 22:01
Tristeza,702,2026-03-13 22:01,2026-03-13 22:01
Ira,596,2026-03-13 22:01,2026-03-13 22:01
Neutral,17483,2026-03-13 22:31,2026-03-13 22:31
Miedo,1567,2026-03-13 22:31,2026-03-13 22:31
Sorpresa,1139,2026-03-13 22:31,2026-03-13 22:31
Alegría,991,2026-03-13 22:31,2026-03-13 22:31
Tristeza,702,2026-03-13 22:31,2026-03-13 22:31
Ira,596,2026-03-13 22:31,2026-03-13 22:31
Neutral,17503,2026-03-13 23:01,2026-03-13 23:01
Miedo,1570,2026-03-13 23:01,2026-03-13 23:01
Sorpresa,1143,2026-03-13 23:01,2026-03-13 23:01
Alegría,992,2026-03-13 23:01,2026-03-13 23:01
Tristeza,703,2026-03-13 23:01,2026-03-13 23:01
Ira,596,2026-03-13 23:01,2026-03-13 23:01
Neutral,17537,2026-03-13 23:31,2026-03-13 23:31
Miedo,1572,2026-03-13 23:31,2026-03-13 23:31
Sorpresa,1144,2026-03-13 23:31,2026-03-13 23:31
Alegría,995,2026-03-13 23:31,2026-03-13 23:31
Tristeza,703,2026-03-13 23:31,2026-03-13 23:31
Ira,596,2026-03-13 23:31,2026-03-13 23:31
Neutral,17558,2026-03-14 00:01,2026-03-14 00:01
Miedo,1574,2026-03-14 00:01,2026-03-14 00:01
Sorpresa,1144,2026-03-14 00:01,2026-03-14 00:01
Alegría,996,2026-03-14 00:01,2026-03-14 00:01
Tristeza,703,2026-03-14 00:01,2026-03-14 00:01
Ira,596,2026-03-14 00:01,2026-03-14 00:01
Neutral,17622,2026-03-14 00:31,2026-03-14 00:31
Miedo,1578,2026-03-14 00:31,2026-03-14 00:31
Sorpresa,1147,2026-03-14 00:31,2026-03-14 00:31
Alegría,1000,2026-03-14 00:31,2026-03-14 00:31
Tristeza,705,2026-03-14 00:31,2026-03-14 00:31
Ira,597,2026-03-14 00:31,2026-03-14 00:31
