block,total,pro,anti,neutral,avg_score,dominant,pro_pct,anti_pct,last_update,cycle
UE,14245,1227,1,13017,0.086,pro,8.6,0.0,2026-03-15 09:43,2026-03-15 09:43
EEUU,5676,0,4095,1581,-0.721,anti,0.0,72.1,2026-03-15 09:43,2026-03-15 09:43
China,281,7,0,274,0.025,pro,2.5,0.0,2026-03-15 09:43,2026-03-15 09:43
OTAN,262,253,6,3,0.943,pro,96.6,2.3,2026-03-15 09:43,2026-03-15 09:43
Rusia,196,6,8,182,-0.01,anti,3.1,4.1,2026-03-15 09:43,2026-03-15 09:43
Inmigración,122,20,20,82,0.0,neutral,16.4,16.4,2026-03-15 09:43,2026-03-15 09:43
MERCOSUR,110,29,0,81,0.264,pro,26.4,0.0,2026-03-15 09:43,2026-03-15 09:43
UE,14275,1227,1,13047,0.086,pro,8.6,0.0,2026-03-15 10:05,2026-03-15 10:05
EEUU,5683,0,4100,1583,-0.721,anti,0.0,72.1,2026-03-15 10:05,2026-03-15 10:05
China,286,7,0,279,0.024,pro,2.4,0.0,2026-03-15 10:05,2026-03-15 10:05
OTAN,262,253,6,3,0.943,pro,96.6,2.3,2026-03-15 10:05,2026-03-15 10:05
Rusia,196,6,8,182,-0.01,anti,3.1,4.1,2026-03-15 10:05,2026-03-15 10:05
Inmigración,122,20,20,82,0.0,neutral,16.4,16.4,2026-03-15 10:05,2026-03-15 10:05
MERCOSUR,110,29,0,81,0.264,pro,26.4,0.0,2026-03-15 10:05,2026-03-15 10:05
UE,14314,1236,1,13077,0.086,pro,8.6,0.0,2026-03-15 10:35,2026-03-15 10:35
EEUU,5695,0,4108,1587,-0.721,anti,0.0,72.1,2026-03-15 10:35,2026-03-15 10:35
China,288,7,0,281,0.024,pro,2.4,0.0,2026-03-15 10:35,2026-03-15 10:35
OTAN,262,253,6,3,0.943,pro,96.6,2.3,2026-03-15 10:35,2026-03-15 10:35
Rusia,196,6,8,182,-0.01,anti,3.1,4.1,2026-03-15 10:35,2026-03-15 10:35
Inmigración,122,20,20,82,0.0,neutral,16.4,16.4,2026-03-15 10:35,2026-03-15 10:35
MERCOSUR,110,29,0,81,0.264,pro,26.4,0.0,2026-03-15 10:35,2026-03-15 10:35
UE,14337,1237,1,13099,0.086,pro,8.6,0.0,2026-03-15 11:05,2026-03-15 11:05
EEUU,5711,0,4120,1591,-0.721,anti,0.0,72.1,2026-03-15 11:05,2026-03-15 11:05
China,291,7,0,284,0.024,pro,2.4,0.0,2026-03-15 11:05,2026-03-15 11:05
OTAN,263,254,6,3,0.943,pro,96.6,2.3,2026-03-15 11:05,2026-03-15 11:05
Rusia,196,6,8,182,-0.01,anti,3.1,4.1,2026-03-15 11:05,2026-03-15 11:05
Inmigración,122,20,20,82,0.0,neutral,16.4,16.4,2026-03-15 11:05,2026-03-15 11:05
MERCOSUR,111,29,0,82,0.261,pro,26.1,0.0,2026-03-15 11:05,2026-03-15 11:05
UE,14374,1238,1,13135,0.086,pro,8.6,0.0,2026-03-15 11:35,2026-03-15 11:35
EEUU,5724,0,4133,1591,-0.722,anti,0.0,72.2,2026-03-15 11:35,2026-03-15 11:35
China,292,7,0,285,0.024,pro,2.4,0.0,2026-03-15 11:35,2026-03-15 11:35
OTAN,263,254,6,3,0.943,pro,96.6,2.3,2026-03-15 11:35,2026-03-15 11:35
Rusia,196,6,8,182,-0.01,anti,3.1,4.1,2026-03-15 11:35,2026-03-15 11:35
Inmigración,123,21,20,82,0.008,pro,17.1,16.3,2026-03-15 11:35,2026-03-15 11:35
MERCOSUR,111,29,0,82,0.261,pro,26.1,0.0,2026-03-15 11:35,2026-03-15 11:35
UE,14407,1240,1,13166,0.086,pro,8.6,0.0,2026-03-15 12:06,2026-03-15 12:06
EEUU,5737,0,4144,1593,-0.722,anti,0.0,72.2,2026-03-15 12:06,2026-03-15 12:06
China,294,7,0,287,0.024,pro,2.4,0.0,2026-03-15 12:06,2026-03-15 12:06
OTAN,263,254,6,3,0.943,pro,96.6,2.3,2026-03-15 12:06,2026-03-15 12:06
Rusia,196,6,8,182,-0.01,anti,3.1,4.1,2026-03-15 12:06,2026-03-15 12:06
Inmigración,123,21,20,82,0.008,pro,17.1,16.3,2026-03-15 12:06,2026-03-15 12:06
MERCOSUR,111,29,0,82,0.261,pro,26.1,0.0,2026-03-15 12:06,2026-03-15 12:06
UE,14452,1244,1,13207,0.086,pro,8.6,0.0,2026-03-15 12:35,2026-03-15 12:35
EEUU,5760,0,4163,1597,-0.723,anti,0.0,72.3,2026-03-15 12:35,2026-03-15 12:35
China,294,7,0,287,0.024,pro,2.4,0.0,2026-03-15 12:35,2026-03-15 12:35
OTAN,263,254,6,3,0.943,pro,96.6,2.3,2026-03-15 12:35,2026-03-15 12:35
Rusia,200,6,8,186,-0.01,anti,3.0,4.0,2026-03-15 12:35,2026-03-15 12:35
Inmigración,124,21,21,82,0.0,neutral,16.9,16.9,2026-03-15 12:35,2026-03-15 12:35
MERCOSUR,111,29,0,82,0.261,pro,26.1,0.0,2026-03-15 12:35,2026-03-15 12:35
UE,14492,1248,1,13243,0.086,pro,8.6,0.0,2026-03-15 13:05,2026-03-15 13:05
EEUU,5778,0,4176,1602,-0.723,anti,0.0,72.3,2026-03-15 13:05,2026-03-15 13:05
China,298,7,0,291,0.023,pro,2.3,0.0,2026-03-15 13:05,2026-03-15 13:05
OTAN,264,255,6,3,0.943,pro,96.6,2.3,2026-03-15 13:05,2026-03-15 13:05
Rusia,200,6,8,186,-0.01,anti,3.0,4.0,2026-03-15 13:05,2026-03-15 13:05
Inmigración,124,21,21,82,0.0,neutral,16.9,16.9,2026-03-15 13:05,2026-03-15 13:05
MERCOSUR,112,29,0,83,0.259,pro,25.9,0.0,2026-03-15 13:05,2026-03-15 13:05
UE,14532,1252,1,13279,0.086,pro,8.6,0.0,2026-03-15 13:35,2026-03-15 13:35
EEUU,5790,0,4186,1604,-0.723,anti,0.0,72.3,2026-03-15 13:35,2026-03-15 13:35
China,299,7,0,292,0.023,pro,2.3,0.0,2026-03-15 13:35,2026-03-15 13:35
OTAN,265,256,6,3,0.943,pro,96.6,2.3,2026-03-15 13:35,2026-03-15 13:35
Rusia,200,6,8,186,-0.01,anti,3.0,4.0,2026-03-15 13:35,2026-03-15 13:35
Inmigración,124,21,21,82,0.0,neutral,16.9,16.9,2026-03-15 13:35,2026-03-15 13:35
MERCOSUR,112,29,0,83,0.259,pro,25.9,0.0,2026-03-15 13:35,2026-03-15 13:35
UE,14566,1254,1,13311,0.086,pro,8.6,0.0,2026-03-15 14:05,2026-03-15 14:05
EEUU,5813,0,4205,1608,-0.723,anti,0.0,72.3,2026-03-15 14:05,2026-03-15 14:05
China,301,7,0,294,0.023,pro,2.3,0.0,2026-03-15 14:05,2026-03-15 14:05
OTAN,267,258,6,3,0.944,pro,96.6,2.2,2026-03-15 14:05,2026-03-15 14:05
Rusia,200,6,8,186,-0.01,anti,3.0,4.0,2026-03-15 14:05,2026-03-15 14:05
Inmigración,124,21,21,82,0.0,neutral,16.9,16.9,2026-03-15 14:05,2026-03-15 14:05
MERCOSUR,112,29,0,83,0.259,pro,25.9,0.0,2026-03-15 14:05,2026-03-15 14:05
UE,14610,1258,1,13351,0.086,pro,8.6,0.0,2026-03-15 14:35,2026-03-15 14:35
EEUU,5837,0,4223,1614,-0.723,anti,0.0,72.3,2026-03-15 14:35,2026-03-15 14:35
China,302,7,0,295,0.023,pro,2.3,0.0,2026-03-15 14:35,2026-03-15 14:35
OTAN,268,259,6,3,0.944,pro,96.6,2.2,2026-03-15 14:35,2026-03-15 14:35
Rusia,201,6,8,187,-0.01,anti,3.0,4.0,2026-03-15 14:35,2026-03-15 14:35
Inmigración,124,21,21,82,0.0,neutral,16.9,16.9,2026-03-15 14:35,2026-03-15 14:35
MERCOSUR,115,29,0,86,0.252,pro,25.2,0.0,2026-03-15 14:35,2026-03-15 14:35
UE,14640,1259,1,13380,0.086,pro,8.6,0.0,2026-03-15 15:05,2026-03-15 15:05
EEUU,5851,0,4234,1617,-0.724,anti,0.0,72.4,2026-03-15 15:05,2026-03-15 15:05
China,304,7,0,297,0.023,pro,2.3,0.0,2026-03-15 15:05,2026-03-15 15:05
OTAN,268,259,6,3,0.944,pro,96.6,2.2,2026-03-15 15:05,2026-03-15 15:05
Rusia,201,6,8,187,-0.01,anti,3.0,4.0,2026-03-15 15:05,2026-03-15 15:05
Inmigración,124,21,21,82,0.0,neutral,16.9,16.9,2026-03-15 15:05,2026-03-15 15:05
MERCOSUR,119,29,0,90,0.244,pro,24.4,0.0,2026-03-15 15:05,2026-03-15 15:05
UE,14679,1262,1,13416,0.086,pro,8.6,0.0,2026-03-15 15:35,2026-03-15 15:35
EEUU,5865,0,4243,1622,-0.723,anti,0.0,72.3,2026-03-15 15:35,2026-03-15 15:35
China,304,7,0,297,0.023,pro,2.3,0.0,2026-03-15 15:35,2026-03-15 15:35
OTAN,270,261,6,3,0.944,pro,96.7,2.2,2026-03-15 15:35,2026-03-15 15:35
Rusia,202,6,8,188,-0.01,anti,3.0,4.0,2026-03-15 15:35,2026-03-15 15:35
Inmigración,124,21,21,82,0.0,neutral,16.9,16.9,2026-03-15 15:35,2026-03-15 15:35
MERCOSUR,121,29,0,92,0.24,pro,24.0,0.0,2026-03-15 15:35,2026-03-15 15:35
UE,14700,1263,1,13436,0.086,pro,8.6,0.0,2026-03-15 16:05,2026-03-15 16:05
EEUU,5872,0,4249,1623,-0.724,anti,0.0,72.4,2026-03-15 16:05,2026-03-15 16:05
China,304,7,0,297,0.023,pro,2.3,0.0,2026-03-15 16:05,2026-03-15 16:05
OTAN,275,266,6,3,0.945,pro,96.7,2.2,2026-03-15 16:05,2026-03-15 16:05
Rusia,202,6,8,188,-0.01,anti,3.0,4.0,2026-03-15 16:05,2026-03-15 16:05
Inmigración,124,21,21,82,0.0,neutral,16.9,16.9,2026-03-15 16:05,2026-03-15 16:05
MERCOSUR,123,29,0,94,0.236,pro,23.6,0.0,2026-03-15 16:05,2026-03-15 16:05
UE,14721,1263,1,13457,0.086,pro,8.6,0.0,2026-03-15 16:35,2026-03-15 16:35
EEUU,5879,0,4253,1626,-0.723,anti,0.0,72.3,2026-03-15 16:35,2026-03-15 16:35
China,304,7,0,297,0.023,pro,2.3,0.0,2026-03-15 16:35,2026-03-15 16:35
OTAN,279,270,6,3,0.946,pro,96.8,2.2,2026-03-15 16:35,2026-03-15 16:35
Rusia,202,6,8,188,-0.01,anti,3.0,4.0,2026-03-15 16:35,2026-03-15 16:35
Inmigración,124,21,21,82,0.0,neutral,16.9,16.9,2026-03-15 16:35,2026-03-15 16:35
MERCOSUR,123,29,0,94,0.236,pro,23.6,0.0,2026-03-15 16:35,2026-03-15 16:35
UE,14751,1265,1,13485,0.086,pro,8.6,0.0,2026-03-15 17:06,2026-03-15 17:06
EEUU,5887,0,4258,1629,-0.723,anti,0.0,72.3,2026-03-15 17:06,2026-03-15 17:06
China,306,7,0,299,0.023,pro,2.3,0.0,2026-03-15 17:06,2026-03-15 17:06
OTAN,279,270,6,3,0.946,pro,96.8,2.2,2026-03-15 17:06,2026-03-15 17:06
Rusia,203,6,8,189,-0.01,anti,3.0,3.9,2026-03-15 17:06,2026-03-15 17:06
Inmigración,124,21,21,82,0.0,neutral,16.9,16.9,2026-03-15 17:06,2026-03-15 17:06
MERCOSUR,123,29,0,94,0.236,pro,23.6,0.0,2026-03-15 17:06,2026-03-15 17:06
UE,14783,1268,1,13514,0.086,pro,8.6,0.0,2026-03-15 17:36,2026-03-15 17:36
EEUU,5905,0,4271,1634,-0.723,anti,0.0,72.3,2026-03-15 17:36,2026-03-15 17:36
China,307,7,0,300,0.023,pro,2.3,0.0,2026-03-15 17:36,2026-03-15 17:36
OTAN,279,270,6,3,0.946,pro,96.8,2.2,2026-03-15 17:36,2026-03-15 17:36
Rusia,203,6,8,189,-0.01,anti,3.0,3.9,2026-03-15 17:36,2026-03-15 17:36
Inmigración,124,21,21,82,0.0,neutral,16.9,16.9,2026-03-15 17:36,2026-03-15 17:36
MERCOSUR,123,29,0,94,0.236,pro,23.6,0.0,2026-03-15 17:36,2026-03-15 17:36
UE,14815,1270,2,13543,0.086,pro,8.6,0.0,2026-03-15 18:05,2026-03-15 18:05
EEUU,5914,0,4278,1636,-0.723,anti,0.0,72.3,2026-03-15 18:05,2026-03-15 18:05
China,307,7,0,300,0.023,pro,2.3,0.0,2026-03-15 18:05,2026-03-15 18:05
OTAN,280,271,6,3,0.946,pro,96.8,2.1,2026-03-15 18:05,2026-03-15 18:05
Rusia,203,6,8,189,-0.01,anti,3.0,3.9,2026-03-15 18:05,2026-03-15 18:05
Inmigración,125,21,21,83,0.0,neutral,16.8,16.8,2026-03-15 18:05,2026-03-15 18:05
MERCOSUR,124,29,0,95,0.234,pro,23.4,0.0,2026-03-15 18:05,2026-03-15 18:05
UE,14848,1273,2,13573,0.086,pro,8.6,0.0,2026-03-15 18:35,2026-03-15 18:35
EEUU,5922,0,4285,1637,-0.724,anti,0.0,72.4,2026-03-15 18:35,2026-03-15 18:35
China,307,7,0,300,0.023,pro,2.3,0.0,2026-03-15 18:35,2026-03-15 18:35
OTAN,281,272,6,3,0.947,pro,96.8,2.1,2026-03-15 18:35,2026-03-15 18:35
Rusia,203,6,8,189,-0.01,anti,3.0,3.9,2026-03-15 18:35,2026-03-15 18:35
Inmigración,125,21,21,83,0.0,neutral,16.8,16.8,2026-03-15 18:35,2026-03-15 18:35
MERCOSUR,125,29,0,96,0.232,pro,23.2,0.0,2026-03-15 18:35,2026-03-15 18:35
UE,14884,1273,2,13609,0.085,pro,8.6,0.0,2026-03-15 19:05,2026-03-15 19:05
EEUU,5939,0,4296,1643,-0.723,anti,0.0,72.3,2026-03-15 19:05,2026-03-15 19:05
China,308,7,0,301,0.023,pro,2.3,0.0,2026-03-15 19:05,2026-03-15 19:05
OTAN,282,273,6,3,0.947,pro,96.8,2.1,2026-03-15 19:05,2026-03-15 19:05
Rusia,204,6,8,190,-0.01,anti,2.9,3.9,2026-03-15 19:05,2026-03-15 19:05
Inmigración,125,21,21,83,0.0,neutral,16.8,16.8,2026-03-15 19:05,2026-03-15 19:05
MERCOSUR,125,29,0,96,0.232,pro,23.2,0.0,2026-03-15 19:05,2026-03-15 19:05
UE,14926,1276,2,13648,0.085,pro,8.5,0.0,2026-03-15 19:35,2026-03-15 19:35
EEUU,5953,0,4308,1645,-0.724,anti,0.0,72.4,2026-03-15 19:35,2026-03-15 19:35
China,308,7,0,301,0.023,pro,2.3,0.0,2026-03-15 19:35,2026-03-15 19:35
OTAN,282,273,6,3,0.947,pro,96.8,2.1,2026-03-15 19:35,2026-03-15 19:35
Rusia,204,6,8,190,-0.01,anti,2.9,3.9,2026-03-15 19:35,2026-03-15 19:35
Inmigración,125,21,21,83,0.0,neutral,16.8,16.8,2026-03-15 19:35,2026-03-15 19:35
MERCOSUR,125,29,0,96,0.232,pro,23.2,0.0,2026-03-15 19:35,2026-03-15 19:35
UE,14946,1277,2,13667,0.085,pro,8.5,0.0,2026-03-15 20:05,2026-03-15 20:05
EEUU,5970,0,4320,1650,-0.724,anti,0.0,72.4,2026-03-15 20:05,2026-03-15 20:05
China,310,7,0,303,0.023,pro,2.3,0.0,2026-03-15 20:05,2026-03-15 20:05
OTAN,283,274,6,3,0.947,pro,96.8,2.1,2026-03-15 20:05,2026-03-15 20:05
Rusia,204,6,8,190,-0.01,anti,2.9,3.9,2026-03-15 20:05,2026-03-15 20:05
Inmigración,125,21,21,83,0.0,neutral,16.8,16.8,2026-03-15 20:05,2026-03-15 20:05
MERCOSUR,125,29,0,96,0.232,pro,23.2,0.0,2026-03-15 20:05,2026-03-15 20:05
UE,14976,1278,2,13696,0.085,pro,8.5,0.0,2026-03-15 20:35,2026-03-15 20:35
EEUU,5982,0,4331,1651,-0.724,anti,0.0,72.4,2026-03-15 20:35,2026-03-15 20:35
China,311,7,0,304,0.023,pro,2.3,0.0,2026-03-15 20:35,2026-03-15 20:35
OTAN,285,275,7,3,0.94,pro,96.5,2.5,2026-03-15 20:35,2026-03-15 20:35
Rusia,204,6,8,190,-0.01,anti,2.9,3.9,2026-03-15 20:35,2026-03-15 20:35
Inmigración,125,21,21,83,0.0,neutral,16.8,16.8,2026-03-15 20:35,2026-03-15 20:35
MERCOSUR,125,29,0,96,0.232,pro,23.2,0.0,2026-03-15 20:35,2026-03-15 20:35
UE,15001,1280,2,13719,0.085,pro,8.5,0.0,2026-03-15 21:05,2026-03-15 21:05
EEUU,5994,0,4343,1651,-0.725,anti,0.0,72.5,2026-03-15 21:05,2026-03-15 21:05
China,312,7,0,305,0.022,pro,2.2,0.0,2026-03-15 21:05,2026-03-15 21:05
OTAN,287,277,7,3,0.941,pro,96.5,2.4,2026-03-15 21:05,2026-03-15 21:05
Rusia,204,6,8,190,-0.01,anti,2.9,3.9,2026-03-15 21:05,2026-03-15 21:05
MERCOSUR,126,29,0,97,0.23,pro,23.0,0.0,2026-03-15 21:05,2026-03-15 21:05
Inmigración,125,21,21,83,0.0,neutral,16.8,16.8,2026-03-15 21:05,2026-03-15 21:05
UE,15027,1280,2,13745,0.085,pro,8.5,0.0,2026-03-15 21:35,2026-03-15 21:35
EEUU,6006,0,4354,1652,-0.725,anti,0.0,72.5,2026-03-15 21:35,2026-03-15 21:35
China,312,7,0,305,0.022,pro,2.2,0.0,2026-03-15 21:35,2026-03-15 21:35
OTAN,287,277,7,3,0.941,pro,96.5,2.4,2026-03-15 21:35,2026-03-15 21:35
Rusia,204,6,8,190,-0.01,anti,2.9,3.9,2026-03-15 21:35,2026-03-15 21:35
MERCOSUR,127,29,0,98,0.228,pro,22.8,0.0,2026-03-15 21:35,2026-03-15 21:35
Inmigración,125,21,21,83,0.0,neutral,16.8,16.8,2026-03-15 21:35,2026-03-15 21:35
UE,15049,1281,2,13766,0.085,pro,8.5,0.0,2026-03-15 22:05,2026-03-15 22:05
EEUU,6014,0,4362,1652,-0.725,anti,0.0,72.5,2026-03-15 22:05,2026-03-15 22:05
China,312,7,0,305,0.022,pro,2.2,0.0,2026-03-15 22:05,2026-03-15 22:05
OTAN,288,278,7,3,0.941,pro,96.5,2.4,2026-03-15 22:05,2026-03-15 22:05
Rusia,204,6,8,190,-0.01,anti,2.9,3.9,2026-03-15 22:05,2026-03-15 22:05
MERCOSUR,128,29,0,99,0.227,pro,22.7,0.0,2026-03-15 22:05,2026-03-15 22:05
Inmigración,125,21,21,83,0.0,neutral,16.8,16.8,2026-03-15 22:05,2026-03-15 22:05
UE,15076,1282,2,13792,0.085,pro,8.5,0.0,2026-03-15 22:36,2026-03-15 22:36
EEUU,6027,0,4374,1653,-0.726,anti,0.0,72.6,2026-03-15 22:36,2026-03-15 22:36
China,312,7,0,305,0.022,pro,2.2,0.0,2026-03-15 22:36,2026-03-15 22:36
OTAN,288,278,7,3,0.941,pro,96.5,2.4,2026-03-15 22:36,2026-03-15 22:36
Rusia,205,6,8,191,-0.01,anti,2.9,3.9,2026-03-15 22:36,2026-03-15 22:36
MERCOSUR,128,29,0,99,0.227,pro,22.7,0.0,2026-03-15 22:36,2026-03-15 22:36
Inmigración,125,21,21,83,0.0,neutral,16.8,16.8,2026-03-15 22:36,2026-03-15 22:36
UE,15099,1283,2,13814,0.085,pro,8.5,0.0,2026-03-15 23:06,2026-03-15 23:06
EEUU,6039,0,4385,1654,-0.726,anti,0.0,72.6,2026-03-15 23:06,2026-03-15 23:06
China,312,7,0,305,0.022,pro,2.2,0.0,2026-03-15 23:06,2026-03-15 23:06
OTAN,288,278,7,3,0.941,pro,96.5,2.4,2026-03-15 23:06,2026-03-15 23:06
Rusia,205,6,8,191,-0.01,anti,2.9,3.9,2026-03-15 23:06,2026-03-15 23:06
MERCOSUR,128,29,0,99,0.227,pro,22.7,0.0,2026-03-15 23:06,2026-03-15 23:06
Inmigración,125,21,21,83,0.0,neutral,16.8,16.8,2026-03-15 23:06,2026-03-15 23:06
UE,15135,1283,2,13850,0.085,pro,8.5,0.0,2026-03-15 23:35,2026-03-15 23:35
EEUU,6048,0,4392,1656,-0.726,anti,0.0,72.6,2026-03-15 23:35,2026-03-15 23:35
China,312,7,0,305,0.022,pro,2.2,0.0,2026-03-15 23:35,2026-03-15 23:35
OTAN,289,279,7,3,0.941,pro,96.5,2.4,2026-03-15 23:35,2026-03-15 23:35
Rusia,205,6,8,191,-0.01,anti,2.9,3.9,2026-03-15 23:35,2026-03-15 23:35
MERCOSUR,129,29,0,100,0.225,pro,22.5,0.0,2026-03-15 23:35,2026-03-15 23:35
Inmigración,125,21,21,83,0.0,neutral,16.8,16.8,2026-03-15 23:35,2026-03-15 23:35
UE,15175,1284,2,13889,0.084,pro,8.5,0.0,2026-03-16 00:05,2026-03-16 00:05
EEUU,6058,0,4402,1656,-0.727,anti,0.0,72.7,2026-03-16 00:05,2026-03-16 00:05
China,312,7,0,305,0.022,pro,2.2,0.0,2026-03-16 00:05,2026-03-16 00:05
OTAN,290,280,7,3,0.941,pro,96.6,2.4,2026-03-16 00:05,2026-03-16 00:05
Rusia,205,6,8,191,-0.01,anti,2.9,3.9,2026-03-16 00:05,2026-03-16 00:05
MERCOSUR,130,29,0,101,0.223,pro,22.3,0.0,2026-03-16 00:05,2026-03-16 00:05
Inmigración,125,21,21,83,0.0,neutral,16.8,16.8,2026-03-16 00:05,2026-03-16 00:05
UE,15230,1290,2,13938,0.085,pro,8.5,0.0,2026-03-16 00:35,2026-03-16 00:35
EEUU,6072,0,4415,1657,-0.727,anti,0.0,72.7,2026-03-16 00:35,2026-03-16 00:35
China,312,7,0,305,0.022,pro,2.2,0.0,2026-03-16 00:35,2026-03-16 00:35
OTAN,290,280,7,3,0.941,pro,96.6,2.4,2026-03-16 00:35,2026-03-16 00:35
Rusia,205,6,8,191,-0.01,anti,2.9,3.9,2026-03-16 00:35,2026-03-16 00:35
MERCOSUR,130,29,0,101,0.223,pro,22.3,0.0,2026-03-16 00:35,2026-03-16 00:35
Inmigración,126,22,21,83,0.008,pro,17.5,16.7,2026-03-16 00:35,2026-03-16 00:35
UE,15256,1292,2,13962,0.085,pro,8.5,0.0,2026-03-16 01:05,2026-03-16 01:05
EEUU,6076,0,4419,1657,-0.727,anti,0.0,72.7,2026-03-16 01:05,2026-03-16 01:05
China,312,7,0,305,0.022,pro,2.2,0.0,2026-03-16 01:05,2026-03-16 01:05
OTAN,291,281,7,3,0.942,pro,96.6,2.4,2026-03-16 01:05,2026-03-16 01:05
Rusia,205,6,8,191,-0.01,anti,2.9,3.9,2026-03-16 01:05,2026-03-16 01:05
MERCOSUR,131,29,0,102,0.221,pro,22.1,0.0,2026-03-16 01:05,2026-03-16 01:05
Inmigración,126,22,21,83,0.008,pro,17.5,16.7,2026-03-16 01:05,2026-03-16 01:05
UE,15277,1293,2,13982,0.085,pro,8.5,0.0,2026-03-16 01:35,2026-03-16 01:35
EEUU,6082,0,4424,1658,-0.727,anti,0.0,72.7,2026-03-16 01:35,2026-03-16 01:35
China,312,7,0,305,0.022,pro,2.2,0.0,2026-03-16 01:35,2026-03-16 01:35
OTAN,291,281,7,3,0.942,pro,96.6,2.4,2026-03-16 01:35,2026-03-16 01:35
Rusia,206,6,8,192,-0.01,anti,2.9,3.9,2026-03-16 01:35,2026-03-16 01:35
MERCOSUR,131,29,0,102,0.221,pro,22.1,0.0,2026-03-16 01:35,2026-03-16 01:35
Inmigración,127,22,21,84,0.008,pro,17.3,16.5,2026-03-16 01:35,2026-03-16 01:35
UE,15297,1298,2,13997,0.085,pro,8.5,0.0,2026-03-16 02:05,2026-03-16 02:05
EEUU,6086,0,4427,1659,-0.727,anti,0.0,72.7,2026-03-16 02:05,2026-03-16 02:05
China,312,7,0,305,0.022,pro,2.2,0.0,2026-03-16 02:05,2026-03-16 02:05
OTAN,292,282,7,3,0.942,pro,96.6,2.4,2026-03-16 02:05,2026-03-16 02:05
Rusia,206,6,8,192,-0.01,anti,2.9,3.9,2026-03-16 02:05,2026-03-16 02:05
MERCOSUR,133,29,0,104,0.218,pro,21.8,0.0,2026-03-16 02:05,2026-03-16 02:05
Inmigración,127,22,21,84,0.008,pro,17.3,16.5,2026-03-16 02:05,2026-03-16 02:05
UE,15316,1301,2,14013,0.085,pro,8.5,0.0,2026-03-16 02:35,2026-03-16 02:35
EEUU,6096,0,4431,1665,-0.727,anti,0.0,72.7,2026-03-16 02:35,2026-03-16 02:35
China,312,7,0,305,0.022,pro,2.2,0.0,2026-03-16 02:35,2026-03-16 02:35
OTAN,295,284,8,3,0.936,pro,96.3,2.7,2026-03-16 02:35,2026-03-16 02:35
Rusia,206,6,8,192,-0.01,anti,2.9,3.9,2026-03-16 02:35,2026-03-16 02:35
MERCOSUR,133,29,0,104,0.218,pro,21.8,0.0,2026-03-16 02:35,2026-03-16 02:35
Inmigración,127,22,21,84,0.008,pro,17.3,16.5,2026-03-16 02:35,2026-03-16 02:35
UE,15330,1302,2,14026,0.085,pro,8.5,0.0,2026-03-16 03:05,2026-03-16 03:05
EEUU,6102,0,4435,1667,-0.727,anti,0.0,72.7,2026-03-16 03:05,2026-03-16 03:05
China,312,7,0,305,0.022,pro,2.2,0.0,2026-03-16 03:05,2026-03-16 03:05
OTAN,295,284,8,3,0.936,pro,96.3,2.7,2026-03-16 03:05,2026-03-16 03:05
Rusia,206,6,8,192,-0.01,anti,2.9,3.9,2026-03-16 03:05,2026-03-16 03:05
MERCOSUR,133,29,0,104,0.218,pro,21.8,0.0,2026-03-16 03:05,2026-03-16 03:05
Inmigración,127,22,21,84,0.008,pro,17.3,16.5,2026-03-16 03:05,2026-03-16 03:05
UE,15351,1302,2,14047,0.085,pro,8.5,0.0,2026-03-16 03:35,2026-03-16 03:35
EEUU,6112,0,4441,1671,-0.727,anti,0.0,72.7,2026-03-16 03:35,2026-03-16 03:35
China,313,7,0,306,0.022,pro,2.2,0.0,2026-03-16 03:35,2026-03-16 03:35
OTAN,295,284,8,3,0.936,pro,96.3,2.7,2026-03-16 03:35,2026-03-16 03:35
Rusia,206,6,8,192,-0.01,anti,2.9,3.9,2026-03-16 03:35,2026-03-16 03:35
MERCOSUR,133,29,0,104,0.218,pro,21.8,0.0,2026-03-16 03:35,2026-03-16 03:35
Inmigración,127,22,21,84,0.008,pro,17.3,16.5,2026-03-16 03:35,2026-03-16 03:35
UE,15363,1302,2,14059,0.085,pro,8.5,0.0,2026-03-16 04:05,2026-03-16 04:05
EEUU,6116,0,4444,1672,-0.727,anti,0.0,72.7,2026-03-16 04:05,2026-03-16 04:05
China,313,7,0,306,0.022,pro,2.2,0.0,2026-03-16 04:05,2026-03-16 04:05
OTAN,296,285,8,3,0.936,pro,96.3,2.7,2026-03-16 04:05,2026-03-16 04:05
Rusia,206,6,8,192,-0.01,anti,2.9,3.9,2026-03-16 04:05,2026-03-16 04:05
MERCOSUR,134,29,0,105,0.216,pro,21.6,0.0,2026-03-16 04:05,2026-03-16 04:05
Inmigración,127,22,21,84,0.008,pro,17.3,16.5,2026-03-16 04:05,2026-03-16 04:05
UE,15375,1303,2,14070,0.085,pro,8.5,0.0,2026-03-16 04:35,2026-03-16 04:35
EEUU,6120,0,4446,1674,-0.726,anti,0.0,72.6,2026-03-16 04:35,2026-03-16 04:35
China,313,7,0,306,0.022,pro,2.2,0.0,2026-03-16 04:35,2026-03-16 04:35
OTAN,296,285,8,3,0.936,pro,96.3,2.7,2026-03-16 04:35,2026-03-16 04:35
Rusia,206,6,8,192,-0.01,anti,2.9,3.9,2026-03-16 04:35,2026-03-16 04:35
MERCOSUR,134,29,0,105,0.216,pro,21.6,0.0,2026-03-16 04:35,2026-03-16 04:35
Inmigración,127,22,21,84,0.008,pro,17.3,16.5,2026-03-16 04:35,2026-03-16 04:35
UE,15385,1303,2,14080,0.085,pro,8.5,0.0,2026-03-16 05:05,2026-03-16 05:05
EEUU,6126,0,4448,1678,-0.726,anti,0.0,72.6,2026-03-16 05:05,2026-03-16 05:05
China,313,7,0,306,0.022,pro,2.2,0.0,2026-03-16 05:05,2026-03-16 05:05
OTAN,299,288,8,3,0.936,pro,96.3,2.7,2026-03-16 05:05,2026-03-16 05:05
Rusia,206,6,8,192,-0.01,anti,2.9,3.9,2026-03-16 05:05,2026-03-16 05:05
MERCOSUR,134,29,0,105,0.216,pro,21.6,0.0,2026-03-16 05:05,2026-03-16 05:05
Inmigración,127,22,21,84,0.008,pro,17.3,16.5,2026-03-16 05:05,2026-03-16 05:05
UE,15435,1307,2,14126,0.085,pro,8.5,0.0,2026-03-16 05:35,2026-03-16 05:35
EEUU,6137,0,4456,1681,-0.726,anti,0.0,72.6,2026-03-16 05:35,2026-03-16 05:35
China,315,7,0,308,0.022,pro,2.2,0.0,2026-03-16 05:35,2026-03-16 05:35
OTAN,299,288,8,3,0.936,pro,96.3,2.7,2026-03-16 05:35,2026-03-16 05:35
Rusia,206,6,8,192,-0.01,anti,2.9,3.9,2026-03-16 05:35,2026-03-16 05:35
MERCOSUR,134,29,0,105,0.216,pro,21.6,0.0,2026-03-16 05:35,2026-03-16 05:35
Inmigración,127,22,21,84,0.008,pro,17.3,16.5,2026-03-16 05:35,2026-03-16 05:35
UE,15463,1311,2,14150,0.085,pro,8.5,0.0,2026-03-16 06:05,2026-03-16 06:05
EEUU,6142,0,4458,1684,-0.726,anti,0.0,72.6,2026-03-16 06:05,2026-03-16 06:05
China,315,7,0,308,0.022,pro,2.2,0.0,2026-03-16 06:05,2026-03-16 06:05
OTAN,299,288,8,3,0.936,pro,96.3,2.7,2026-03-16 06:05,2026-03-16 06:05
Rusia,206,6,8,192,-0.01,anti,2.9,3.9,2026-03-16 06:05,2026-03-16 06:05
MERCOSUR,134,29,0,105,0.216,pro,21.6,0.0,2026-03-16 06:05,2026-03-16 06:05
Inmigración,128,22,21,85,0.008,pro,17.2,16.4,2026-03-16 06:05,2026-03-16 06:05
UE,15551,1319,2,14230,0.085,pro,8.5,0.0,2026-03-16 06:35,2026-03-16 06:35
EEUU,6174,0,4484,1690,-0.726,anti,0.0,72.6,2026-03-16 06:35,2026-03-16 06:35
China,317,7,0,310,0.022,pro,2.2,0.0,2026-03-16 06:35,2026-03-16 06:35
OTAN,300,289,8,3,0.937,pro,96.3,2.7,2026-03-16 06:35,2026-03-16 06:35
Rusia,206,6,8,192,-0.01,anti,2.9,3.9,2026-03-16 06:35,2026-03-16 06:35
MERCOSUR,134,29,0,105,0.216,pro,21.6,0.0,2026-03-16 06:35,2026-03-16 06:35
Inmigración,128,22,21,85,0.008,pro,17.2,16.4,2026-03-16 06:35,2026-03-16 06:35
UE,15573,1323,2,14248,0.085,pro,8.5,0.0,2026-03-16 07:05,2026-03-16 07:05
EEUU,6181,0,4489,1692,-0.726,anti,0.0,72.6,2026-03-16 07:05,2026-03-16 07:05
China,319,7,0,312,0.022,pro,2.2,0.0,2026-03-16 07:05,2026-03-16 07:05
OTAN,302,291,8,3,0.937,pro,96.4,2.6,2026-03-16 07:05,2026-03-16 07:05
Rusia,206,6,8,192,-0.01,anti,2.9,3.9,2026-03-16 07:05,2026-03-16 07:05
MERCOSUR,134,29,0,105,0.216,pro,21.6,0.0,2026-03-16 07:05,2026-03-16 07:05
Inmigración,128,22,21,85,0.008,pro,17.2,16.4,2026-03-16 07:05,2026-03-16 07:05
UE,15610,1324,2,14284,0.085,pro,8.5,0.0,2026-03-16 07:35,2026-03-16 07:35
EEUU,6195,0,4501,1694,-0.727,anti,0.0,72.7,2026-03-16 07:35,2026-03-16 07:35
China,320,7,0,313,0.022,pro,2.2,0.0,2026-03-16 07:35,2026-03-16 07:35
OTAN,304,293,8,3,0.938,pro,96.4,2.6,2026-03-16 07:35,2026-03-16 07:35
Rusia,207,6,8,193,-0.01,anti,2.9,3.9,2026-03-16 07:35,2026-03-16 07:35
MERCOSUR,134,29,0,105,0.216,pro,21.6,0.0,2026-03-16 07:35,2026-03-16 07:35
Inmigración,128,22,21,85,0.008,pro,17.2,16.4,2026-03-16 07:35,2026-03-16 07:35
UE,15660,1324,2,14334,0.084,pro,8.5,0.0,2026-03-16 08:05,2026-03-16 08:05
EEUU,6206,0,4508,1698,-0.726,anti,0.0,72.6,2026-03-16 08:05,2026-03-16 08:05
China,321,7,0,314,0.022,pro,2.2,0.0,2026-03-16 08:05,2026-03-16 08:05
OTAN,305,294,8,3,0.938,pro,96.4,2.6,2026-03-16 08:05,2026-03-16 08:05
Rusia,207,6,8,193,-0.01,anti,2.9,3.9,2026-03-16 08:05,2026-03-16 08:05
MERCOSUR,134,29,0,105,0.216,pro,21.6,0.0,2026-03-16 08:05,2026-03-16 08:05
Inmigración,128,22,21,85,0.008,pro,17.2,16.4,2026-03-16 08:05,2026-03-16 08:05
UE,15713,1326,2,14385,0.084,pro,8.4,0.0,2026-03-16 08:35,2026-03-16 08:35
EEUU,6232,0,4528,1704,-0.727,anti,0.0,72.7,2026-03-16 08:35,2026-03-16 08:35
China,322,7,0,315,0.022,pro,2.2,0.0,2026-03-16 08:35,2026-03-16 08:35
OTAN,310,299,8,3,0.939,pro,96.5,2.6,2026-03-16 08:35,2026-03-16 08:35
Rusia,207,6,8,193,-0.01,anti,2.9,3.9,2026-03-16 08:35,2026-03-16 08:35
MERCOSUR,134,29,0,105,0.216,pro,21.6,0.0,2026-03-16 08:35,2026-03-16 08:35
Inmigración,128,22,21,85,0.008,pro,17.2,16.4,2026-03-16 08:35,2026-03-16 08:35
UE,15743,1328,2,14413,0.084,pro,8.4,0.0,2026-03-16 09:05,2026-03-16 09:05
EEUU,6246,0,4537,1709,-0.726,anti,0.0,72.6,2026-03-16 09:05,2026-03-16 09:05
China,322,7,0,315,0.022,pro,2.2,0.0,2026-03-16 09:05,2026-03-16 09:05
OTAN,313,302,8,3,0.939,pro,96.5,2.6,2026-03-16 09:05,2026-03-16 09:05
Rusia,207,6,8,193,-0.01,anti,2.9,3.9,2026-03-16 09:05,2026-03-16 09:05
MERCOSUR,134,29,0,105,0.216,pro,21.6,0.0,2026-03-16 09:05,2026-03-16 09:05
Inmigración,128,22,21,85,0.008,pro,17.2,16.4,2026-03-16 09:05,2026-03-16 09:05
UE,15790,1333,2,14455,0.084,pro,8.4,0.0,2026-03-16 09:36,2026-03-16 09:36
EEUU,6266,0,4552,1714,-0.726,anti,0.0,72.6,2026-03-16 09:36,2026-03-16 09:36
China,322,7,0,315,0.022,pro,2.2,0.0,2026-03-16 09:36,2026-03-16 09:36
OTAN,315,304,8,3,0.94,pro,96.5,2.5,2026-03-16 09:36,2026-03-16 09:36
Rusia,207,6,8,193,-0.01,anti,2.9,3.9,2026-03-16 09:36,2026-03-16 09:36
MERCOSUR,134,29,0,105,0.216,pro,21.6,0.0,2026-03-16 09:36,2026-03-16 09:36
Inmigración,130,22,21,87,0.008,pro,16.9,16.2,2026-03-16 09:36,2026-03-16 09:36
UE,15840,1342,2,14496,0.085,pro,8.5,0.0,2026-03-16 10:06,2026-03-16 10:06
EEUU,6283,0,4564,1719,-0.726,anti,0.0,72.6,2026-03-16 10:06,2026-03-16 10:06
China,322,7,0,315,0.022,pro,2.2,0.0,2026-03-16 10:06,2026-03-16 10:06
OTAN,320,309,8,3,0.941,pro,96.6,2.5,2026-03-16 10:06,2026-03-16 10:06
Rusia,209,6,8,195,-0.01,anti,2.9,3.8,2026-03-16 10:06,2026-03-16 10:06
MERCOSUR,135,29,0,106,0.215,pro,21.5,0.0,2026-03-16 10:06,2026-03-16 10:06
Inmigración,130,22,21,87,0.008,pro,16.9,16.2,2026-03-16 10:06,2026-03-16 10:06
UE,15889,1351,2,14536,0.085,pro,8.5,0.0,2026-03-16 10:36,2026-03-16 10:36
EEUU,6305,0,4585,1720,-0.727,anti,0.0,72.7,2026-03-16 10:36,2026-03-16 10:36
China,322,7,0,315,0.022,pro,2.2,0.0,2026-03-16 10:36,2026-03-16 10:36
OTAN,321,309,8,4,0.938,pro,96.3,2.5,2026-03-16 10:36,2026-03-16 10:36
Rusia,209,6,8,195,-0.01,anti,2.9,3.8,2026-03-16 10:36,2026-03-16 10:36
MERCOSUR,136,29,0,107,0.213,pro,21.3,0.0,2026-03-16 10:36,2026-03-16 10:36
Inmigración,132,22,21,89,0.008,pro,16.7,15.9,2026-03-16 10:36,2026-03-16 10:36
UE,15956,1356,2,14598,0.085,pro,8.5,0.0,2026-03-16 11:05,2026-03-16 11:05
EEUU,6333,0,4610,1723,-0.728,anti,0.0,72.8,2026-03-16 11:05,2026-03-16 11:05
China,323,7,0,316,0.022,pro,2.2,0.0,2026-03-16 11:05,2026-03-16 11:05
OTAN,322,310,8,4,0.938,pro,96.3,2.5,2026-03-16 11:05,2026-03-16 11:05
Rusia,209,6,8,195,-0.01,anti,2.9,3.8,2026-03-16 11:05,2026-03-16 11:05
MERCOSUR,136,29,0,107,0.213,pro,21.3,0.0,2026-03-16 11:05,2026-03-16 11:05
Inmigración,133,22,21,90,0.008,pro,16.5,15.8,2026-03-16 11:05,2026-03-16 11:05
UE,16020,1366,2,14652,0.085,pro,8.5,0.0,2026-03-16 11:36,2026-03-16 11:36
EEUU,6355,0,4630,1725,-0.729,anti,0.0,72.9,2026-03-16 11:36,2026-03-16 11:36
OTAN,324,312,8,4,0.938,pro,96.3,2.5,2026-03-16 11:36,2026-03-16 11:36
China,323,7,0,316,0.022,pro,2.2,0.0,2026-03-16 11:36,2026-03-16 11:36
Rusia,210,6,8,196,-0.01,anti,2.9,3.8,2026-03-16 11:36,2026-03-16 11:36
MERCOSUR,136,29,0,107,0.213,pro,21.3,0.0,2026-03-16 11:36,2026-03-16 11:36
Inmigración,133,22,21,90,0.008,pro,16.5,15.8,2026-03-16 11:36,2026-03-16 11:36
UE,16089,1376,2,14711,0.085,pro,8.6,0.0,2026-03-16 12:05,2026-03-16 12:05
EEUU,6378,0,4649,1729,-0.729,anti,0.0,72.9,2026-03-16 12:05,2026-03-16 12:05
OTAN,327,315,8,4,0.939,pro,96.3,2.4,2026-03-16 12:05,2026-03-16 12:05
China,323,7,0,316,0.022,pro,2.2,0.0,2026-03-16 12:05,2026-03-16 12:05
Rusia,210,6,8,196,-0.01,anti,2.9,3.8,2026-03-16 12:05,2026-03-16 12:05
MERCOSUR,136,29,0,107,0.213,pro,21.3,0.0,2026-03-16 12:05,2026-03-16 12:05
Inmigración,133,22,21,90,0.008,pro,16.5,15.8,2026-03-16 12:05,2026-03-16 12:05
UE,16162,1381,2,14779,0.085,pro,8.5,0.0,2026-03-16 12:36,2026-03-16 12:36
EEUU,6409,0,4674,1735,-0.729,anti,0.0,72.9,2026-03-16 12:36,2026-03-16 12:36
OTAN,328,316,8,4,0.939,pro,96.3,2.4,2026-03-16 12:36,2026-03-16 12:36
China,323,7,0,316,0.022,pro,2.2,0.0,2026-03-16 12:36,2026-03-16 12:36
Rusia,211,6,9,196,-0.014,anti,2.8,4.3,2026-03-16 12:36,2026-03-16 12:36
MERCOSUR,136,29,0,107,0.213,pro,21.3,0.0,2026-03-16 12:36,2026-03-16 12:36
Inmigración,135,23,21,91,0.015,pro,17.0,15.6,2026-03-16 12:36,2026-03-16 12:36
UE,16241,1386,2,14853,0.085,pro,8.5,0.0,2026-03-16 13:05,2026-03-16 13:05
EEUU,6440,0,4700,1740,-0.73,anti,0.0,73.0,2026-03-16 13:05,2026-03-16 13:05
OTAN,331,319,8,4,0.94,pro,96.4,2.4,2026-03-16 13:05,2026-03-16 13:05
China,323,7,0,316,0.022,pro,2.2,0.0,2026-03-16 13:05,2026-03-16 13:05
Rusia,212,7,9,196,-0.009,anti,3.3,4.2,2026-03-16 13:05,2026-03-16 13:05
Inmigración,137,24,21,92,0.022,pro,17.5,15.3,2026-03-16 13:05,2026-03-16 13:05
MERCOSUR,137,29,0,108,0.212,pro,21.2,0.0,2026-03-16 13:05,2026-03-16 13:05
UE,16315,1391,2,14922,0.085,pro,8.5,0.0,2026-03-16 13:36,2026-03-16 13:36
EEUU,6468,0,4725,1743,-0.731,anti,0.0,73.1,2026-03-16 13:36,2026-03-16 13:36
OTAN,331,319,8,4,0.94,pro,96.4,2.4,2026-03-16 13:36,2026-03-16 13:36
China,324,7,0,317,0.022,pro,2.2,0.0,2026-03-16 13:36,2026-03-16 13:36
Rusia,214,7,9,198,-0.009,anti,3.3,4.2,2026-03-16 13:36,2026-03-16 13:36
Inmigración,138,24,21,93,0.022,pro,17.4,15.2,2026-03-16 13:36,2026-03-16 13:36
MERCOSUR,137,29,0,108,0.212,pro,21.2,0.0,2026-03-16 13:36,2026-03-16 13:36
UE,16385,1396,2,14987,0.085,pro,8.5,0.0,2026-03-16 14:06,2026-03-16 14:06
EEUU,6493,0,4745,1748,-0.731,anti,0.0,73.1,2026-03-16 14:06,2026-03-16 14:06
OTAN,333,321,8,4,0.94,pro,96.4,2.4,2026-03-16 14:06,2026-03-16 14:06
China,325,7,0,318,0.022,pro,2.2,0.0,2026-03-16 14:06,2026-03-16 14:06
Rusia,215,7,9,199,-0.009,anti,3.3,4.2,2026-03-16 14:06,2026-03-16 14:06
Inmigración,139,24,21,94,0.022,pro,17.3,15.1,2026-03-16 14:06,2026-03-16 14:06
MERCOSUR,137,29,0,108,0.212,pro,21.2,0.0,2026-03-16 14:06,2026-03-16 14:06
UE,16450,1404,2,15044,0.085,pro,8.5,0.0,2026-03-16 14:36,2026-03-16 14:36
EEUU,6516,0,4765,1751,-0.731,anti,0.0,73.1,2026-03-16 14:36,2026-03-16 14:36
OTAN,335,323,8,4,0.94,pro,96.4,2.4,2026-03-16 14:36,2026-03-16 14:36
China,327,7,0,320,0.021,pro,2.1,0.0,2026-03-16 14:36,2026-03-16 14:36
Rusia,215,7,9,199,-0.009,anti,3.3,4.2,2026-03-16 14:36,2026-03-16 14:36
Inmigración,140,25,21,94,0.029,pro,17.9,15.0,2026-03-16 14:36,2026-03-16 14:36
MERCOSUR,137,29,0,108,0.212,pro,21.2,0.0,2026-03-16 14:36,2026-03-16 14:36
UE,16513,1411,2,15100,0.085,pro,8.5,0.0,2026-03-16 15:06,2026-03-16 15:06
EEUU,6546,0,4793,1753,-0.732,anti,0.0,73.2,2026-03-16 15:06,2026-03-16 15:06
OTAN,340,328,8,4,0.941,pro,96.5,2.4,2026-03-16 15:06,2026-03-16 15:06
China,327,7,0,320,0.021,pro,2.1,0.0,2026-03-16 15:06,2026-03-16 15:06
Rusia,215,7,9,199,-0.009,anti,3.3,4.2,2026-03-16 15:06,2026-03-16 15:06
Inmigración,141,25,21,95,0.028,pro,17.7,14.9,2026-03-16 15:06,2026-03-16 15:06
MERCOSUR,137,29,0,108,0.212,pro,21.2,0.0,2026-03-16 15:06,2026-03-16 15:06
UE,16580,1416,2,15162,0.085,pro,8.5,0.0,2026-03-16 15:36,2026-03-16 15:36
EEUU,6566,0,4810,1756,-0.733,anti,0.0,73.3,2026-03-16 15:36,2026-03-16 15:36
OTAN,341,329,8,4,0.941,pro,96.5,2.3,2026-03-16 15:36,2026-03-16 15:36
China,328,7,0,321,0.021,pro,2.1,0.0,2026-03-16 15:36,2026-03-16 15:36
Rusia,216,7,9,200,-0.009,anti,3.2,4.2,2026-03-16 15:36,2026-03-16 15:36
Inmigración,141,25,21,95,0.028,pro,17.7,14.9,2026-03-16 15:36,2026-03-16 15:36
MERCOSUR,137,29,0,108,0.212,pro,21.2,0.0,2026-03-16 15:36,2026-03-16 15:36
UE,16663,1421,2,15240,0.085,pro,8.5,0.0,2026-03-16 16:06,2026-03-16 16:06
EEUU,6589,0,4830,1759,-0.733,anti,0.0,73.3,2026-03-16 16:06,2026-03-16 16:06
OTAN,343,331,8,4,0.942,pro,96.5,2.3,2026-03-16 16:06,2026-03-16 16:06
China,331,7,0,324,0.021,pro,2.1,0.0,2026-03-16 16:06,2026-03-16 16:06
Rusia,217,7,9,201,-0.009,anti,3.2,4.1,2026-03-16 16:06,2026-03-16 16:06
Inmigración,141,25,21,95,0.028,pro,17.7,14.9,2026-03-16 16:06,2026-03-16 16:06
MERCOSUR,137,29,0,108,0.212,pro,21.2,0.0,2026-03-16 16:06,2026-03-16 16:06
UE,16711,1422,2,15287,0.085,pro,8.5,0.0,2026-03-16 16:36,2026-03-16 16:36
EEUU,6612,0,4849,1763,-0.733,anti,0.0,73.3,2026-03-16 16:36,2026-03-16 16:36
OTAN,346,334,8,4,0.942,pro,96.5,2.3,2026-03-16 16:36,2026-03-16 16:36
China,333,7,0,326,0.021,pro,2.1,0.0,2026-03-16 16:36,2026-03-16 16:36
Rusia,217,7,9,201,-0.009,anti,3.2,4.1,2026-03-16 16:36,2026-03-16 16:36
Inmigración,141,25,21,95,0.028,pro,17.7,14.9,2026-03-16 16:36,2026-03-16 16:36
MERCOSUR,137,29,0,108,0.212,pro,21.2,0.0,2026-03-16 16:36,2026-03-16 16:36
UE,16758,1426,2,15330,0.085,pro,8.5,0.0,2026-03-16 17:06,2026-03-16 17:06
EEUU,6631,0,4866,1765,-0.734,anti,0.0,73.4,2026-03-16 17:06,2026-03-16 17:06
OTAN,348,336,8,4,0.943,pro,96.6,2.3,2026-03-16 17:06,2026-03-16 17:06
China,333,7,0,326,0.021,pro,2.1,0.0,2026-03-16 17:06,2026-03-16 17:06
Rusia,217,7,9,201,-0.009,anti,3.2,4.1,2026-03-16 17:06,2026-03-16 17:06
Inmigración,141,25,21,95,0.028,pro,17.7,14.9,2026-03-16 17:06,2026-03-16 17:06
MERCOSUR,137,29,0,108,0.212,pro,21.2,0.0,2026-03-16 17:06,2026-03-16 17:06
UE,16808,1433,2,15373,0.085,pro,8.5,0.0,2026-03-16 17:36,2026-03-16 17:36
EEUU,6653,0,4882,1771,-0.734,anti,0.0,73.4,2026-03-16 17:36,2026-03-16 17:36
OTAN,351,339,8,4,0.943,pro,96.6,2.3,2026-03-16 17:36,2026-03-16 17:36
China,335,7,0,328,0.021,pro,2.1,0.0,2026-03-16 17:36,2026-03-16 17:36
Rusia,217,7,9,201,-0.009,anti,3.2,4.1,2026-03-16 17:36,2026-03-16 17:36
Inmigración,141,25,21,95,0.028,pro,17.7,14.9,2026-03-16 17:36,2026-03-16 17:36
MERCOSUR,137,29,0,108,0.212,pro,21.2,0.0,2026-03-16 17:36,2026-03-16 17:36
UE,16864,1436,2,15426,0.085,pro,8.5,0.0,2026-03-16 18:06,2026-03-16 18:06
EEUU,6678,0,4896,1782,-0.733,anti,0.0,73.3,2026-03-16 18:06,2026-03-16 18:06
OTAN,359,347,8,4,0.944,pro,96.7,2.2,2026-03-16 18:06,2026-03-16 18:06
China,335,7,0,328,0.021,pro,2.1,0.0,2026-03-16 18:06,2026-03-16 18:06
Rusia,217,7,9,201,-0.009,anti,3.2,4.1,2026-03-16 18:06,2026-03-16 18:06
Inmigración,141,25,21,95,0.028,pro,17.7,14.9,2026-03-16 18:06,2026-03-16 18:06
MERCOSUR,138,29,0,109,0.21,pro,21.0,0.0,2026-03-16 18:06,2026-03-16 18:06
UE,16923,1445,2,15476,0.085,pro,8.5,0.0,2026-03-16 18:36,2026-03-16 18:36
EEUU,6701,0,4911,1790,-0.733,anti,0.0,73.3,2026-03-16 18:36,2026-03-16 18:36
OTAN,362,350,8,4,0.945,pro,96.7,2.2,2026-03-16 18:36,2026-03-16 18:36
China,337,8,0,329,0.024,pro,2.4,0.0,2026-03-16 18:36,2026-03-16 18:36
Rusia,218,7,9,202,-0.009,anti,3.2,4.1,2026-03-16 18:36,2026-03-16 18:36
Inmigración,142,25,21,96,0.028,pro,17.6,14.8,2026-03-16 18:36,2026-03-16 18:36
MERCOSUR,138,29,0,109,0.21,pro,21.0,0.0,2026-03-16 18:36,2026-03-16 18:36
UE,16973,1455,2,15516,0.086,pro,8.6,0.0,2026-03-16 19:06,2026-03-16 19:06
EEUU,6718,0,4921,1797,-0.733,anti,0.0,73.3,2026-03-16 19:06,2026-03-16 19:06
OTAN,365,353,8,4,0.945,pro,96.7,2.2,2026-03-16 19:06,2026-03-16 19:06
China,337,8,0,329,0.024,pro,2.4,0.0,2026-03-16 19:06,2026-03-16 19:06
Rusia,218,7,9,202,-0.009,anti,3.2,4.1,2026-03-16 19:06,2026-03-16 19:06
Inmigración,142,25,21,96,0.028,pro,17.6,14.8,2026-03-16 19:06,2026-03-16 19:06
MERCOSUR,138,29,0,109,0.21,pro,21.0,0.0,2026-03-16 19:06,2026-03-16 19:06
UE,17036,1464,2,15570,0.086,pro,8.6,0.0,2026-03-16 19:40,2026-03-16 19:40
EEUU,6743,0,4940,1803,-0.733,anti,0.0,73.3,2026-03-16 19:40,2026-03-16 19:40
OTAN,366,354,8,4,0.945,pro,96.7,2.2,2026-03-16 19:40,2026-03-16 19:40
China,337,8,0,329,0.024,pro,2.4,0.0,2026-03-16 19:40,2026-03-16 19:40
Rusia,218,7,9,202,-0.009,anti,3.2,4.1,2026-03-16 19:40,2026-03-16 19:40
Inmigración,142,25,21,96,0.028,pro,17.6,14.8,2026-03-16 19:40,2026-03-16 19:40
MERCOSUR,138,29,0,109,0.21,pro,21.0,0.0,2026-03-16 19:40,2026-03-16 19:40
UE,17080,1469,2,15609,0.086,pro,8.6,0.0,2026-03-16 20:06,2026-03-16 20:06
EEUU,6763,0,4951,1812,-0.732,anti,0.0,73.2,2026-03-16 20:06,2026-03-16 20:06
OTAN,367,355,8,4,0.946,pro,96.7,2.2,2026-03-16 20:06,2026-03-16 20:06
China,338,8,0,330,0.024,pro,2.4,0.0,2026-03-16 20:06,2026-03-16 20:06
Rusia,218,7,9,202,-0.009,anti,3.2,4.1,2026-03-16 20:06,2026-03-16 20:06
Inmigración,142,25,21,96,0.028,pro,17.6,14.8,2026-03-16 20:06,2026-03-16 20:06
MERCOSUR,138,29,0,109,0.21,pro,21.0,0.0,2026-03-16 20:06,2026-03-16 20:06
UE,17128,1472,2,15654,0.086,pro,8.6,0.0,2026-03-16 20:36,2026-03-16 20:36
EEUU,6784,0,4969,1815,-0.732,anti,0.0,73.2,2026-03-16 20:36,2026-03-16 20:36
OTAN,368,356,8,4,0.946,pro,96.7,2.2,2026-03-16 20:36,2026-03-16 20:36
China,341,8,0,333,0.023,pro,2.3,0.0,2026-03-16 20:36,2026-03-16 20:36
Rusia,218,7,9,202,-0.009,anti,3.2,4.1,2026-03-16 20:36,2026-03-16 20:36
Inmigración,142,25,21,96,0.028,pro,17.6,14.8,2026-03-16 20:36,2026-03-16 20:36
MERCOSUR,139,29,0,110,0.209,pro,20.9,0.0,2026-03-16 20:36,2026-03-16 20:36
UE,17167,1475,2,15690,0.086,pro,8.6,0.0,2026-03-16 21:06,2026-03-16 21:06
EEUU,6798,0,4981,1817,-0.733,anti,0.0,73.3,2026-03-16 21:06,2026-03-16 21:06
OTAN,368,356,8,4,0.946,pro,96.7,2.2,2026-03-16 21:06,2026-03-16 21:06
China,341,8,0,333,0.023,pro,2.3,0.0,2026-03-16 21:06,2026-03-16 21:06
Rusia,218,7,9,202,-0.009,anti,3.2,4.1,2026-03-16 21:06,2026-03-16 21:06
Inmigración,142,25,21,96,0.028,pro,17.6,14.8,2026-03-16 21:06,2026-03-16 21:06
MERCOSUR,139,29,0,110,0.209,pro,20.9,0.0,2026-03-16 21:06,2026-03-16 21:06
UE,17211,1479,2,15730,0.086,pro,8.6,0.0,2026-03-16 21:36,2026-03-16 21:36
EEUU,6811,0,4992,1819,-0.733,anti,0.0,73.3,2026-03-16 21:36,2026-03-16 21:36
OTAN,368,356,8,4,0.946,pro,96.7,2.2,2026-03-16 21:36,2026-03-16 21:36
China,342,8,0,334,0.023,pro,2.3,0.0,2026-03-16 21:36,2026-03-16 21:36
Rusia,219,7,9,203,-0.009,anti,3.2,4.1,2026-03-16 21:36,2026-03-16 21:36
Inmigración,143,25,22,96,0.021,pro,17.5,15.4,2026-03-16 21:36,2026-03-16 21:36
MERCOSUR,140,29,0,111,0.207,pro,20.7,0.0,2026-03-16 21:36,2026-03-16 21:36
UE,17238,1480,2,15756,0.086,pro,8.6,0.0,2026-03-16 22:06,2026-03-16 22:06
EEUU,6822,0,5002,1820,-0.733,anti,0.0,73.3,2026-03-16 22:06,2026-03-16 22:06
OTAN,370,358,8,4,0.946,pro,96.8,2.2,2026-03-16 22:06,2026-03-16 22:06
China,342,8,0,334,0.023,pro,2.3,0.0,2026-03-16 22:06,2026-03-16 22:06
Rusia,220,7,9,204,-0.009,anti,3.2,4.1,2026-03-16 22:06,2026-03-16 22:06
Inmigración,144,25,22,97,0.021,pro,17.4,15.3,2026-03-16 22:06,2026-03-16 22:06
MERCOSUR,141,29,0,112,0.206,pro,20.6,0.0,2026-03-16 22:06,2026-03-16 22:06
UE,17256,1481,2,15773,0.086,pro,8.6,0.0,2026-03-16 22:36,2026-03-16 22:36
EEUU,6833,0,5010,1823,-0.733,anti,0.0,73.3,2026-03-16 22:36,2026-03-16 22:36
OTAN,371,359,8,4,0.946,pro,96.8,2.2,2026-03-16 22:36,2026-03-16 22:36
China,343,8,0,335,0.023,pro,2.3,0.0,2026-03-16 22:36,2026-03-16 22:36
Rusia,222,7,9,206,-0.009,anti,3.2,4.1,2026-03-16 22:36,2026-03-16 22:36
Inmigración,144,25,22,97,0.021,pro,17.4,15.3,2026-03-16 22:36,2026-03-16 22:36
MERCOSUR,141,29,0,112,0.206,pro,20.6,0.0,2026-03-16 22:36,2026-03-16 22:36
UE,17280,1484,2,15794,0.086,pro,8.6,0.0,2026-03-16 23:06,2026-03-16 23:06
EEUU,6840,0,5014,1826,-0.733,anti,0.0,73.3,2026-03-16 23:06,2026-03-16 23:06
OTAN,372,360,8,4,0.946,pro,96.8,2.2,2026-03-16 23:06,2026-03-16 23:06
China,343,8,0,335,0.023,pro,2.3,0.0,2026-03-16 23:06,2026-03-16 23:06
Rusia,222,7,9,206,-0.009,anti,3.2,4.1,2026-03-16 23:06,2026-03-16 23:06
Inmigración,144,25,22,97,0.021,pro,17.4,15.3,2026-03-16 23:06,2026-03-16 23:06
MERCOSUR,141,29,0,112,0.206,pro,20.6,0.0,2026-03-16 23:06,2026-03-16 23:06
UE,17303,1487,2,15814,0.086,pro,8.6,0.0,2026-03-16 23:36,2026-03-16 23:36
EEUU,6852,0,5018,1834,-0.732,anti,0.0,73.2,2026-03-16 23:36,2026-03-16 23:36
OTAN,372,360,8,4,0.946,pro,96.8,2.2,2026-03-16 23:36,2026-03-16 23:36
China,343,8,0,335,0.023,pro,2.3,0.0,2026-03-16 23:36,2026-03-16 23:36
Rusia,222,7,9,206,-0.009,anti,3.2,4.1,2026-03-16 23:36,2026-03-16 23:36
Inmigración,144,25,22,97,0.021,pro,17.4,15.3,2026-03-16 23:36,2026-03-16 23:36
MERCOSUR,141,29,0,112,0.206,pro,20.6,0.0,2026-03-16 23:36,2026-03-16 23:36
UE,17320,1492,2,15826,0.086,pro,8.6,0.0,2026-03-17 00:06,2026-03-17 00:06
EEUU,6861,0,5025,1836,-0.732,anti,0.0,73.2,2026-03-17 00:06,2026-03-17 00:06
OTAN,373,361,8,4,0.946,pro,96.8,2.1,2026-03-17 00:06,2026-03-17 00:06
China,343,8,0,335,0.023,pro,2.3,0.0,2026-03-17 00:06,2026-03-17 00:06
Rusia,222,7,9,206,-0.009,anti,3.2,4.1,2026-03-17 00:06,2026-03-17 00:06
Inmigración,144,25,22,97,0.021,pro,17.4,15.3,2026-03-17 00:06,2026-03-17 00:06
MERCOSUR,141,29,0,112,0.206,pro,20.6,0.0,2026-03-17 00:06,2026-03-17 00:06
UE,17340,1494,2,15844,0.086,pro,8.6,0.0,2026-03-17 00:36,2026-03-17 00:36
EEUU,6877,0,5035,1842,-0.732,anti,0.0,73.2,2026-03-17 00:36,2026-03-17 00:36
OTAN,375,363,8,4,0.947,pro,96.8,2.1,2026-03-17 00:36,2026-03-17 00:36
China,343,8,0,335,0.023,pro,2.3,0.0,2026-03-17 00:36,2026-03-17 00:36
Rusia,223,7,9,207,-0.009,anti,3.1,4.0,2026-03-17 00:36,2026-03-17 00:36
Inmigración,144,25,22,97,0.021,pro,17.4,15.3,2026-03-17 00:36,2026-03-17 00:36
MERCOSUR,141,29,0,112,0.206,pro,20.6,0.0,2026-03-17 00:36,2026-03-17 00:36
UE,17367,1493,2,15872,0.086,pro,8.6,0.0,2026-03-17 01:06,2026-03-17 01:06
EEUU,6882,0,5039,1843,-0.732,anti,0.0,73.2,2026-03-17 01:06,2026-03-17 01:06
OTAN,375,363,8,4,0.947,pro,96.8,2.1,2026-03-17 01:06,2026-03-17 01:06
China,345,8,0,337,0.023,pro,2.3,0.0,2026-03-17 01:06,2026-03-17 01:06
Rusia,224,7,9,208,-0.009,anti,3.1,4.0,2026-03-17 01:06,2026-03-17 01:06
Inmigración,144,25,22,97,0.021,pro,17.4,15.3,2026-03-17 01:06,2026-03-17 01:06
MERCOSUR,141,29,0,112,0.206,pro,20.6,0.0,2026-03-17 01:06,2026-03-17 01:06
UE,17395,1497,2,15896,0.086,pro,8.6,0.0,2026-03-17 01:36,2026-03-17 01:36
EEUU,6891,0,5046,1845,-0.732,anti,0.0,73.2,2026-03-17 01:36,2026-03-17 01:36
OTAN,376,364,8,4,0.947,pro,96.8,2.1,2026-03-17 01:36,2026-03-17 01:36
China,347,8,0,339,0.023,pro,2.3,0.0,2026-03-17 01:36,2026-03-17 01:36
Rusia,224,7,9,208,-0.009,anti,3.1,4.0,2026-03-17 01:36,2026-03-17 01:36
Inmigración,144,25,22,97,0.021,pro,17.4,15.3,2026-03-17 01:36,2026-03-17 01:36
MERCOSUR,141,29,0,112,0.206,pro,20.6,0.0,2026-03-17 01:36,2026-03-17 01:36
UE,17412,1498,2,15912,0.086,pro,8.6,0.0,2026-03-17 02:06,2026-03-17 02:06
EEUU,6899,0,5050,1849,-0.732,anti,0.0,73.2,2026-03-17 02:06,2026-03-17 02:06
OTAN,376,364,8,4,0.947,pro,96.8,2.1,2026-03-17 02:06,2026-03-17 02:06
China,347,8,0,339,0.023,pro,2.3,0.0,2026-03-17 02:06,2026-03-17 02:06
Rusia,224,7,9,208,-0.009,anti,3.1,4.0,2026-03-17 02:06,2026-03-17 02:06
Inmigración,144,25,22,97,0.021,pro,17.4,15.3,2026-03-17 02:06,2026-03-17 02:06
MERCOSUR,141,29,0,112,0.206,pro,20.6,0.0,2026-03-17 02:06,2026-03-17 02:06
UE,17481,1500,2,15979,0.086,pro,8.6,0.0,2026-03-17 02:36,2026-03-17 02:36
EEUU,6917,0,5065,1852,-0.732,anti,0.0,73.2,2026-03-17 02:36,2026-03-17 02:36
OTAN,376,364,8,4,0.947,pro,96.8,2.1,2026-03-17 02:36,2026-03-17 02:36
China,347,8,0,339,0.023,pro,2.3,0.0,2026-03-17 02:36,2026-03-17 02:36
Rusia,224,7,9,208,-0.009,anti,3.1,4.0,2026-03-17 02:36,2026-03-17 02:36
Inmigración,145,25,22,98,0.021,pro,17.2,15.2,2026-03-17 02:36,2026-03-17 02:36
MERCOSUR,141,29,0,112,0.206,pro,20.6,0.0,2026-03-17 02:36,2026-03-17 02:36
UE,17517,1504,2,16011,0.086,pro,8.6,0.0,2026-03-17 03:06,2026-03-17 03:06
EEUU,6934,0,5079,1855,-0.732,anti,0.0,73.2,2026-03-17 03:06,2026-03-17 03:06
OTAN,377,365,8,4,0.947,pro,96.8,2.1,2026-03-17 03:06,2026-03-17 03:06
China,347,8,0,339,0.023,pro,2.3,0.0,2026-03-17 03:06,2026-03-17 03:06
Rusia,225,7,9,209,-0.009,anti,3.1,4.0,2026-03-17 03:06,2026-03-17 03:06
Inmigración,145,25,22,98,0.021,pro,17.2,15.2,2026-03-17 03:06,2026-03-17 03:06
MERCOSUR,142,29,0,113,0.204,pro,20.4,0.0,2026-03-17 03:06,2026-03-17 03:06
UE,17527,1504,2,16021,0.086,pro,8.6,0.0,2026-03-17 03:36,2026-03-17 03:36
EEUU,6937,0,5082,1855,-0.733,anti,0.0,73.3,2026-03-17 03:36,2026-03-17 03:36
OTAN,377,365,8,4,0.947,pro,96.8,2.1,2026-03-17 03:36,2026-03-17 03:36
China,347,8,0,339,0.023,pro,2.3,0.0,2026-03-17 03:36,2026-03-17 03:36
Rusia,225,7,9,209,-0.009,anti,3.1,4.0,2026-03-17 03:36,2026-03-17 03:36
Inmigración,145,25,22,98,0.021,pro,17.2,15.2,2026-03-17 03:36,2026-03-17 03:36
MERCOSUR,142,29,0,113,0.204,pro,20.4,0.0,2026-03-17 03:36,2026-03-17 03:36
UE,17545,1505,2,16038,0.086,pro,8.6,0.0,2026-03-17 04:06,2026-03-17 04:06
EEUU,6950,0,5090,1860,-0.732,anti,0.0,73.2,2026-03-17 04:06,2026-03-17 04:06
OTAN,378,366,8,4,0.947,pro,96.8,2.1,2026-03-17 04:06,2026-03-17 04:06
China,347,8,0,339,0.023,pro,2.3,0.0,2026-03-17 04:06,2026-03-17 04:06
Rusia,225,7,9,209,-0.009,anti,3.1,4.0,2026-03-17 04:06,2026-03-17 04:06
Inmigración,145,25,22,98,0.021,pro,17.2,15.2,2026-03-17 04:06,2026-03-17 04:06
MERCOSUR,142,29,0,113,0.204,pro,20.4,0.0,2026-03-17 04:06,2026-03-17 04:06
UE,17556,1506,2,16048,0.086,pro,8.6,0.0,2026-03-17 04:36,2026-03-17 04:36
EEUU,6956,0,5093,1863,-0.732,anti,0.0,73.2,2026-03-17 04:36,2026-03-17 04:36
OTAN,378,366,8,4,0.947,pro,96.8,2.1,2026-03-17 04:36,2026-03-17 04:36
China,347,8,0,339,0.023,pro,2.3,0.0,2026-03-17 04:36,2026-03-17 04:36
Rusia,225,7,9,209,-0.009,anti,3.1,4.0,2026-03-17 04:36,2026-03-17 04:36
Inmigración,145,25,22,98,0.021,pro,17.2,15.2,2026-03-17 04:36,2026-03-17 04:36
MERCOSUR,142,29,0,113,0.204,pro,20.4,0.0,2026-03-17 04:36,2026-03-17 04:36
UE,17570,1508,2,16060,0.086,pro,8.6,0.0,2026-03-17 05:06,2026-03-17 05:06
EEUU,6960,0,5096,1864,-0.732,anti,0.0,73.2,2026-03-17 05:06,2026-03-17 05:06
OTAN,378,366,8,4,0.947,pro,96.8,2.1,2026-03-17 05:06,2026-03-17 05:06
China,347,8,0,339,0.023,pro,2.3,0.0,2026-03-17 05:06,2026-03-17 05:06
Rusia,225,7,9,209,-0.009,anti,3.1,4.0,2026-03-17 05:06,2026-03-17 05:06
Inmigración,146,25,23,98,0.014,pro,17.1,15.8,2026-03-17 05:06,2026-03-17 05:06
MERCOSUR,142,29,0,113,0.204,pro,20.4,0.0,2026-03-17 05:06,2026-03-17 05:06
UE,17579,1508,2,16069,0.086,pro,8.6,0.0,2026-03-17 05:36,2026-03-17 05:36
EEUU,6962,0,5098,1864,-0.732,anti,0.0,73.2,2026-03-17 05:36,2026-03-17 05:36
OTAN,378,366,8,4,0.947,pro,96.8,2.1,2026-03-17 05:36,2026-03-17 05:36
China,347,8,0,339,0.023,pro,2.3,0.0,2026-03-17 05:36,2026-03-17 05:36
Rusia,225,7,9,209,-0.009,anti,3.1,4.0,2026-03-17 05:36,2026-03-17 05:36
Inmigración,146,25,23,98,0.014,pro,17.1,15.8,2026-03-17 05:36,2026-03-17 05:36
MERCOSUR,142,29,0,113,0.204,pro,20.4,0.0,2026-03-17 05:36,2026-03-17 05:36
UE,17612,1511,2,16099,0.086,pro,8.6,0.0,2026-03-17 06:06,2026-03-17 06:06
EEUU,6974,0,5106,1868,-0.732,anti,0.0,73.2,2026-03-17 06:06,2026-03-17 06:06
OTAN,378,366,8,4,0.947,pro,96.8,2.1,2026-03-17 06:06,2026-03-17 06:06
China,347,8,0,339,0.023,pro,2.3,0.0,2026-03-17 06:06,2026-03-17 06:06
Rusia,225,7,9,209,-0.009,anti,3.1,4.0,2026-03-17 06:06,2026-03-17 06:06
Inmigración,146,25,23,98,0.014,pro,17.1,15.8,2026-03-17 06:06,2026-03-17 06:06
MERCOSUR,142,29,0,113,0.204,pro,20.4,0.0,2026-03-17 06:06,2026-03-17 06:06
UE,17690,1521,2,16167,0.086,pro,8.6,0.0,2026-03-17 06:36,2026-03-17 06:36
EEUU,7006,0,5133,1873,-0.733,anti,0.0,73.3,2026-03-17 06:36,2026-03-17 06:36
OTAN,382,370,8,4,0.948,pro,96.9,2.1,2026-03-17 06:36,2026-03-17 06:36
China,347,8,0,339,0.023,pro,2.3,0.0,2026-03-17 06:36,2026-03-17 06:36
Rusia,225,7,9,209,-0.009,anti,3.1,4.0,2026-03-17 06:36,2026-03-17 06:36
Inmigración,147,26,23,98,0.02,pro,17.7,15.6,2026-03-17 06:36,2026-03-17 06:36
MERCOSUR,142,29,0,113,0.204,pro,20.4,0.0,2026-03-17 06:36,2026-03-17 06:36
UE,17725,1530,2,16193,0.086,pro,8.6,0.0,2026-03-17 07:06,2026-03-17 07:06
EEUU,7020,0,5145,1875,-0.733,anti,0.0,73.3,2026-03-17 07:06,2026-03-17 07:06
OTAN,384,372,8,4,0.948,pro,96.9,2.1,2026-03-17 07:06,2026-03-17 07:06
China,348,8,0,340,0.023,pro,2.3,0.0,2026-03-17 07:06,2026-03-17 07:06
Rusia,227,7,9,211,-0.009,anti,3.1,4.0,2026-03-17 07:06,2026-03-17 07:06
Inmigración,147,26,23,98,0.02,pro,17.7,15.6,2026-03-17 07:06,2026-03-17 07:06
MERCOSUR,142,29,0,113,0.204,pro,20.4,0.0,2026-03-17 07:06,2026-03-17 07:06
UE,17782,1537,2,16243,0.086,pro,8.6,0.0,2026-03-17 07:36,2026-03-17 07:36
EEUU,7039,0,5158,1881,-0.733,anti,0.0,73.3,2026-03-17 07:36,2026-03-17 07:36
OTAN,384,372,8,4,0.948,pro,96.9,2.1,2026-03-17 07:36,2026-03-17 07:36
China,348,8,0,340,0.023,pro,2.3,0.0,2026-03-17 07:36,2026-03-17 07:36
Rusia,227,7,9,211,-0.009,anti,3.1,4.0,2026-03-17 07:36,2026-03-17 07:36
Inmigración,147,26,23,98,0.02,pro,17.7,15.6,2026-03-17 07:36,2026-03-17 07:36
MERCOSUR,142,29,0,113,0.204,pro,20.4,0.0,2026-03-17 07:36,2026-03-17 07:36
UE,17829,1543,2,16284,0.086,pro,8.7,0.0,2026-03-17 08:06,2026-03-17 08:06
EEUU,7061,0,5176,1885,-0.733,anti,0.0,73.3,2026-03-17 08:06,2026-03-17 08:06
OTAN,385,373,8,4,0.948,pro,96.9,2.1,2026-03-17 08:06,2026-03-17 08:06
China,348,8,0,340,0.023,pro,2.3,0.0,2026-03-17 08:06,2026-03-17 08:06
Rusia,227,7,9,211,-0.009,anti,3.1,4.0,2026-03-17 08:06,2026-03-17 08:06
Inmigración,147,26,23,98,0.02,pro,17.7,15.6,2026-03-17 08:06,2026-03-17 08:06
MERCOSUR,142,29,0,113,0.204,pro,20.4,0.0,2026-03-17 08:06,2026-03-17 08:06
UE,17892,1550,2,16340,0.087,pro,8.7,0.0,2026-03-17 08:36,2026-03-17 08:36
EEUU,7083,0,5193,1890,-0.733,anti,0.0,73.3,2026-03-17 08:36,2026-03-17 08:36
OTAN,387,375,8,4,0.948,pro,96.9,2.1,2026-03-17 08:36,2026-03-17 08:36
China,349,8,0,341,0.023,pro,2.3,0.0,2026-03-17 08:36,2026-03-17 08:36
Rusia,227,7,9,211,-0.009,anti,3.1,4.0,2026-03-17 08:36,2026-03-17 08:36
Inmigración,147,26,23,98,0.02,pro,17.7,15.6,2026-03-17 08:36,2026-03-17 08:36
MERCOSUR,142,29,0,113,0.204,pro,20.4,0.0,2026-03-17 08:36,2026-03-17 08:36
UE,17940,1556,2,16382,0.087,pro,8.7,0.0,2026-03-17 09:06,2026-03-17 09:06
EEUU,7102,0,5207,1895,-0.733,anti,0.0,73.3,2026-03-17 09:06,2026-03-17 09:06
OTAN,388,376,8,4,0.948,pro,96.9,2.1,2026-03-17 09:06,2026-03-17 09:06
China,350,8,0,342,0.023,pro,2.3,0.0,2026-03-17 09:06,2026-03-17 09:06
Rusia,227,7,9,211,-0.009,anti,3.1,4.0,2026-03-17 09:06,2026-03-17 09:06
Inmigración,147,26,23,98,0.02,pro,17.7,15.6,2026-03-17 09:06,2026-03-17 09:06
MERCOSUR,143,29,0,114,0.203,pro,20.3,0.0,2026-03-17 09:06,2026-03-17 09:06
UE,17978,1561,2,16415,0.087,pro,8.7,0.0,2026-03-17 09:36,2026-03-17 09:36
EEUU,7116,0,5215,1901,-0.733,anti,0.0,73.3,2026-03-17 09:36,2026-03-17 09:36
OTAN,389,377,8,4,0.949,pro,96.9,2.1,2026-03-17 09:36,2026-03-17 09:36
China,350,8,0,342,0.023,pro,2.3,0.0,2026-03-17 09:36,2026-03-17 09:36
Rusia,227,7,9,211,-0.009,anti,3.1,4.0,2026-03-17 09:36,2026-03-17 09:36
Inmigración,147,26,23,98,0.02,pro,17.7,15.6,2026-03-17 09:36,2026-03-17 09:36
MERCOSUR,143,29,0,114,0.203,pro,20.3,0.0,2026-03-17 09:36,2026-03-17 09:36
UE,18027,1568,2,16457,0.087,pro,8.7,0.0,2026-03-17 10:06,2026-03-17 10:06
EEUU,7136,0,5231,1905,-0.733,anti,0.0,73.3,2026-03-17 10:06,2026-03-17 10:06
OTAN,389,377,8,4,0.949,pro,96.9,2.1,2026-03-17 10:06,2026-03-17 10:06
China,352,8,0,344,0.023,pro,2.3,0.0,2026-03-17 10:06,2026-03-17 10:06
Rusia,227,7,9,211,-0.009,anti,3.1,4.0,2026-03-17 10:06,2026-03-17 10:06
Inmigración,147,26,23,98,0.02,pro,17.7,15.6,2026-03-17 10:06,2026-03-17 10:06
MERCOSUR,144,29,0,115,0.201,pro,20.1,0.0,2026-03-17 10:06,2026-03-17 10:06
UE,18077,1578,2,16497,0.087,pro,8.7,0.0,2026-03-17 10:36,2026-03-17 10:36
EEUU,7151,0,5244,1907,-0.733,anti,0.0,73.3,2026-03-17 10:36,2026-03-17 10:36
OTAN,392,380,8,4,0.949,pro,96.9,2.0,2026-03-17 10:36,2026-03-17 10:36
China,352,8,0,344,0.023,pro,2.3,0.0,2026-03-17 10:36,2026-03-17 10:36
Rusia,227,7,9,211,-0.009,anti,3.1,4.0,2026-03-17 10:36,2026-03-17 10:36
Inmigración,148,26,23,99,0.02,pro,17.6,15.5,2026-03-17 10:36,2026-03-17 10:36
MERCOSUR,144,29,0,115,0.201,pro,20.1,0.0,2026-03-17 10:36,2026-03-17 10:36
UE,18148,1587,2,16559,0.087,pro,8.7,0.0,2026-03-17 11:06,2026-03-17 11:06
EEUU,7179,0,5270,1909,-0.734,anti,0.0,73.4,2026-03-17 11:06,2026-03-17 11:06
OTAN,393,381,8,4,0.949,pro,96.9,2.0,2026-03-17 11:06,2026-03-17 11:06
China,353,8,0,345,0.023,pro,2.3,0.0,2026-03-17 11:06,2026-03-17 11:06
Rusia,227,7,9,211,-0.009,anti,3.1,4.0,2026-03-17 11:06,2026-03-17 11:06
Inmigración,148,26,23,99,0.02,pro,17.6,15.5,2026-03-17 11:06,2026-03-17 11:06
MERCOSUR,145,29,0,116,0.2,pro,20.0,0.0,2026-03-17 11:06,2026-03-17 11:06
UE,18215,1596,2,16617,0.088,pro,8.8,0.0,2026-03-17 11:36,2026-03-17 11:36
EEUU,7204,0,5293,1911,-0.735,anti,0.0,73.5,2026-03-17 11:36,2026-03-17 11:36
OTAN,395,383,8,4,0.949,pro,97.0,2.0,2026-03-17 11:36,2026-03-17 11:36
China,354,8,0,346,0.023,pro,2.3,0.0,2026-03-17 11:36,2026-03-17 11:36
Rusia,227,7,9,211,-0.009,anti,3.1,4.0,2026-03-17 11:36,2026-03-17 11:36
Inmigración,149,26,23,100,0.02,pro,17.4,15.4,2026-03-17 11:36,2026-03-17 11:36
MERCOSUR,145,29,0,116,0.2,pro,20.0,0.0,2026-03-17 11:36,2026-03-17 11:36
UE,18280,1603,2,16675,0.088,pro,8.8,0.0,2026-03-17 12:06,2026-03-17 12:06
EEUU,7224,0,5309,1915,-0.735,anti,0.0,73.5,2026-03-17 12:06,2026-03-17 12:06
OTAN,395,383,8,4,0.949,pro,97.0,2.0,2026-03-17 12:06,2026-03-17 12:06
China,354,8,0,346,0.023,pro,2.3,0.0,2026-03-17 12:06,2026-03-17 12:06
Rusia,227,7,9,211,-0.009,anti,3.1,4.0,2026-03-17 12:06,2026-03-17 12:06
Inmigración,149,26,23,100,0.02,pro,17.4,15.4,2026-03-17 12:06,2026-03-17 12:06
MERCOSUR,145,29,0,116,0.2,pro,20.0,0.0,2026-03-17 12:06,2026-03-17 12:06
UE,18356,1611,2,16743,0.088,pro,8.8,0.0,2026-03-17 12:36,2026-03-17 12:36
EEUU,7252,0,5334,1918,-0.736,anti,0.0,73.6,2026-03-17 12:36,2026-03-17 12:36
OTAN,396,384,8,4,0.949,pro,97.0,2.0,2026-03-17 12:36,2026-03-17 12:36
China,355,8,0,347,0.023,pro,2.3,0.0,2026-03-17 12:36,2026-03-17 12:36
Rusia,227,7,9,211,-0.009,anti,3.1,4.0,2026-03-17 12:36,2026-03-17 12:36
Inmigración,149,26,23,100,0.02,pro,17.4,15.4,2026-03-17 12:36,2026-03-17 12:36
MERCOSUR,147,29,0,118,0.197,pro,19.7,0.0,2026-03-17 12:36,2026-03-17 12:36
UE,18416,1617,2,16797,0.088,pro,8.8,0.0,2026-03-17 13:06,2026-03-17 13:06
EEUU,7270,0,5350,1920,-0.736,anti,0.0,73.6,2026-03-17 13:06,2026-03-17 13:06
OTAN,397,385,8,4,0.95,pro,97.0,2.0,2026-03-17 13:06,2026-03-17 13:06
China,356,8,0,348,0.022,pro,2.2,0.0,2026-03-17 13:06,2026-03-17 13:06
Rusia,229,7,9,213,-0.009,anti,3.1,3.9,2026-03-17 13:06,2026-03-17 13:06
Inmigración,149,26,23,100,0.02,pro,17.4,15.4,2026-03-17 13:06,2026-03-17 13:06
MERCOSUR,147,29,0,118,0.197,pro,19.7,0.0,2026-03-17 13:06,2026-03-17 13:06
UE,18483,1626,2,16855,0.088,pro,8.8,0.0,2026-03-17 13:36,2026-03-17 13:36
EEUU,7294,0,5370,1924,-0.736,anti,0.0,73.6,2026-03-17 13:36,2026-03-17 13:36
OTAN,398,386,8,4,0.95,pro,97.0,2.0,2026-03-17 13:36,2026-03-17 13:36
China,356,8,0,348,0.022,pro,2.2,0.0,2026-03-17 13:36,2026-03-17 13:36
Rusia,230,7,9,214,-0.009,anti,3.0,3.9,2026-03-17 13:36,2026-03-17 13:36
Inmigración,149,26,23,100,0.02,pro,17.4,15.4,2026-03-17 13:36,2026-03-17 13:36
MERCOSUR,147,29,0,118,0.197,pro,19.7,0.0,2026-03-17 13:36,2026-03-17 13:36
UE,18557,1628,2,16927,0.088,pro,8.8,0.0,2026-03-17 14:06,2026-03-17 14:06
EEUU,7321,0,5395,1926,-0.737,anti,0.0,73.7,2026-03-17 14:06,2026-03-17 14:06
OTAN,399,387,8,4,0.95,pro,97.0,2.0,2026-03-17 14:06,2026-03-17 14:06
China,357,8,0,349,0.022,pro,2.2,0.0,2026-03-17 14:06,2026-03-17 14:06
Rusia,231,7,9,215,-0.009,anti,3.0,3.9,2026-03-17 14:06,2026-03-17 14:06
Inmigración,149,26,23,100,0.02,pro,17.4,15.4,2026-03-17 14:06,2026-03-17 14:06
MERCOSUR,148,29,0,119,0.196,pro,19.6,0.0,2026-03-17 14:06,2026-03-17 14:06
UE,18644,1638,2,17004,0.088,pro,8.8,0.0,2026-03-17 14:36,2026-03-17 14:36
EEUU,7342,0,5415,1927,-0.738,anti,0.0,73.8,2026-03-17 14:36,2026-03-17 14:36
OTAN,402,390,8,4,0.95,pro,97.0,2.0,2026-03-17 14:36,2026-03-17 14:36
China,357,8,0,349,0.022,pro,2.2,0.0,2026-03-17 14:36,2026-03-17 14:36
Rusia,233,7,10,216,-0.013,anti,3.0,4.3,2026-03-17 14:36,2026-03-17 14:36
Inmigración,149,26,23,100,0.02,pro,17.4,15.4,2026-03-17 14:36,2026-03-17 14:36
MERCOSUR,148,29,0,119,0.196,pro,19.6,0.0,2026-03-17 14:36,2026-03-17 14:36
UE,18702,1644,2,17056,0.088,pro,8.8,0.0,2026-03-17 15:06,2026-03-17 15:06
EEUU,7360,0,5429,1931,-0.738,anti,0.0,73.8,2026-03-17 15:06,2026-03-17 15:06
OTAN,403,391,8,4,0.95,pro,97.0,2.0,2026-03-17 15:06,2026-03-17 15:06
China,357,8,0,349,0.022,pro,2.2,0.0,2026-03-17 15:06,2026-03-17 15:06
Rusia,233,7,10,216,-0.013,anti,3.0,4.3,2026-03-17 15:06,2026-03-17 15:06
Inmigración,149,26,23,100,0.02,pro,17.4,15.4,2026-03-17 15:06,2026-03-17 15:06
MERCOSUR,149,29,0,120,0.195,pro,19.5,0.0,2026-03-17 15:06,2026-03-17 15:06
UE,18776,1647,2,17127,0.088,pro,8.8,0.0,2026-03-17 15:36,2026-03-17 15:36
EEUU,7384,0,5449,1935,-0.738,anti,0.0,73.8,2026-03-17 15:36,2026-03-17 15:36
OTAN,404,392,8,4,0.95,pro,97.0,2.0,2026-03-17 15:36,2026-03-17 15:36
China,357,8,0,349,0.022,pro,2.2,0.0,2026-03-17 15:36,2026-03-17 15:36
Rusia,233,7,10,216,-0.013,anti,3.0,4.3,2026-03-17 15:36,2026-03-17 15:36
Inmigración,149,26,23,100,0.02,pro,17.4,15.4,2026-03-17 15:36,2026-03-17 15:36
MERCOSUR,149,29,0,120,0.195,pro,19.5,0.0,2026-03-17 15:36,2026-03-17 15:36
UE,18832,1651,2,17179,0.088,pro,8.8,0.0,2026-03-17 16:06,2026-03-17 16:06
EEUU,7413,0,5469,1944,-0.738,anti,0.0,73.8,2026-03-17 16:06,2026-03-17 16:06
OTAN,405,393,8,4,0.951,pro,97.0,2.0,2026-03-17 16:06,2026-03-17 16:06
China,357,8,0,349,0.022,pro,2.2,0.0,2026-03-17 16:06,2026-03-17 16:06
Rusia,233,7,10,216,-0.013,anti,3.0,4.3,2026-03-17 16:06,2026-03-17 16:06
Inmigración,149,26,23,100,0.02,pro,17.4,15.4,2026-03-17 16:06,2026-03-17 16:06
MERCOSUR,149,29,0,120,0.195,pro,19.5,0.0,2026-03-17 16:06,2026-03-17 16:06
UE,18884,1661,2,17221,0.088,pro,8.8,0.0,2026-03-17 16:36,2026-03-17 16:36
EEUU,7431,0,5483,1948,-0.738,anti,0.0,73.8,2026-03-17 16:36,2026-03-17 16:36
OTAN,407,395,8,4,0.951,pro,97.1,2.0,2026-03-17 16:36,2026-03-17 16:36
China,357,8,0,349,0.022,pro,2.2,0.0,2026-03-17 16:36,2026-03-17 16:36
Rusia,233,7,10,216,-0.013,anti,3.0,4.3,2026-03-17 16:36,2026-03-17 16:36
Inmigración,149,26,23,100,0.02,pro,17.4,15.4,2026-03-17 16:36,2026-03-17 16:36
MERCOSUR,149,29,0,120,0.195,pro,19.5,0.0,2026-03-17 16:36,2026-03-17 16:36
UE,18925,1666,2,17257,0.088,pro,8.8,0.0,2026-03-17 17:06,2026-03-17 17:06
EEUU,7452,0,5494,1958,-0.737,anti,0.0,73.7,2026-03-17 17:06,2026-03-17 17:06
OTAN,413,401,8,4,0.952,pro,97.1,1.9,2026-03-17 17:06,2026-03-17 17:06
China,357,8,0,349,0.022,pro,2.2,0.0,2026-03-17 17:06,2026-03-17 17:06
Rusia,233,7,10,216,-0.013,anti,3.0,4.3,2026-03-17 17:06,2026-03-17 17:06
Inmigración,150,26,23,101,0.02,pro,17.3,15.3,2026-03-17 17:06,2026-03-17 17:06
MERCOSUR,149,29,0,120,0.195,pro,19.5,0.0,2026-03-17 17:06,2026-03-17 17:06
UE,18976,1670,2,17304,0.088,pro,8.8,0.0,2026-03-17 17:36,2026-03-17 17:36
EEUU,7473,0,5506,1967,-0.737,anti,0.0,73.7,2026-03-17 17:36,2026-03-17 17:36
OTAN,418,406,8,4,0.952,pro,97.1,1.9,2026-03-17 17:36,2026-03-17 17:36
China,357,8,0,349,0.022,pro,2.2,0.0,2026-03-17 17:36,2026-03-17 17:36
Rusia,233,7,10,216,-0.013,anti,3.0,4.3,2026-03-17 17:36,2026-03-17 17:36
Inmigración,150,26,23,101,0.02,pro,17.3,15.3,2026-03-17 17:36,2026-03-17 17:36
MERCOSUR,149,29,0,120,0.195,pro,19.5,0.0,2026-03-17 17:36,2026-03-17 17:36
UE,19022,1677,2,17343,0.088,pro,8.8,0.0,2026-03-17 18:06,2026-03-17 18:06
EEUU,7490,0,5513,1977,-0.736,anti,0.0,73.6,2026-03-17 18:06,2026-03-17 18:06
OTAN,421,408,8,5,0.95,pro,96.9,1.9,2026-03-17 18:06,2026-03-17 18:06
China,358,8,0,350,0.022,pro,2.2,0.0,2026-03-17 18:06,2026-03-17 18:06
Rusia,233,7,10,216,-0.013,anti,3.0,4.3,2026-03-17 18:06,2026-03-17 18:06
Inmigración,150,26,23,101,0.02,pro,17.3,15.3,2026-03-17 18:06,2026-03-17 18:06
MERCOSUR,149,29,0,120,0.195,pro,19.5,0.0,2026-03-17 18:06,2026-03-17 18:06
UE,19088,1683,2,17403,0.088,pro,8.8,0.0,2026-03-17 18:36,2026-03-17 18:36
EEUU,7514,0,5529,1985,-0.736,anti,0.0,73.6,2026-03-17 18:36,2026-03-17 18:36
OTAN,424,410,8,6,0.948,pro,96.7,1.9,2026-03-17 18:36,2026-03-17 18:36
China,359,8,0,351,0.022,pro,2.2,0.0,2026-03-17 18:36,2026-03-17 18:36
Rusia,233,7,10,216,-0.013,anti,3.0,4.3,2026-03-17 18:36,2026-03-17 18:36
Inmigración,150,26,23,101,0.02,pro,17.3,15.3,2026-03-17 18:36,2026-03-17 18:36
MERCOSUR,149,29,0,120,0.195,pro,19.5,0.0,2026-03-17 18:36,2026-03-17 18:36
UE,19143,1692,2,17449,0.088,pro,8.8,0.0,2026-03-17 19:06,2026-03-17 19:06
EEUU,7536,0,5545,1991,-0.736,anti,0.0,73.6,2026-03-17 19:06,2026-03-17 19:06
OTAN,428,414,8,6,0.949,pro,96.7,1.9,2026-03-17 19:06,2026-03-17 19:06
China,360,8,0,352,0.022,pro,2.2,0.0,2026-03-17 19:06,2026-03-17 19:06
Rusia,233,7,10,216,-0.013,anti,3.0,4.3,2026-03-17 19:06,2026-03-17 19:06
Inmigración,150,26,23,101,0.02,pro,17.3,15.3,2026-03-17 19:06,2026-03-17 19:06
MERCOSUR,150,29,0,121,0.193,pro,19.3,0.0,2026-03-17 19:06,2026-03-17 19:06
UE,19212,1696,2,17514,0.088,pro,8.8,0.0,2026-03-17 19:36,2026-03-17 19:36
EEUU,7553,0,5557,1996,-0.736,anti,0.0,73.6,2026-03-17 19:36,2026-03-17 19:36
OTAN,429,415,8,6,0.949,pro,96.7,1.9,2026-03-17 19:36,2026-03-17 19:36
China,360,8,0,352,0.022,pro,2.2,0.0,2026-03-17 19:36,2026-03-17 19:36
Rusia,235,7,10,218,-0.013,anti,3.0,4.3,2026-03-17 19:36,2026-03-17 19:36
MERCOSUR,153,29,0,124,0.19,pro,19.0,0.0,2026-03-17 19:36,2026-03-17 19:36
Inmigración,150,26,23,101,0.02,pro,17.3,15.3,2026-03-17 19:36,2026-03-17 19:36
UE,19265,1703,2,17560,0.088,pro,8.8,0.0,2026-03-17 20:06,2026-03-17 20:06
EEUU,7574,0,5572,2002,-0.736,anti,0.0,73.6,2026-03-17 20:06,2026-03-17 20:06
OTAN,431,417,8,6,0.949,pro,96.8,1.9,2026-03-17 20:06,2026-03-17 20:06
China,360,8,0,352,0.022,pro,2.2,0.0,2026-03-17 20:06,2026-03-17 20:06
Rusia,235,7,10,218,-0.013,anti,3.0,4.3,2026-03-17 20:06,2026-03-17 20:06
MERCOSUR,154,29,0,125,0.188,pro,18.8,0.0,2026-03-17 20:06,2026-03-17 20:06
Inmigración,150,26,23,101,0.02,pro,17.3,15.3,2026-03-17 20:06,2026-03-17 20:06
UE,19306,1710,2,17594,0.088,pro,8.9,0.0,2026-03-17 20:36,2026-03-17 20:36
EEUU,7585,0,5579,2006,-0.736,anti,0.0,73.6,2026-03-17 20:36,2026-03-17 20:36
OTAN,434,420,8,6,0.949,pro,96.8,1.8,2026-03-17 20:36,2026-03-17 20:36
China,361,8,0,353,0.022,pro,2.2,0.0,2026-03-17 20:36,2026-03-17 20:36
Rusia,235,7,10,218,-0.013,anti,3.0,4.3,2026-03-17 20:36,2026-03-17 20:36
MERCOSUR,154,29,0,125,0.188,pro,18.8,0.0,2026-03-17 20:36,2026-03-17 20:36
Inmigración,150,26,23,101,0.02,pro,17.3,15.3,2026-03-17 20:36,2026-03-17 20:36
UE,19344,1712,2,17630,0.088,pro,8.9,0.0,2026-03-17 21:06,2026-03-17 21:06
EEUU,7601,0,5590,2011,-0.735,anti,0.0,73.5,2026-03-17 21:06,2026-03-17 21:06
OTAN,437,423,8,6,0.95,pro,96.8,1.8,2026-03-17 21:06,2026-03-17 21:06
China,362,8,0,354,0.022,pro,2.2,0.0,2026-03-17 21:06,2026-03-17 21:06
Rusia,235,7,10,218,-0.013,anti,3.0,4.3,2026-03-17 21:06,2026-03-17 21:06
MERCOSUR,154,29,0,125,0.188,pro,18.8,0.0,2026-03-17 21:06,2026-03-17 21:06
Inmigración,150,26,23,101,0.02,pro,17.3,15.3,2026-03-17 21:06,2026-03-17 21:06
UE,19374,1714,2,17658,0.088,pro,8.8,0.0,2026-03-17 21:36,2026-03-17 21:36
EEUU,7615,0,5601,2014,-0.736,anti,0.0,73.6,2026-03-17 21:36,2026-03-17 21:36
OTAN,439,425,8,6,0.95,pro,96.8,1.8,2026-03-17 21:36,2026-03-17 21:36
China,362,8,0,354,0.022,pro,2.2,0.0,2026-03-17 21:36,2026-03-17 21:36
Rusia,237,7,10,220,-0.013,anti,3.0,4.2,2026-03-17 21:36,2026-03-17 21:36
MERCOSUR,155,29,0,126,0.187,pro,18.7,0.0,2026-03-17 21:36,2026-03-17 21:36
Inmigración,150,26,23,101,0.02,pro,17.3,15.3,2026-03-17 21:36,2026-03-17 21:36
UE,19412,1720,2,17690,0.089,pro,8.9,0.0,2026-03-17 22:07,2026-03-17 22:07
EEUU,7625,0,5610,2015,-0.736,anti,0.0,73.6,2026-03-17 22:07,2026-03-17 22:07
OTAN,440,426,8,6,0.95,pro,96.8,1.8,2026-03-17 22:07,2026-03-17 22:07
China,362,8,0,354,0.022,pro,2.2,0.0,2026-03-17 22:07,2026-03-17 22:07
Rusia,238,7,10,221,-0.013,anti,2.9,4.2,2026-03-17 22:07,2026-03-17 22:07
MERCOSUR,156,29,0,127,0.186,pro,18.6,0.0,2026-03-17 22:07,2026-03-17 22:07
Inmigración,150,26,23,101,0.02,pro,17.3,15.3,2026-03-17 22:07,2026-03-17 22:07
UE,19447,1724,2,17721,0.089,pro,8.9,0.0,2026-03-17 22:36,2026-03-17 22:36
EEUU,7633,0,5615,2018,-0.736,anti,0.0,73.6,2026-03-17 22:36,2026-03-17 22:36
OTAN,441,427,8,6,0.95,pro,96.8,1.8,2026-03-17 22:36,2026-03-17 22:36
China,362,8,0,354,0.022,pro,2.2,0.0,2026-03-17 22:36,2026-03-17 22:36
Rusia,238,7,10,221,-0.013,anti,2.9,4.2,2026-03-17 22:36,2026-03-17 22:36
MERCOSUR,156,29,0,127,0.186,pro,18.6,0.0,2026-03-17 22:36,2026-03-17 22:36
Inmigración,150,26,23,101,0.02,pro,17.3,15.3,2026-03-17 22:36,2026-03-17 22:36
UE,19471,1727,2,17742,0.089,pro,8.9,0.0,2026-03-17 23:06,2026-03-17 23:06
EEUU,7640,0,5621,2019,-0.736,anti,0.0,73.6,2026-03-17 23:06,2026-03-17 23:06
OTAN,442,428,8,6,0.95,pro,96.8,1.8,2026-03-17 23:06,2026-03-17 23:06
China,362,8,0,354,0.022,pro,2.2,0.0,2026-03-17 23:06,2026-03-17 23:06
Rusia,238,7,10,221,-0.013,anti,2.9,4.2,2026-03-17 23:06,2026-03-17 23:06
MERCOSUR,156,29,0,127,0.186,pro,18.6,0.0,2026-03-17 23:06,2026-03-17 23:06
Inmigración,150,26,23,101,0.02,pro,17.3,15.3,2026-03-17 23:06,2026-03-17 23:06
UE,19507,1731,2,17774,0.089,pro,8.9,0.0,2026-03-17 23:36,2026-03-17 23:36
EEUU,7652,0,5628,2024,-0.735,anti,0.0,73.5,2026-03-17 23:36,2026-03-17 23:36
OTAN,442,428,8,6,0.95,pro,96.8,1.8,2026-03-17 23:36,2026-03-17 23:36
China,363,8,0,355,0.022,pro,2.2,0.0,2026-03-17 23:36,2026-03-17 23:36
Rusia,240,7,10,223,-0.012,anti,2.9,4.2,2026-03-17 23:36,2026-03-17 23:36
MERCOSUR,156,29,0,127,0.186,pro,18.6,0.0,2026-03-17 23:36,2026-03-17 23:36
Inmigración,152,28,23,101,0.033,pro,18.4,15.1,2026-03-17 23:36,2026-03-17 23:36
UE,19529,1731,2,17796,0.089,pro,8.9,0.0,2026-03-18 00:06,2026-03-18 00:06
EEUU,7654,0,5629,2025,-0.735,anti,0.0,73.5,2026-03-18 00:06,2026-03-18 00:06
OTAN,443,429,8,6,0.95,pro,96.8,1.8,2026-03-18 00:06,2026-03-18 00:06
China,363,8,0,355,0.022,pro,2.2,0.0,2026-03-18 00:06,2026-03-18 00:06
Rusia,240,7,10,223,-0.012,anti,2.9,4.2,2026-03-18 00:06,2026-03-18 00:06
MERCOSUR,156,29,0,127,0.186,pro,18.6,0.0,2026-03-18 00:06,2026-03-18 00:06
Inmigración,152,28,23,101,0.033,pro,18.4,15.1,2026-03-18 00:06,2026-03-18 00:06
UE,19560,1735,2,17823,0.089,pro,8.9,0.0,2026-03-18 00:36,2026-03-18 00:36
EEUU,7665,0,5636,2029,-0.735,anti,0.0,73.5,2026-03-18 00:36,2026-03-18 00:36
OTAN,443,429,8,6,0.95,pro,96.8,1.8,2026-03-18 00:36,2026-03-18 00:36
China,363,8,0,355,0.022,pro,2.2,0.0,2026-03-18 00:36,2026-03-18 00:36
Rusia,241,7,10,224,-0.012,anti,2.9,4.1,2026-03-18 00:36,2026-03-18 00:36
MERCOSUR,159,29,0,130,0.182,pro,18.2,0.0,2026-03-18 00:36,2026-03-18 00:36
Inmigración,152,28,23,101,0.033,pro,18.4,15.1,2026-03-18 00:36,2026-03-18 00:36
UE,19590,1736,2,17852,0.089,pro,8.9,0.0,2026-03-18 01:06,2026-03-18 01:06
EEUU,7670,0,5639,2031,-0.735,anti,0.0,73.5,2026-03-18 01:06,2026-03-18 01:06
OTAN,443,429,8,6,0.95,pro,96.8,1.8,2026-03-18 01:06,2026-03-18 01:06
China,363,8,0,355,0.022,pro,2.2,0.0,2026-03-18 01:06,2026-03-18 01:06
Rusia,241,7,10,224,-0.012,anti,2.9,4.1,2026-03-18 01:06,2026-03-18 01:06
MERCOSUR,159,29,0,130,0.182,pro,18.2,0.0,2026-03-18 01:06,2026-03-18 01:06
Inmigración,152,28,23,101,0.033,pro,18.4,15.1,2026-03-18 01:06,2026-03-18 01:06
UE,19612,1737,2,17873,0.088,pro,8.9,0.0,2026-03-18 01:36,2026-03-18 01:36
EEUU,7676,0,5641,2035,-0.735,anti,0.0,73.5,2026-03-18 01:36,2026-03-18 01:36
OTAN,443,429,8,6,0.95,pro,96.8,1.8,2026-03-18 01:36,2026-03-18 01:36
China,363,8,0,355,0.022,pro,2.2,0.0,2026-03-18 01:36,2026-03-18 01:36
Rusia,241,7,10,224,-0.012,anti,2.9,4.1,2026-03-18 01:36,2026-03-18 01:36
MERCOSUR,159,29,0,130,0.182,pro,18.2,0.0,2026-03-18 01:36,2026-03-18 01:36
Inmigración,152,28,23,101,0.033,pro,18.4,15.1,2026-03-18 01:36,2026-03-18 01:36
UE,19618,1737,2,17879,0.088,pro,8.9,0.0,2026-03-18 02:06,2026-03-18 02:06
EEUU,7678,0,5642,2036,-0.735,anti,0.0,73.5,2026-03-18 02:06,2026-03-18 02:06
OTAN,443,429,8,6,0.95,pro,96.8,1.8,2026-03-18 02:06,2026-03-18 02:06
China,363,8,0,355,0.022,pro,2.2,0.0,2026-03-18 02:06,2026-03-18 02:06
Rusia,241,7,10,224,-0.012,anti,2.9,4.1,2026-03-18 02:06,2026-03-18 02:06
MERCOSUR,159,29,0,130,0.182,pro,18.2,0.0,2026-03-18 02:06,2026-03-18 02:06
Inmigración,152,28,23,101,0.033,pro,18.4,15.1,2026-03-18 02:06,2026-03-18 02:06
UE,19639,1739,2,17898,0.088,pro,8.9,0.0,2026-03-18 02:36,2026-03-18 02:36
EEUU,7688,0,5651,2037,-0.735,anti,0.0,73.5,2026-03-18 02:36,2026-03-18 02:36
OTAN,443,429,8,6,0.95,pro,96.8,1.8,2026-03-18 02:36,2026-03-18 02:36
China,364,8,0,356,0.022,pro,2.2,0.0,2026-03-18 02:36,2026-03-18 02:36
Rusia,241,7,10,224,-0.012,anti,2.9,4.1,2026-03-18 02:36,2026-03-18 02:36
MERCOSUR,160,30,0,130,0.188,pro,18.8,0.0,2026-03-18 02:36,2026-03-18 02:36
Inmigración,152,28,23,101,0.033,pro,18.4,15.1,2026-03-18 02:36,2026-03-18 02:36
UE,19660,1739,2,17919,0.088,pro,8.8,0.0,2026-03-18 03:06,2026-03-18 03:06
EEUU,7697,0,5657,2040,-0.735,anti,0.0,73.5,2026-03-18 03:06,2026-03-18 03:06
OTAN,444,430,8,6,0.95,pro,96.8,1.8,2026-03-18 03:06,2026-03-18 03:06
China,364,8,0,356,0.022,pro,2.2,0.0,2026-03-18 03:06,2026-03-18 03:06
Rusia,241,7,10,224,-0.012,anti,2.9,4.1,2026-03-18 03:06,2026-03-18 03:06
MERCOSUR,160,30,0,130,0.188,pro,18.8,0.0,2026-03-18 03:06,2026-03-18 03:06
Inmigración,152,28,23,101,0.033,pro,18.4,15.1,2026-03-18 03:06,2026-03-18 03:06
UE,19669,1740,2,17927,0.088,pro,8.8,0.0,2026-03-18 03:36,2026-03-18 03:36
EEUU,7699,0,5659,2040,-0.735,anti,0.0,73.5,2026-03-18 03:36,2026-03-18 03:36
OTAN,444,430,8,6,0.95,pro,96.8,1.8,2026-03-18 03:36,2026-03-18 03:36
China,364,8,0,356,0.022,pro,2.2,0.0,2026-03-18 03:36,2026-03-18 03:36
Rusia,241,7,10,224,-0.012,anti,2.9,4.1,2026-03-18 03:36,2026-03-18 03:36
MERCOSUR,160,30,0,130,0.188,pro,18.8,0.0,2026-03-18 03:36,2026-03-18 03:36
Inmigración,152,28,23,101,0.033,pro,18.4,15.1,2026-03-18 03:36,2026-03-18 03:36
UE,19672,1742,2,17928,0.088,pro,8.9,0.0,2026-03-18 04:06,2026-03-18 04:06
EEUU,7701,0,5660,2041,-0.735,anti,0.0,73.5,2026-03-18 04:06,2026-03-18 04:06
OTAN,444,430,8,6,0.95,pro,96.8,1.8,2026-03-18 04:06,2026-03-18 04:06
China,364,8,0,356,0.022,pro,2.2,0.0,2026-03-18 04:06,2026-03-18 04:06
Rusia,241,7,10,224,-0.012,anti,2.9,4.1,2026-03-18 04:06,2026-03-18 04:06
MERCOSUR,160,30,0,130,0.188,pro,18.8,0.0,2026-03-18 04:06,2026-03-18 04:06
Inmigración,152,28,23,101,0.033,pro,18.4,15.1,2026-03-18 04:06,2026-03-18 04:06
UE,19678,1742,2,17934,0.088,pro,8.9,0.0,2026-03-18 04:36,2026-03-18 04:36
EEUU,7703,0,5661,2042,-0.735,anti,0.0,73.5,2026-03-18 04:36,2026-03-18 04:36
OTAN,444,430,8,6,0.95,pro,96.8,1.8,2026-03-18 04:36,2026-03-18 04:36
China,364,8,0,356,0.022,pro,2.2,0.0,2026-03-18 04:36,2026-03-18 04:36
Rusia,241,7,10,224,-0.012,anti,2.9,4.1,2026-03-18 04:36,2026-03-18 04:36
MERCOSUR,161,30,0,131,0.186,pro,18.6,0.0,2026-03-18 04:36,2026-03-18 04:36
Inmigración,153,28,24,101,0.026,pro,18.3,15.7,2026-03-18 04:36,2026-03-18 04:36
UE,19686,1742,2,17942,0.088,pro,8.8,0.0,2026-03-18 05:06,2026-03-18 05:06
EEUU,7706,0,5663,2043,-0.735,anti,0.0,73.5,2026-03-18 05:06,2026-03-18 05:06
OTAN,444,430,8,6,0.95,pro,96.8,1.8,2026-03-18 05:06,2026-03-18 05:06
China,364,8,0,356,0.022,pro,2.2,0.0,2026-03-18 05:06,2026-03-18 05:06
Rusia,241,7,10,224,-0.012,anti,2.9,4.1,2026-03-18 05:06,2026-03-18 05:06
MERCOSUR,161,30,0,131,0.186,pro,18.6,0.0,2026-03-18 05:06,2026-03-18 05:06
Inmigración,153,28,24,101,0.026,pro,18.3,15.7,2026-03-18 05:06,2026-03-18 05:06
UE,19727,1745,2,17980,0.088,pro,8.8,0.0,2026-03-18 05:36,2026-03-18 05:36
EEUU,7719,0,5674,2045,-0.735,anti,0.0,73.5,2026-03-18 05:36,2026-03-18 05:36
OTAN,445,431,8,6,0.951,pro,96.9,1.8,2026-03-18 05:36,2026-03-18 05:36
China,364,8,0,356,0.022,pro,2.2,0.0,2026-03-18 05:36,2026-03-18 05:36
Rusia,241,7,10,224,-0.012,anti,2.9,4.1,2026-03-18 05:36,2026-03-18 05:36
MERCOSUR,161,30,0,131,0.186,pro,18.6,0.0,2026-03-18 05:36,2026-03-18 05:36
Inmigración,154,28,24,102,0.026,pro,18.2,15.6,2026-03-18 05:36,2026-03-18 05:36
UE,19756,1746,2,18008,0.088,pro,8.8,0.0,2026-03-18 06:06,2026-03-18 06:06
EEUU,7731,0,5683,2048,-0.735,anti,0.0,73.5,2026-03-18 06:06,2026-03-18 06:06
OTAN,446,432,8,6,0.951,pro,96.9,1.8,2026-03-18 06:06,2026-03-18 06:06
China,365,8,0,357,0.022,pro,2.2,0.0,2026-03-18 06:06,2026-03-18 06:06
Rusia,241,7,10,224,-0.012,anti,2.9,4.1,2026-03-18 06:06,2026-03-18 06:06
MERCOSUR,161,30,0,131,0.186,pro,18.6,0.0,2026-03-18 06:06,2026-03-18 06:06
Inmigración,154,28,24,102,0.026,pro,18.2,15.6,2026-03-18 06:06,2026-03-18 06:06
UE,19845,1755,2,18088,0.088,pro,8.8,0.0,2026-03-18 06:36,2026-03-18 06:36
EEUU,7767,0,5714,2053,-0.736,anti,0.0,73.6,2026-03-18 06:36,2026-03-18 06:36
OTAN,448,434,8,6,0.951,pro,96.9,1.8,2026-03-18 06:36,2026-03-18 06:36
China,367,8,0,359,0.022,pro,2.2,0.0,2026-03-18 06:36,2026-03-18 06:36
Rusia,241,7,10,224,-0.012,anti,2.9,4.1,2026-03-18 06:36,2026-03-18 06:36
MERCOSUR,161,30,0,131,0.186,pro,18.6,0.0,2026-03-18 06:36,2026-03-18 06:36
Inmigración,154,28,24,102,0.026,pro,18.2,15.6,2026-03-18 06:36,2026-03-18 06:36
UE,19873,1759,2,18112,0.088,pro,8.9,0.0,2026-03-18 07:06,2026-03-18 07:06
EEUU,7775,0,5719,2056,-0.736,anti,0.0,73.6,2026-03-18 07:06,2026-03-18 07:06
OTAN,448,434,8,6,0.951,pro,96.9,1.8,2026-03-18 07:06,2026-03-18 07:06
China,369,8,0,361,0.022,pro,2.2,0.0,2026-03-18 07:06,2026-03-18 07:06
Rusia,241,7,10,224,-0.012,anti,2.9,4.1,2026-03-18 07:06,2026-03-18 07:06
MERCOSUR,161,30,0,131,0.186,pro,18.6,0.0,2026-03-18 07:06,2026-03-18 07:06
Inmigración,154,28,24,102,0.026,pro,18.2,15.6,2026-03-18 07:06,2026-03-18 07:06
UE,19919,1763,2,18154,0.088,pro,8.9,0.0,2026-03-18 07:36,2026-03-18 07:36
EEUU,7786,0,5726,2060,-0.735,anti,0.0,73.5,2026-03-18 07:36,2026-03-18 07:36
OTAN,449,435,8,6,0.951,pro,96.9,1.8,2026-03-18 07:36,2026-03-18 07:36
China,369,8,0,361,0.022,pro,2.2,0.0,2026-03-18 07:36,2026-03-18 07:36
Rusia,241,7,10,224,-0.012,anti,2.9,4.1,2026-03-18 07:36,2026-03-18 07:36
MERCOSUR,161,30,0,131,0.186,pro,18.6,0.0,2026-03-18 07:36,2026-03-18 07:36
Inmigración,155,28,24,103,0.026,pro,18.1,15.5,2026-03-18 07:36,2026-03-18 07:36
UE,19959,1767,2,18190,0.088,pro,8.9,0.0,2026-03-18 08:06,2026-03-18 08:06
EEUU,7803,0,5737,2066,-0.735,anti,0.0,73.5,2026-03-18 08:06,2026-03-18 08:06
OTAN,450,436,8,6,0.951,pro,96.9,1.8,2026-03-18 08:06,2026-03-18 08:06
China,369,8,0,361,0.022,pro,2.2,0.0,2026-03-18 08:06,2026-03-18 08:06
Rusia,241,7,10,224,-0.012,anti,2.9,4.1,2026-03-18 08:06,2026-03-18 08:06
MERCOSUR,162,30,0,132,0.185,pro,18.5,0.0,2026-03-18 08:06,2026-03-18 08:06
Inmigración,155,28,24,103,0.026,pro,18.1,15.5,2026-03-18 08:06,2026-03-18 08:06
UE,20001,1769,2,18230,0.088,pro,8.8,0.0,2026-03-18 08:36,2026-03-18 08:36
EEUU,7822,0,5750,2072,-0.735,anti,0.0,73.5,2026-03-18 08:36,2026-03-18 08:36
OTAN,454,440,8,6,0.952,pro,96.9,1.8,2026-03-18 08:36,2026-03-18 08:36
China,369,8,0,361,0.022,pro,2.2,0.0,2026-03-18 08:36,2026-03-18 08:36
Rusia,242,8,10,224,-0.008,anti,3.3,4.1,2026-03-18 08:36,2026-03-18 08:36
MERCOSUR,162,30,0,132,0.185,pro,18.5,0.0,2026-03-18 08:36,2026-03-18 08:36
Inmigración,156,29,24,103,0.032,pro,18.6,15.4,2026-03-18 08:36,2026-03-18 08:36
UE,20057,1772,2,18283,0.088,pro,8.8,0.0,2026-03-18 09:06,2026-03-18 09:06
EEUU,7839,0,5766,2073,-0.736,anti,0.0,73.6,2026-03-18 09:06,2026-03-18 09:06
OTAN,456,442,8,6,0.952,pro,96.9,1.8,2026-03-18 09:06,2026-03-18 09:06
China,369,8,0,361,0.022,pro,2.2,0.0,2026-03-18 09:06,2026-03-18 09:06
Rusia,242,8,10,224,-0.008,anti,3.3,4.1,2026-03-18 09:06,2026-03-18 09:06
MERCOSUR,162,30,0,132,0.185,pro,18.5,0.0,2026-03-18 09:06,2026-03-18 09:06
Inmigración,156,29,24,103,0.032,pro,18.6,15.4,2026-03-18 09:06,2026-03-18 09:06
UE,20119,1776,2,18341,0.088,pro,8.8,0.0,2026-03-18 09:36,2026-03-18 09:36
EEUU,7873,0,5795,2078,-0.736,anti,0.0,73.6,2026-03-18 09:36,2026-03-18 09:36
OTAN,457,443,8,6,0.952,pro,96.9,1.8,2026-03-18 09:36,2026-03-18 09:36
China,370,8,0,362,0.022,pro,2.2,0.0,2026-03-18 09:36,2026-03-18 09:36
Rusia,243,8,10,225,-0.008,anti,3.3,4.1,2026-03-18 09:36,2026-03-18 09:36
MERCOSUR,163,30,0,133,0.184,pro,18.4,0.0,2026-03-18 09:36,2026-03-18 09:36
Inmigración,156,29,24,103,0.032,pro,18.6,15.4,2026-03-18 09:36,2026-03-18 09:36
UE,20164,1779,2,18383,0.088,pro,8.8,0.0,2026-03-18 10:06,2026-03-18 10:06
EEUU,7887,0,5807,2080,-0.736,anti,0.0,73.6,2026-03-18 10:06,2026-03-18 10:06
OTAN,458,444,8,6,0.952,pro,96.9,1.7,2026-03-18 10:06,2026-03-18 10:06
China,370,8,0,362,0.022,pro,2.2,0.0,2026-03-18 10:06,2026-03-18 10:06
Rusia,243,8,10,225,-0.008,anti,3.3,4.1,2026-03-18 10:06,2026-03-18 10:06
MERCOSUR,163,30,0,133,0.184,pro,18.4,0.0,2026-03-18 10:06,2026-03-18 10:06
Inmigración,156,29,24,103,0.032,pro,18.6,15.4,2026-03-18 10:06,2026-03-18 10:06
UE,20222,1786,2,18434,0.088,pro,8.8,0.0,2026-03-18 10:36,2026-03-18 10:36
EEUU,7913,0,5827,2086,-0.736,anti,0.0,73.6,2026-03-18 10:36,2026-03-18 10:36
OTAN,459,444,8,7,0.95,pro,96.7,1.7,2026-03-18 10:36,2026-03-18 10:36
China,370,8,0,362,0.022,pro,2.2,0.0,2026-03-18 10:36,2026-03-18 10:36
Rusia,243,8,10,225,-0.008,anti,3.3,4.1,2026-03-18 10:36,2026-03-18 10:36
MERCOSUR,163,30,0,133,0.184,pro,18.4,0.0,2026-03-18 10:36,2026-03-18 10:36
Inmigración,156,29,24,103,0.032,pro,18.6,15.4,2026-03-18 10:36,2026-03-18 10:36
UE,20266,1790,2,18474,0.088,pro,8.8,0.0,2026-03-18 11:06,2026-03-18 11:06
EEUU,7929,0,5842,2087,-0.737,anti,0.0,73.7,2026-03-18 11:06,2026-03-18 11:06
OTAN,459,444,8,7,0.95,pro,96.7,1.7,2026-03-18 11:06,2026-03-18 11:06
China,370,8,0,362,0.022,pro,2.2,0.0,2026-03-18 11:06,2026-03-18 11:06
Rusia,243,8,10,225,-0.008,anti,3.3,4.1,2026-03-18 11:06,2026-03-18 11:06
MERCOSUR,163,30,0,133,0.184,pro,18.4,0.0,2026-03-18 11:06,2026-03-18 11:06
Inmigración,156,29,24,103,0.032,pro,18.6,15.4,2026-03-18 11:06,2026-03-18 11:06
UE,20334,1803,2,18529,0.089,pro,8.9,0.0,2026-03-18 11:36,2026-03-18 11:36
EEUU,7950,0,5861,2089,-0.737,anti,0.0,73.7,2026-03-18 11:36,2026-03-18 11:36
OTAN,463,448,8,7,0.95,pro,96.8,1.7,2026-03-18 11:36,2026-03-18 11:36
China,370,8,0,362,0.022,pro,2.2,0.0,2026-03-18 11:36,2026-03-18 11:36
Rusia,243,8,10,225,-0.008,anti,3.3,4.1,2026-03-18 11:36,2026-03-18 11:36
MERCOSUR,165,31,0,134,0.188,pro,18.8,0.0,2026-03-18 11:36,2026-03-18 11:36
Inmigración,156,29,24,103,0.032,pro,18.6,15.4,2026-03-18 11:36,2026-03-18 11:36
UE,20394,1811,2,18581,0.089,pro,8.9,0.0,2026-03-18 12:06,2026-03-18 12:06
EEUU,7976,0,5884,2092,-0.738,anti,0.0,73.8,2026-03-18 12:06,2026-03-18 12:06
OTAN,465,450,8,7,0.951,pro,96.8,1.7,2026-03-18 12:06,2026-03-18 12:06
China,370,8,0,362,0.022,pro,2.2,0.0,2026-03-18 12:06,2026-03-18 12:06
Rusia,243,8,10,225,-0.008,anti,3.3,4.1,2026-03-18 12:06,2026-03-18 12:06
MERCOSUR,165,31,0,134,0.188,pro,18.8,0.0,2026-03-18 12:06,2026-03-18 12:06
Inmigración,156,29,24,103,0.032,pro,18.6,15.4,2026-03-18 12:06,2026-03-18 12:06
UE,20447,1816,2,18629,0.089,pro,8.9,0.0,2026-03-18 12:36,2026-03-18 12:36
EEUU,8006,0,5905,2101,-0.738,anti,0.0,73.8,2026-03-18 12:36,2026-03-18 12:36
OTAN,469,454,8,7,0.951,pro,96.8,1.7,2026-03-18 12:36,2026-03-18 12:36
China,370,8,0,362,0.022,pro,2.2,0.0,2026-03-18 12:36,2026-03-18 12:36
Rusia,243,8,10,225,-0.008,anti,3.3,4.1,2026-03-18 12:36,2026-03-18 12:36
MERCOSUR,165,31,0,134,0.188,pro,18.8,0.0,2026-03-18 12:36,2026-03-18 12:36
Inmigración,159,29,24,106,0.031,pro,18.2,15.1,2026-03-18 12:36,2026-03-18 12:36
UE,20527,1828,2,18697,0.089,pro,8.9,0.0,2026-03-18 13:06,2026-03-18 13:06
EEUU,8032,0,5929,2103,-0.738,anti,0.0,73.8,2026-03-18 13:06,2026-03-18 13:06
OTAN,469,454,8,7,0.951,pro,96.8,1.7,2026-03-18 13:06,2026-03-18 13:06
China,370,8,0,362,0.022,pro,2.2,0.0,2026-03-18 13:06,2026-03-18 13:06
Rusia,243,8,10,225,-0.008,anti,3.3,4.1,2026-03-18 13:06,2026-03-18 13:06
MERCOSUR,165,31,0,134,0.188,pro,18.8,0.0,2026-03-18 13:06,2026-03-18 13:06
Inmigración,159,29,24,106,0.031,pro,18.2,15.1,2026-03-18 13:06,2026-03-18 13:06
UE,20602,1839,2,18761,0.089,pro,8.9,0.0,2026-03-18 13:36,2026-03-18 13:36
EEUU,8055,0,5949,2106,-0.739,anti,0.0,73.9,2026-03-18 13:36,2026-03-18 13:36
OTAN,469,454,8,7,0.951,pro,96.8,1.7,2026-03-18 13:36,2026-03-18 13:36
China,370,8,0,362,0.022,pro,2.2,0.0,2026-03-18 13:36,2026-03-18 13:36
Rusia,244,8,10,226,-0.008,anti,3.3,4.1,2026-03-18 13:36,2026-03-18 13:36
MERCOSUR,165,31,0,134,0.188,pro,18.8,0.0,2026-03-18 13:36,2026-03-18 13:36
Inmigración,160,29,24,107,0.031,pro,18.1,15.0,2026-03-18 13:36,2026-03-18 13:36
UE,20685,1848,2,18835,0.089,pro,8.9,0.0,2026-03-18 14:06,2026-03-18 14:06
EEUU,8087,0,5976,2111,-0.739,anti,0.0,73.9,2026-03-18 14:06,2026-03-18 14:06
OTAN,471,456,8,7,0.951,pro,96.8,1.7,2026-03-18 14:06,2026-03-18 14:06
China,371,8,0,363,0.022,pro,2.2,0.0,2026-03-18 14:06,2026-03-18 14:06
Rusia,245,8,10,227,-0.008,anti,3.3,4.1,2026-03-18 14:06,2026-03-18 14:06
MERCOSUR,165,31,0,134,0.188,pro,18.8,0.0,2026-03-18 14:06,2026-03-18 14:06
Inmigración,161,29,24,108,0.031,pro,18.0,14.9,2026-03-18 14:06,2026-03-18 14:06
UE,20753,1856,2,18895,0.089,pro,8.9,0.0,2026-03-18 14:37,2026-03-18 14:37
EEUU,8110,0,5991,2119,-0.739,anti,0.0,73.9,2026-03-18 14:37,2026-03-18 14:37
OTAN,473,458,8,7,0.951,pro,96.8,1.7,2026-03-18 14:37,2026-03-18 14:37
China,371,8,0,363,0.022,pro,2.2,0.0,2026-03-18 14:37,2026-03-18 14:37
Rusia,246,8,10,228,-0.008,anti,3.3,4.1,2026-03-18 14:37,2026-03-18 14:37
MERCOSUR,166,31,0,135,0.187,pro,18.7,0.0,2026-03-18 14:37,2026-03-18 14:37
Inmigración,164,30,24,110,0.037,pro,18.3,14.6,2026-03-18 14:37,2026-03-18 14:37
UE,20796,1862,2,18932,0.089,pro,9.0,0.0,2026-03-18 15:06,2026-03-18 15:06
EEUU,8131,0,6010,2121,-0.739,anti,0.0,73.9,2026-03-18 15:06,2026-03-18 15:06
OTAN,474,459,8,7,0.951,pro,96.8,1.7,2026-03-18 15:06,2026-03-18 15:06
China,371,8,0,363,0.022,pro,2.2,0.0,2026-03-18 15:06,2026-03-18 15:06
Rusia,246,8,10,228,-0.008,anti,3.3,4.1,2026-03-18 15:06,2026-03-18 15:06
MERCOSUR,167,31,0,136,0.186,pro,18.6,0.0,2026-03-18 15:06,2026-03-18 15:06
Inmigración,164,30,24,110,0.037,pro,18.3,14.6,2026-03-18 15:06,2026-03-18 15:06
UE,20856,1867,2,18987,0.089,pro,9.0,0.0,2026-03-18 15:36,2026-03-18 15:36
EEUU,8159,0,6035,2124,-0.74,anti,0.0,74.0,2026-03-18 15:36,2026-03-18 15:36
OTAN,474,459,8,7,0.951,pro,96.8,1.7,2026-03-18 15:36,2026-03-18 15:36
China,371,8,0,363,0.022,pro,2.2,0.0,2026-03-18 15:36,2026-03-18 15:36
Rusia,246,8,10,228,-0.008,anti,3.3,4.1,2026-03-18 15:36,2026-03-18 15:36
MERCOSUR,168,31,0,137,0.185,pro,18.5,0.0,2026-03-18 15:36,2026-03-18 15:36
Inmigración,165,30,24,111,0.036,pro,18.2,14.5,2026-03-18 15:36,2026-03-18 15:36
UE,20909,1869,2,19038,0.089,pro,8.9,0.0,2026-03-18 16:06,2026-03-18 16:06
EEUU,8184,0,6057,2127,-0.74,anti,0.0,74.0,2026-03-18 16:06,2026-03-18 16:06
OTAN,476,461,8,7,0.952,pro,96.8,1.7,2026-03-18 16:06,2026-03-18 16:06
China,371,8,0,363,0.022,pro,2.2,0.0,2026-03-18 16:06,2026-03-18 16:06
Rusia,246,8,10,228,-0.008,anti,3.3,4.1,2026-03-18 16:06,2026-03-18 16:06
MERCOSUR,168,31,0,137,0.185,pro,18.5,0.0,2026-03-18 16:06,2026-03-18 16:06
Inmigración,166,31,24,111,0.042,pro,18.7,14.5,2026-03-18 16:06,2026-03-18 16:06
UE,20963,1873,2,19088,0.089,pro,8.9,0.0,2026-03-18 16:36,2026-03-18 16:36
EEUU,8202,0,6071,2131,-0.74,anti,0.0,74.0,2026-03-18 16:36,2026-03-18 16:36
OTAN,478,463,8,7,0.952,pro,96.9,1.7,2026-03-18 16:36,2026-03-18 16:36
China,372,8,0,364,0.022,pro,2.2,0.0,2026-03-18 16:36,2026-03-18 16:36
Rusia,246,8,10,228,-0.008,anti,3.3,4.1,2026-03-18 16:36,2026-03-18 16:36
MERCOSUR,168,31,0,137,0.185,pro,18.5,0.0,2026-03-18 16:36,2026-03-18 16:36
Inmigración,167,32,24,111,0.048,pro,19.2,14.4,2026-03-18 16:36,2026-03-18 16:36
UE,21003,1877,2,19124,0.089,pro,8.9,0.0,2026-03-18 17:06,2026-03-18 17:06
EEUU,8225,0,6093,2132,-0.741,anti,0.0,74.1,2026-03-18 17:06,2026-03-18 17:06
OTAN,479,464,8,7,0.952,pro,96.9,1.7,2026-03-18 17:06,2026-03-18 17:06
China,373,8,0,365,0.021,pro,2.1,0.0,2026-03-18 17:06,2026-03-18 17:06
Rusia,246,8,10,228,-0.008,anti,3.3,4.1,2026-03-18 17:06,2026-03-18 17:06
Inmigración,170,32,24,114,0.047,pro,18.8,14.1,2026-03-18 17:06,2026-03-18 17:06
MERCOSUR,168,31,0,137,0.185,pro,18.5,0.0,2026-03-18 17:06,2026-03-18 17:06
UE,21068,1883,2,19183,0.089,pro,8.9,0.0,2026-03-18 17:37,2026-03-18 17:37
EEUU,8254,0,6119,2135,-0.741,anti,0.0,74.1,2026-03-18 17:37,2026-03-18 17:37
OTAN,481,466,8,7,0.952,pro,96.9,1.7,2026-03-18 17:37,2026-03-18 17:37
China,375,8,0,367,0.021,pro,2.1,0.0,2026-03-18 17:37,2026-03-18 17:37
Rusia,246,8,10,228,-0.008,anti,3.3,4.1,2026-03-18 17:37,2026-03-18 17:37
Inmigración,170,32,24,114,0.047,pro,18.8,14.1,2026-03-18 17:37,2026-03-18 17:37
MERCOSUR,169,32,0,137,0.189,pro,18.9,0.0,2026-03-18 17:37,2026-03-18 17:37
UE,21138,1892,2,19244,0.089,pro,9.0,0.0,2026-03-18 18:07,2026-03-18 18:07
EEUU,8279,0,6142,2137,-0.742,anti,0.0,74.2,2026-03-18 18:07,2026-03-18 18:07
OTAN,482,467,8,7,0.952,pro,96.9,1.7,2026-03-18 18:07,2026-03-18 18:07
China,375,8,0,367,0.021,pro,2.1,0.0,2026-03-18 18:07,2026-03-18 18:07
Rusia,247,8,10,229,-0.008,anti,3.2,4.0,2026-03-18 18:07,2026-03-18 18:07
Inmigración,170,32,24,114,0.047,pro,18.8,14.1,2026-03-18 18:07,2026-03-18 18:07
MERCOSUR,170,32,0,138,0.188,pro,18.8,0.0,2026-03-18 18:07,2026-03-18 18:07
UE,21173,1893,2,19278,0.089,pro,8.9,0.0,2026-03-18 18:37,2026-03-18 18:37
EEUU,8299,0,6160,2139,-0.742,anti,0.0,74.2,2026-03-18 18:37,2026-03-18 18:37
OTAN,482,467,8,7,0.952,pro,96.9,1.7,2026-03-18 18:37,2026-03-18 18:37
China,375,8,0,367,0.021,pro,2.1,0.0,2026-03-18 18:37,2026-03-18 18:37
Rusia,247,8,10,229,-0.008,anti,3.2,4.0,2026-03-18 18:37,2026-03-18 18:37
MERCOSUR,173,33,0,140,0.191,pro,19.1,0.0,2026-03-18 18:37,2026-03-18 18:37
Inmigración,171,33,24,114,0.053,pro,19.3,14.0,2026-03-18 18:37,2026-03-18 18:37
UE,21246,1899,2,19345,0.089,pro,8.9,0.0,2026-03-18 19:06,2026-03-18 19:06
EEUU,8316,0,6175,2141,-0.743,anti,0.0,74.3,2026-03-18 19:06,2026-03-18 19:06
OTAN,484,469,8,7,0.952,pro,96.9,1.7,2026-03-18 19:06,2026-03-18 19:06
China,375,8,0,367,0.021,pro,2.1,0.0,2026-03-18 19:06,2026-03-18 19:06
Rusia,247,8,10,229,-0.008,anti,3.2,4.0,2026-03-18 19:06,2026-03-18 19:06
MERCOSUR,174,33,0,141,0.19,pro,19.0,0.0,2026-03-18 19:06,2026-03-18 19:06
Inmigración,172,33,24,115,0.052,pro,19.2,14.0,2026-03-18 19:06,2026-03-18 19:06
UE,21304,1901,2,19401,0.089,pro,8.9,0.0,2026-03-18 19:36,2026-03-18 19:36
EEUU,8342,0,6192,2150,-0.742,anti,0.0,74.2,2026-03-18 19:36,2026-03-18 19:36
OTAN,488,473,8,7,0.953,pro,96.9,1.6,2026-03-18 19:36,2026-03-18 19:36
China,375,8,0,367,0.021,pro,2.1,0.0,2026-03-18 19:36,2026-03-18 19:36
Rusia,247,8,10,229,-0.008,anti,3.2,4.0,2026-03-18 19:36,2026-03-18 19:36
MERCOSUR,175,33,0,142,0.189,pro,18.9,0.0,2026-03-18 19:36,2026-03-18 19:36
Inmigración,172,33,24,115,0.052,pro,19.2,14.0,2026-03-18 19:36,2026-03-18 19:36
UE,21351,1902,2,19447,0.089,pro,8.9,0.0,2026-03-18 20:07,2026-03-18 20:07
EEUU,8360,0,6207,2153,-0.742,anti,0.0,74.2,2026-03-18 20:07,2026-03-18 20:07
OTAN,489,474,8,7,0.953,pro,96.9,1.6,2026-03-18 20:07,2026-03-18 20:07
China,375,8,0,367,0.021,pro,2.1,0.0,2026-03-18 20:07,2026-03-18 20:07
Rusia,247,8,10,229,-0.008,anti,3.2,4.0,2026-03-18 20:07,2026-03-18 20:07
MERCOSUR,175,33,0,142,0.189,pro,18.9,0.0,2026-03-18 20:07,2026-03-18 20:07
Inmigración,173,34,24,115,0.058,pro,19.7,13.9,2026-03-18 20:07,2026-03-18 20:07
UE,21396,1907,2,19487,0.089,pro,8.9,0.0,2026-03-18 20:36,2026-03-18 20:36
EEUU,8371,0,6216,2155,-0.743,anti,0.0,74.3,2026-03-18 20:36,2026-03-18 20:36
OTAN,489,474,8,7,0.953,pro,96.9,1.6,2026-03-18 20:36,2026-03-18 20:36
China,375,8,0,367,0.021,pro,2.1,0.0,2026-03-18 20:36,2026-03-18 20:36
Rusia,248,8,11,229,-0.012,anti,3.2,4.4,2026-03-18 20:36,2026-03-18 20:36
MERCOSUR,176,34,0,142,0.193,pro,19.3,0.0,2026-03-18 20:36,2026-03-18 20:36
Inmigración,173,34,24,115,0.058,pro,19.7,13.9,2026-03-18 20:36,2026-03-18 20:36
UE,21439,1910,2,19527,0.089,pro,8.9,0.0,2026-03-18 21:07,2026-03-18 21:07
EEUU,8380,0,6221,2159,-0.742,anti,0.0,74.2,2026-03-18 21:07,2026-03-18 21:07
OTAN,492,477,8,7,0.953,pro,97.0,1.6,2026-03-18 21:07,2026-03-18 21:07
China,375,8,0,367,0.021,pro,2.1,0.0,2026-03-18 21:07,2026-03-18 21:07
Rusia,248,8,11,229,-0.012,anti,3.2,4.4,2026-03-18 21:07,2026-03-18 21:07
MERCOSUR,177,34,0,143,0.192,pro,19.2,0.0,2026-03-18 21:07,2026-03-18 21:07
Inmigración,173,34,24,115,0.058,pro,19.7,13.9,2026-03-18 21:07,2026-03-18 21:07
UE,21470,1913,2,19555,0.089,pro,8.9,0.0,2026-03-18 21:36,2026-03-18 21:36
EEUU,8390,0,6229,2161,-0.742,anti,0.0,74.2,2026-03-18 21:36,2026-03-18 21:36
OTAN,493,478,8,7,0.953,pro,97.0,1.6,2026-03-18 21:36,2026-03-18 21:36
China,375,8,0,367,0.021,pro,2.1,0.0,2026-03-18 21:36,2026-03-18 21:36
Rusia,248,8,11,229,-0.012,anti,3.2,4.4,2026-03-18 21:36,2026-03-18 21:36
MERCOSUR,177,34,0,143,0.192,pro,19.2,0.0,2026-03-18 21:36,2026-03-18 21:36
Inmigración,173,34,24,115,0.058,pro,19.7,13.9,2026-03-18 21:36,2026-03-18 21:36
UE,21497,1917,2,19578,0.089,pro,8.9,0.0,2026-03-18 22:06,2026-03-18 22:06
EEUU,8399,0,6236,2163,-0.742,anti,0.0,74.2,2026-03-18 22:06,2026-03-18 22:06
OTAN,498,483,8,7,0.954,pro,97.0,1.6,2026-03-18 22:06,2026-03-18 22:06
China,376,9,0,367,0.024,pro,2.4,0.0,2026-03-18 22:06,2026-03-18 22:06
Rusia,249,8,12,229,-0.016,anti,3.2,4.8,2026-03-18 22:06,2026-03-18 22:06
MERCOSUR,179,34,0,145,0.19,pro,19.0,0.0,2026-03-18 22:06,2026-03-18 22:06
Inmigración,173,34,24,115,0.058,pro,19.7,13.9,2026-03-18 22:06,2026-03-18 22:06
UE,21519,1918,2,19599,0.089,pro,8.9,0.0,2026-03-18 22:36,2026-03-18 22:36
EEUU,8407,0,6243,2164,-0.743,anti,0.0,74.3,2026-03-18 22:36,2026-03-18 22:36
OTAN,498,483,8,7,0.954,pro,97.0,1.6,2026-03-18 22:36,2026-03-18 22:36
China,376,9,0,367,0.024,pro,2.4,0.0,2026-03-18 22:36,2026-03-18 22:36
Rusia,249,8,12,229,-0.016,anti,3.2,4.8,2026-03-18 22:36,2026-03-18 22:36
MERCOSUR,179,34,0,145,0.19,pro,19.0,0.0,2026-03-18 22:36,2026-03-18 22:36
Inmigración,173,34,24,115,0.058,pro,19.7,13.9,2026-03-18 22:36,2026-03-18 22:36
UE,21546,1919,2,19625,0.089,pro,8.9,0.0,2026-03-18 23:06,2026-03-18 23:06
EEUU,8418,0,6251,2167,-0.743,anti,0.0,74.3,2026-03-18 23:06,2026-03-18 23:06
OTAN,499,484,8,7,0.954,pro,97.0,1.6,2026-03-18 23:06,2026-03-18 23:06
China,376,9,0,367,0.024,pro,2.4,0.0,2026-03-18 23:06,2026-03-18 23:06
Rusia,249,8,12,229,-0.016,anti,3.2,4.8,2026-03-18 23:06,2026-03-18 23:06
MERCOSUR,179,34,0,145,0.19,pro,19.0,0.0,2026-03-18 23:06,2026-03-18 23:06
Inmigración,174,35,24,115,0.063,pro,20.1,13.8,2026-03-18 23:06,2026-03-18 23:06
UE,21568,1920,2,19646,0.089,pro,8.9,0.0,2026-03-18 23:36,2026-03-18 23:36
EEUU,8426,0,6256,2170,-0.742,anti,0.0,74.2,2026-03-18 23:36,2026-03-18 23:36
OTAN,500,485,8,7,0.954,pro,97.0,1.6,2026-03-18 23:36,2026-03-18 23:36
China,376,9,0,367,0.024,pro,2.4,0.0,2026-03-18 23:36,2026-03-18 23:36
Rusia,249,8,12,229,-0.016,anti,3.2,4.8,2026-03-18 23:36,2026-03-18 23:36
MERCOSUR,179,34,0,145,0.19,pro,19.0,0.0,2026-03-18 23:36,2026-03-18 23:36
Inmigración,174,35,24,115,0.063,pro,20.1,13.8,2026-03-18 23:36,2026-03-18 23:36
