sentiment,count,pct,avg_score,last_update,cycle
neutral,2441,75.5,0.0,2026-03-07 14:43,2026-03-07 14:43
negativo,545,16.9,-0.303,2026-03-07 14:43,2026-03-07 14:43
positivo,245,7.6,0.28,2026-03-07 14:43,2026-03-07 14:43
neutral,2486,75.5,0.0,2026-03-07 15:02,2026-03-07 15:02
negativo,555,16.9,-0.302,2026-03-07 15:02,2026-03-07 15:02
positivo,250,7.6,0.281,2026-03-07 15:02,2026-03-07 15:02
neutral,2507,75.5,0.0,2026-03-07 15:31,2026-03-07 15:31
negativo,564,17.0,-0.303,2026-03-07 15:31,2026-03-07 15:31
positivo,251,7.6,0.281,2026-03-07 15:31,2026-03-07 15:31
neutral,2539,75.5,0.0,2026-03-07 16:02,2026-03-07 16:02
negativo,569,16.9,-0.302,2026-03-07 16:02,2026-03-07 16:02
positivo,253,7.5,0.282,2026-03-07 16:02,2026-03-07 16:02
neutral,2569,75.5,0.0,2026-03-07 16:32,2026-03-07 16:32
negativo,576,16.9,-0.302,2026-03-07 16:32,2026-03-07 16:32
positivo,256,7.5,0.282,2026-03-07 16:32,2026-03-07 16:32
neutral,2596,75.5,0.0,2026-03-07 17:02,2026-03-07 17:02
negativo,583,17.0,-0.302,2026-03-07 17:02,2026-03-07 17:02
positivo,258,7.5,0.282,2026-03-07 17:02,2026-03-07 17:02
neutral,2619,75.4,0.0,2026-03-07 17:32,2026-03-07 17:32
negativo,589,17.0,-0.302,2026-03-07 17:32,2026-03-07 17:32
positivo,265,7.6,0.282,2026-03-07 17:32,2026-03-07 17:32
neutral,2650,75.4,0.0,2026-03-07 18:02,2026-03-07 18:02
negativo,595,16.9,-0.302,2026-03-07 18:02,2026-03-07 18:02
positivo,271,7.7,0.281,2026-03-07 18:02,2026-03-07 18:02
neutral,2690,75.4,0.0,2026-03-07 18:31,2026-03-07 18:31
negativo,603,16.9,-0.302,2026-03-07 18:31,2026-03-07 18:31
positivo,275,7.7,0.282,2026-03-07 18:31,2026-03-07 18:31
neutral,2731,75.4,0.0,2026-03-07 19:02,2026-03-07 19:02
negativo,611,16.9,-0.302,2026-03-07 19:02,2026-03-07 19:02
positivo,282,7.8,0.281,2026-03-07 19:02,2026-03-07 19:02
neutral,2773,75.5,0.0,2026-03-07 19:32,2026-03-07 19:32
negativo,615,16.7,-0.301,2026-03-07 19:32,2026-03-07 19:32
positivo,284,7.7,0.281,2026-03-07 19:32,2026-03-07 19:32
neutral,2808,75.4,0.0,2026-03-07 20:02,2026-03-07 20:02
negativo,623,16.7,-0.301,2026-03-07 20:02,2026-03-07 20:02
positivo,291,7.8,0.282,2026-03-07 20:02,2026-03-07 20:02
neutral,2853,75.5,0.0,2026-03-07 20:32,2026-03-07 20:32
negativo,631,16.7,-0.3,2026-03-07 20:32,2026-03-07 20:32
positivo,295,7.8,0.282,2026-03-07 20:32,2026-03-07 20:32
neutral,2901,75.5,0.0,2026-03-07 21:02,2026-03-07 21:02
negativo,641,16.7,-0.3,2026-03-07 21:02,2026-03-07 21:02
positivo,300,7.8,0.282,2026-03-07 21:02,2026-03-07 21:02
neutral,2937,75.4,0.0,2026-03-07 21:32,2026-03-07 21:32
negativo,651,16.7,-0.3,2026-03-07 21:32,2026-03-07 21:32
positivo,306,7.9,0.282,2026-03-07 21:32,2026-03-07 21:32
neutral,2963,75.4,0.0,2026-03-07 22:02,2026-03-07 22:02
negativo,655,16.7,-0.3,2026-03-07 22:02,2026-03-07 22:02
positivo,310,7.9,0.283,2026-03-07 22:02,2026-03-07 22:02
neutral,2983,75.4,0.0,2026-03-07 22:32,2026-03-07 22:32
negativo,659,16.7,-0.3,2026-03-07 22:32,2026-03-07 22:32
positivo,315,8.0,0.283,2026-03-07 22:32,2026-03-07 22:32
neutral,3007,75.4,0.0,2026-03-07 23:02,2026-03-07 23:02
negativo,661,16.6,-0.3,2026-03-07 23:02,2026-03-07 23:02
positivo,318,8.0,0.283,2026-03-07 23:02,2026-03-07 23:02
neutral,3027,75.4,0.0,2026-03-07 23:32,2026-03-07 23:32
negativo,666,16.6,-0.299,2026-03-07 23:32,2026-03-07 23:32
positivo,321,8.0,0.282,2026-03-07 23:32,2026-03-07 23:32
neutral,3044,75.3,0.0,2026-03-08 00:02,2026-03-08 00:02
negativo,672,16.6,-0.299,2026-03-08 00:02,2026-03-08 00:02
positivo,324,8.0,0.282,2026-03-08 00:02,2026-03-08 00:02
neutral,3100,75.3,0.0,2026-03-08 00:32,2026-03-08 00:32
negativo,688,16.7,-0.299,2026-03-08 00:32,2026-03-08 00:32
positivo,328,8.0,0.282,2026-03-08 00:32,2026-03-08 00:32
neutral,3123,75.4,0.0,2026-03-08 01:02,2026-03-08 01:02
negativo,691,16.7,-0.3,2026-03-08 01:02,2026-03-08 01:02
positivo,330,8.0,0.282,2026-03-08 01:02,2026-03-08 01:02
neutral,3153,75.4,0.0,2026-03-08 01:32,2026-03-08 01:32
negativo,698,16.7,-0.3,2026-03-08 01:32,2026-03-08 01:32
positivo,333,8.0,0.282,2026-03-08 01:32,2026-03-08 01:32
neutral,3159,75.4,0.0,2026-03-08 02:02,2026-03-08 02:02
negativo,700,16.7,-0.3,2026-03-08 02:02,2026-03-08 02:02
positivo,333,7.9,0.282,2026-03-08 02:02,2026-03-08 02:02
neutral,3167,75.4,0.0,2026-03-08 02:32,2026-03-08 02:32
negativo,701,16.7,-0.3,2026-03-08 02:32,2026-03-08 02:32
positivo,333,7.9,0.282,2026-03-08 02:32,2026-03-08 02:32
neutral,3170,75.3,0.0,2026-03-08 03:02,2026-03-08 03:02
negativo,704,16.7,-0.301,2026-03-08 03:02,2026-03-08 03:02
positivo,334,7.9,0.282,2026-03-08 03:02,2026-03-08 03:02
neutral,3172,75.3,0.0,2026-03-08 03:32,2026-03-08 03:32
negativo,704,16.7,-0.301,2026-03-08 03:32,2026-03-08 03:32
positivo,335,8.0,0.282,2026-03-08 03:32,2026-03-08 03:32
neutral,3188,75.2,0.0,2026-03-08 04:02,2026-03-08 04:02
negativo,714,16.8,-0.301,2026-03-08 04:02,2026-03-08 04:02
positivo,337,7.9,0.282,2026-03-08 04:02,2026-03-08 04:02
neutral,3196,75.2,0.0,2026-03-08 04:31,2026-03-08 04:31
negativo,714,16.8,-0.301,2026-03-08 04:31,2026-03-08 04:31
positivo,338,8.0,0.282,2026-03-08 04:31,2026-03-08 04:31
neutral,3209,75.2,0.0,2026-03-08 05:02,2026-03-08 05:02
negativo,715,16.8,-0.3,2026-03-08 05:02,2026-03-08 05:02
positivo,341,8.0,0.281,2026-03-08 05:02,2026-03-08 05:02
neutral,3298,75.3,0.0,2026-03-08 05:32,2026-03-08 05:32
negativo,735,16.8,-0.301,2026-03-08 05:32,2026-03-08 05:32
positivo,348,7.9,0.282,2026-03-08 05:32,2026-03-08 05:32
neutral,3327,75.2,0.0,2026-03-08 06:02,2026-03-08 06:02
negativo,742,16.8,-0.301,2026-03-08 06:02,2026-03-08 06:02
positivo,353,8.0,0.283,2026-03-08 06:02,2026-03-08 06:02
neutral,3444,75.4,0.0,2026-03-08 06:32,2026-03-08 06:32
negativo,762,16.7,-0.301,2026-03-08 06:32,2026-03-08 06:32
positivo,363,7.9,0.282,2026-03-08 06:32,2026-03-08 06:32
neutral,3483,75.5,0.0,2026-03-08 07:02,2026-03-08 07:02
negativo,766,16.6,-0.301,2026-03-08 07:02,2026-03-08 07:02
positivo,367,8.0,0.282,2026-03-08 07:02,2026-03-08 07:02
neutral,3541,75.6,0.0,2026-03-08 07:32,2026-03-08 07:32
negativo,772,16.5,-0.301,2026-03-08 07:32,2026-03-08 07:32
positivo,368,7.9,0.282,2026-03-08 07:32,2026-03-08 07:32
neutral,3589,75.7,0.0,2026-03-08 08:02,2026-03-08 08:02
negativo,780,16.5,-0.301,2026-03-08 08:02,2026-03-08 08:02
positivo,370,7.8,0.282,2026-03-08 08:02,2026-03-08 08:02
neutral,3638,75.7,0.0,2026-03-08 08:32,2026-03-08 08:32
negativo,794,16.5,-0.301,2026-03-08 08:32,2026-03-08 08:32
positivo,376,7.8,0.283,2026-03-08 08:32,2026-03-08 08:32
neutral,3669,75.5,0.0,2026-03-08 09:02,2026-03-08 09:02
negativo,808,16.6,-0.301,2026-03-08 09:02,2026-03-08 09:02
positivo,383,7.9,0.282,2026-03-08 09:02,2026-03-08 09:02
neutral,3704,75.5,0.0,2026-03-08 09:32,2026-03-08 09:32
negativo,817,16.7,-0.302,2026-03-08 09:32,2026-03-08 09:32
positivo,385,7.8,0.282,2026-03-08 09:32,2026-03-08 09:32
neutral,3735,75.5,0.0,2026-03-08 10:02,2026-03-08 10:02
negativo,824,16.7,-0.303,2026-03-08 10:02,2026-03-08 10:02
positivo,387,7.8,0.282,2026-03-08 10:02,2026-03-08 10:02
neutral,3773,75.5,0.0,2026-03-08 10:32,2026-03-08 10:32
negativo,834,16.7,-0.302,2026-03-08 10:32,2026-03-08 10:32
positivo,391,7.8,0.282,2026-03-08 10:32,2026-03-08 10:32
neutral,3804,75.3,0.0,2026-03-08 11:02,2026-03-08 11:02
negativo,847,16.8,-0.302,2026-03-08 11:02,2026-03-08 11:02
positivo,399,7.9,0.282,2026-03-08 11:02,2026-03-08 11:02
neutral,3837,75.3,0.0,2026-03-08 11:32,2026-03-08 11:32
negativo,860,16.9,-0.302,2026-03-08 11:32,2026-03-08 11:32
positivo,400,7.8,0.282,2026-03-08 11:32,2026-03-08 11:32
neutral,3867,75.2,0.0,2026-03-08 12:02,2026-03-08 12:02
negativo,873,17.0,-0.302,2026-03-08 12:02,2026-03-08 12:02
positivo,401,7.8,0.282,2026-03-08 12:02,2026-03-08 12:02
neutral,3898,75.1,0.0,2026-03-08 12:32,2026-03-08 12:32
negativo,887,17.1,-0.301,2026-03-08 12:32,2026-03-08 12:32
positivo,402,7.8,0.282,2026-03-08 12:32,2026-03-08 12:32
neutral,3926,75.1,0.0,2026-03-08 13:02,2026-03-08 13:02
negativo,897,17.2,-0.301,2026-03-08 13:02,2026-03-08 13:02
positivo,404,7.7,0.282,2026-03-08 13:02,2026-03-08 13:02
neutral,3962,75.1,0.0,2026-03-08 13:32,2026-03-08 13:32
negativo,906,17.2,-0.301,2026-03-08 13:32,2026-03-08 13:32
positivo,407,7.7,0.281,2026-03-08 13:32,2026-03-08 13:32
neutral,4006,75.1,0.0,2026-03-08 14:02,2026-03-08 14:02
negativo,918,17.2,-0.3,2026-03-08 14:02,2026-03-08 14:02
positivo,413,7.7,0.281,2026-03-08 14:02,2026-03-08 14:02
neutral,4055,74.9,0.0,2026-03-08 14:32,2026-03-08 14:32
negativo,944,17.4,-0.3,2026-03-08 14:32,2026-03-08 14:32
positivo,416,7.7,0.281,2026-03-08 14:32,2026-03-08 14:32
neutral,4096,74.9,0.0,2026-03-08 15:02,2026-03-08 15:02
negativo,952,17.4,-0.3,2026-03-08 15:02,2026-03-08 15:02
positivo,420,7.7,0.282,2026-03-08 15:02,2026-03-08 15:02
neutral,4118,74.8,0.0,2026-03-08 15:32,2026-03-08 15:32
negativo,960,17.4,-0.299,2026-03-08 15:32,2026-03-08 15:32
positivo,424,7.7,0.281,2026-03-08 15:32,2026-03-08 15:32
neutral,4147,74.9,0.0,2026-03-08 16:02,2026-03-08 16:02
negativo,966,17.4,-0.299,2026-03-08 16:02,2026-03-08 16:02
positivo,427,7.7,0.282,2026-03-08 16:02,2026-03-08 16:02
neutral,4178,74.9,0.0,2026-03-08 16:32,2026-03-08 16:32
negativo,974,17.5,-0.299,2026-03-08 16:32,2026-03-08 16:32
positivo,429,7.7,0.281,2026-03-08 16:32,2026-03-08 16:32
neutral,4207,74.8,0.0,2026-03-08 17:02,2026-03-08 17:02
negativo,982,17.5,-0.299,2026-03-08 17:02,2026-03-08 17:02
positivo,434,7.7,0.282,2026-03-08 17:02,2026-03-08 17:02
neutral,4241,74.7,0.0,2026-03-08 17:32,2026-03-08 17:32
negativo,995,17.5,-0.299,2026-03-08 17:32,2026-03-08 17:32
positivo,438,7.7,0.282,2026-03-08 17:32,2026-03-08 17:32
neutral,4276,74.7,0.0,2026-03-08 18:02,2026-03-08 18:02
negativo,1011,17.7,-0.298,2026-03-08 18:02,2026-03-08 18:02
positivo,440,7.7,0.282,2026-03-08 18:02,2026-03-08 18:02
neutral,4319,74.7,0.0,2026-03-08 18:32,2026-03-08 18:32
negativo,1021,17.6,-0.298,2026-03-08 18:32,2026-03-08 18:32
positivo,445,7.7,0.281,2026-03-08 18:32,2026-03-08 18:32
neutral,4349,74.7,0.0,2026-03-08 19:02,2026-03-08 19:02
negativo,1025,17.6,-0.298,2026-03-08 19:02,2026-03-08 19:02
positivo,448,7.7,0.281,2026-03-08 19:02,2026-03-08 19:02
neutral,4390,74.7,0.0,2026-03-08 19:32,2026-03-08 19:32
negativo,1037,17.6,-0.298,2026-03-08 19:32,2026-03-08 19:32
positivo,449,7.6,0.281,2026-03-08 19:32,2026-03-08 19:32
neutral,4426,74.7,0.0,2026-03-08 20:02,2026-03-08 20:02
negativo,1048,17.7,-0.299,2026-03-08 20:02,2026-03-08 20:02
positivo,453,7.6,0.281,2026-03-08 20:02,2026-03-08 20:02
neutral,4458,74.7,0.0,2026-03-08 20:32,2026-03-08 20:32
negativo,1057,17.7,-0.299,2026-03-08 20:32,2026-03-08 20:32
positivo,454,7.6,0.281,2026-03-08 20:32,2026-03-08 20:32
neutral,4478,74.6,0.0,2026-03-08 21:02,2026-03-08 21:02
negativo,1064,17.7,-0.299,2026-03-08 21:02,2026-03-08 21:02
positivo,458,7.6,0.281,2026-03-08 21:02,2026-03-08 21:02
neutral,4503,74.6,0.0,2026-03-08 21:32,2026-03-08 21:32
negativo,1073,17.8,-0.298,2026-03-08 21:32,2026-03-08 21:32
positivo,463,7.7,0.281,2026-03-08 21:32,2026-03-08 21:32
neutral,4525,74.6,0.0,2026-03-08 22:02,2026-03-08 22:02
negativo,1076,17.7,-0.298,2026-03-08 22:02,2026-03-08 22:02
positivo,465,7.7,0.281,2026-03-08 22:02,2026-03-08 22:02
neutral,4550,74.6,0.0,2026-03-08 22:32,2026-03-08 22:32
negativo,1083,17.8,-0.298,2026-03-08 22:32,2026-03-08 22:32
positivo,466,7.6,0.281,2026-03-08 22:32,2026-03-08 22:32
neutral,4571,74.6,0.0,2026-03-08 23:02,2026-03-08 23:02
negativo,1092,17.8,-0.298,2026-03-08 23:02,2026-03-08 23:02
positivo,467,7.6,0.281,2026-03-08 23:02,2026-03-08 23:02
neutral,4593,74.6,0.0,2026-03-08 23:32,2026-03-08 23:32
negativo,1097,17.8,-0.299,2026-03-08 23:32,2026-03-08 23:32
positivo,468,7.6,0.281,2026-03-08 23:32,2026-03-08 23:32
neutral,4612,74.6,0.0,2026-03-09 00:02,2026-03-09 00:02
negativo,1100,17.8,-0.299,2026-03-09 00:02,2026-03-09 00:02
positivo,473,7.6,0.281,2026-03-09 00:02,2026-03-09 00:02
neutral,4659,74.6,0.0,2026-03-09 00:32,2026-03-09 00:32
negativo,1114,17.8,-0.298,2026-03-09 00:32,2026-03-09 00:32
positivo,476,7.6,0.281,2026-03-09 00:32,2026-03-09 00:32
neutral,4705,74.6,0.0,2026-03-09 01:02,2026-03-09 01:02
negativo,1120,17.8,-0.299,2026-03-09 01:02,2026-03-09 01:02
positivo,483,7.7,0.282,2026-03-09 01:02,2026-03-09 01:02
neutral,4717,74.6,0.0,2026-03-09 01:32,2026-03-09 01:32
negativo,1123,17.8,-0.299,2026-03-09 01:32,2026-03-09 01:32
positivo,484,7.7,0.282,2026-03-09 01:32,2026-03-09 01:32
neutral,4722,74.6,0.0,2026-03-09 02:02,2026-03-09 02:02
negativo,1125,17.8,-0.299,2026-03-09 02:02,2026-03-09 02:02
positivo,486,7.7,0.282,2026-03-09 02:02,2026-03-09 02:02
neutral,4725,74.6,0.0,2026-03-09 02:32,2026-03-09 02:32
negativo,1125,17.8,-0.299,2026-03-09 02:32,2026-03-09 02:32
positivo,487,7.7,0.282,2026-03-09 02:32,2026-03-09 02:32
neutral,4729,74.6,0.0,2026-03-09 03:02,2026-03-09 03:02
negativo,1125,17.7,-0.299,2026-03-09 03:02,2026-03-09 03:02
positivo,488,7.7,0.282,2026-03-09 03:02,2026-03-09 03:02
neutral,4744,74.6,0.0,2026-03-09 03:32,2026-03-09 03:32
negativo,1126,17.7,-0.299,2026-03-09 03:32,2026-03-09 03:32
positivo,488,7.7,0.282,2026-03-09 03:32,2026-03-09 03:32
neutral,4767,74.7,0.0,2026-03-09 04:02,2026-03-09 04:02
negativo,1128,17.7,-0.299,2026-03-09 04:02,2026-03-09 04:02
positivo,489,7.7,0.282,2026-03-09 04:02,2026-03-09 04:02
neutral,4781,74.7,0.0,2026-03-09 04:32,2026-03-09 04:32
negativo,1130,17.6,-0.298,2026-03-09 04:32,2026-03-09 04:32
positivo,492,7.7,0.281,2026-03-09 04:32,2026-03-09 04:32
neutral,4790,74.7,0.0,2026-03-09 05:02,2026-03-09 05:02
negativo,1132,17.6,-0.299,2026-03-09 05:02,2026-03-09 05:02
positivo,493,7.7,0.281,2026-03-09 05:02,2026-03-09 05:02
neutral,4857,74.8,0.0,2026-03-09 05:32,2026-03-09 05:32
negativo,1139,17.5,-0.299,2026-03-09 05:32,2026-03-09 05:32
positivo,498,7.7,0.282,2026-03-09 05:32,2026-03-09 05:32
neutral,4886,74.8,0.0,2026-03-09 06:02,2026-03-09 06:02
negativo,1144,17.5,-0.299,2026-03-09 06:02,2026-03-09 06:02
positivo,502,7.7,0.283,2026-03-09 06:02,2026-03-09 06:02
neutral,5007,74.9,0.0,2026-03-09 06:32,2026-03-09 06:32
negativo,1164,17.4,-0.3,2026-03-09 06:32,2026-03-09 06:32
positivo,510,7.6,0.282,2026-03-09 06:32,2026-03-09 06:32
neutral,5054,75.0,0.0,2026-03-09 07:02,2026-03-09 07:02
negativo,1173,17.4,-0.3,2026-03-09 07:02,2026-03-09 07:02
positivo,514,7.6,0.282,2026-03-09 07:02,2026-03-09 07:02
neutral,5105,75.0,0.0,2026-03-09 07:32,2026-03-09 07:32
negativo,1181,17.3,-0.3,2026-03-09 07:32,2026-03-09 07:32
positivo,522,7.7,0.282,2026-03-09 07:32,2026-03-09 07:32
neutral,5209,75.1,0.0,2026-03-09 08:02,2026-03-09 08:02
negativo,1197,17.3,-0.3,2026-03-09 08:02,2026-03-09 08:02
positivo,530,7.6,0.282,2026-03-09 08:02,2026-03-09 08:02
neutral,5254,75.1,0.0,2026-03-09 08:32,2026-03-09 08:32
negativo,1206,17.2,-0.3,2026-03-09 08:32,2026-03-09 08:32
positivo,533,7.6,0.282,2026-03-09 08:32,2026-03-09 08:32
neutral,5294,75.1,0.0,2026-03-09 09:02,2026-03-09 09:02
negativo,1216,17.2,-0.3,2026-03-09 09:02,2026-03-09 09:02
positivo,540,7.7,0.282,2026-03-09 09:02,2026-03-09 09:02
neutral,5361,75.2,0.0,2026-03-09 09:32,2026-03-09 09:32
negativo,1226,17.2,-0.3,2026-03-09 09:32,2026-03-09 09:32
positivo,546,7.7,0.282,2026-03-09 09:32,2026-03-09 09:32
neutral,5270,75.0,0.0,2026-03-09 10:07,2026-03-09 10:07
negativo,1218,17.3,-0.301,2026-03-09 10:07,2026-03-09 10:07
positivo,539,7.7,0.279,2026-03-09 10:07,2026-03-09 10:07
neutral,5306,75.0,0.0,2026-03-09 10:32,2026-03-09 10:32
negativo,1233,17.4,-0.301,2026-03-09 10:32,2026-03-09 10:32
positivo,540,7.6,0.279,2026-03-09 10:32,2026-03-09 10:32
neutral,5386,75.0,0.0,2026-03-09 11:02,2026-03-09 11:02
negativo,1245,17.3,-0.3,2026-03-09 11:02,2026-03-09 11:02
positivo,546,7.6,0.279,2026-03-09 11:02,2026-03-09 11:02
neutral,5449,74.9,0.0,2026-03-09 11:32,2026-03-09 11:32
negativo,1265,17.4,-0.301,2026-03-09 11:32,2026-03-09 11:32
positivo,557,7.7,0.279,2026-03-09 11:32,2026-03-09 11:32
neutral,5517,74.8,0.0,2026-03-09 12:02,2026-03-09 12:02
negativo,1289,17.5,-0.301,2026-03-09 12:02,2026-03-09 12:02
positivo,569,7.7,0.279,2026-03-09 12:02,2026-03-09 12:02
neutral,5600,74.8,0.0,2026-03-09 12:32,2026-03-09 12:32
negativo,1315,17.6,-0.301,2026-03-09 12:32,2026-03-09 12:32
positivo,574,7.7,0.279,2026-03-09 12:32,2026-03-09 12:32
neutral,5691,74.8,-0.0,2026-03-09 13:02,2026-03-09 13:02
negativo,1335,17.6,-0.3,2026-03-09 13:02,2026-03-09 13:02
positivo,578,7.6,0.279,2026-03-09 13:02,2026-03-09 13:02
neutral,5784,74.8,-0.0,2026-03-09 13:32,2026-03-09 13:32
negativo,1358,17.6,-0.3,2026-03-09 13:32,2026-03-09 13:32
positivo,586,7.6,0.279,2026-03-09 13:32,2026-03-09 13:32
neutral,5859,74.8,-0.0,2026-03-09 14:02,2026-03-09 14:02
negativo,1380,17.6,-0.3,2026-03-09 14:02,2026-03-09 14:02
positivo,596,7.6,0.278,2026-03-09 14:02,2026-03-09 14:02
neutral,5939,74.8,-0.0,2026-03-09 14:32,2026-03-09 14:32
negativo,1394,17.6,-0.301,2026-03-09 14:32,2026-03-09 14:32
positivo,609,7.7,0.278,2026-03-09 14:32,2026-03-09 14:32
neutral,5990,74.8,-0.0,2026-03-09 15:02,2026-03-09 15:02
negativo,1403,17.5,-0.3,2026-03-09 15:02,2026-03-09 15:02
positivo,614,7.7,0.278,2026-03-09 15:02,2026-03-09 15:02
neutral,6051,74.8,-0.0,2026-03-09 15:32,2026-03-09 15:32
negativo,1418,17.5,-0.301,2026-03-09 15:32,2026-03-09 15:32
positivo,620,7.7,0.278,2026-03-09 15:32,2026-03-09 15:32
neutral,6129,74.8,-0.0,2026-03-09 16:02,2026-03-09 16:02
negativo,1437,17.5,-0.302,2026-03-09 16:02,2026-03-09 16:02
positivo,624,7.6,0.277,2026-03-09 16:02,2026-03-09 16:02
neutral,6203,74.8,-0.0,2026-03-09 16:32,2026-03-09 16:32
negativo,1454,17.5,-0.302,2026-03-09 16:32,2026-03-09 16:32
positivo,631,7.6,0.278,2026-03-09 16:32,2026-03-09 16:32
neutral,6282,74.9,-0.0,2026-03-09 17:02,2026-03-09 17:02
negativo,1473,17.6,-0.303,2026-03-09 17:02,2026-03-09 17:02
positivo,637,7.6,0.279,2026-03-09 17:02,2026-03-09 17:02
neutral,6366,74.9,-0.0,2026-03-09 17:32,2026-03-09 17:32
negativo,1489,17.5,-0.302,2026-03-09 17:32,2026-03-09 17:32
positivo,647,7.6,0.279,2026-03-09 17:32,2026-03-09 17:32
neutral,6437,74.9,-0.0,2026-03-09 18:02,2026-03-09 18:02
negativo,1503,17.5,-0.302,2026-03-09 18:02,2026-03-09 18:02
positivo,658,7.7,0.28,2026-03-09 18:02,2026-03-09 18:02
neutral,6502,74.9,-0.0,2026-03-09 18:32,2026-03-09 18:32
negativo,1513,17.4,-0.302,2026-03-09 18:32,2026-03-09 18:32
positivo,666,7.7,0.28,2026-03-09 18:32,2026-03-09 18:32
neutral,6560,74.9,-0.0,2026-03-09 19:02,2026-03-09 19:02
negativo,1529,17.4,-0.302,2026-03-09 19:02,2026-03-09 19:02
positivo,675,7.7,0.28,2026-03-09 19:02,2026-03-09 19:02
neutral,6642,74.8,-0.0,2026-03-09 19:32,2026-03-09 19:32
negativo,1550,17.5,-0.301,2026-03-09 19:32,2026-03-09 19:32
positivo,687,7.7,0.28,2026-03-09 19:32,2026-03-09 19:32
neutral,6690,74.8,-0.0,2026-03-09 20:02,2026-03-09 20:02
negativo,1560,17.4,-0.301,2026-03-09 20:02,2026-03-09 20:02
positivo,694,7.8,0.28,2026-03-09 20:02,2026-03-09 20:02
neutral,6735,74.8,-0.0,2026-03-09 20:32,2026-03-09 20:32
negativo,1570,17.4,-0.301,2026-03-09 20:32,2026-03-09 20:32
positivo,700,7.8,0.28,2026-03-09 20:32,2026-03-09 20:32
neutral,6773,74.8,-0.0,2026-03-09 21:02,2026-03-09 21:02
negativo,1582,17.5,-0.301,2026-03-09 21:02,2026-03-09 21:02
positivo,702,7.8,0.28,2026-03-09 21:02,2026-03-09 21:02
neutral,6808,74.6,-0.0,2026-03-09 21:32,2026-03-09 21:32
negativo,1607,17.6,-0.301,2026-03-09 21:32,2026-03-09 21:32
positivo,706,7.7,0.28,2026-03-09 21:32,2026-03-09 21:32
neutral,6834,74.6,-0.0,2026-03-09 22:03,2026-03-09 22:03
negativo,1615,17.6,-0.301,2026-03-09 22:03,2026-03-09 22:03
positivo,712,7.8,0.28,2026-03-09 22:03,2026-03-09 22:03
neutral,6858,74.6,-0.0,2026-03-09 22:32,2026-03-09 22:32
negativo,1624,17.7,-0.301,2026-03-09 22:32,2026-03-09 22:32
positivo,715,7.8,0.28,2026-03-09 22:32,2026-03-09 22:32
neutral,6878,74.5,-0.0,2026-03-09 23:02,2026-03-09 23:02
negativo,1633,17.7,-0.301,2026-03-09 23:02,2026-03-09 23:02
positivo,718,7.8,0.28,2026-03-09 23:02,2026-03-09 23:02
neutral,6893,74.5,-0.0,2026-03-09 23:32,2026-03-09 23:32
negativo,1639,17.7,-0.301,2026-03-09 23:32,2026-03-09 23:32
positivo,719,7.8,0.28,2026-03-09 23:32,2026-03-09 23:32
neutral,6920,74.5,-0.0,2026-03-10 00:02,2026-03-10 00:02
negativo,1648,17.7,-0.302,2026-03-10 00:02,2026-03-10 00:02
positivo,722,7.8,0.28,2026-03-10 00:02,2026-03-10 00:02
neutral,6975,74.5,-0.0,2026-03-10 00:32,2026-03-10 00:32
negativo,1662,17.8,-0.301,2026-03-10 00:32,2026-03-10 00:32
positivo,722,7.7,0.28,2026-03-10 00:32,2026-03-10 00:32
neutral,7025,74.6,-0.0,2026-03-10 01:02,2026-03-10 01:02
negativo,1667,17.7,-0.301,2026-03-10 01:02,2026-03-10 01:02
positivo,729,7.7,0.28,2026-03-10 01:02,2026-03-10 01:02
neutral,7036,74.6,-0.0,2026-03-10 01:32,2026-03-10 01:32
negativo,1669,17.7,-0.302,2026-03-10 01:32,2026-03-10 01:32
positivo,730,7.7,0.28,2026-03-10 01:32,2026-03-10 01:32
neutral,7044,74.6,-0.0,2026-03-10 02:02,2026-03-10 02:02
negativo,1672,17.7,-0.302,2026-03-10 02:02,2026-03-10 02:02
positivo,732,7.7,0.279,2026-03-10 02:02,2026-03-10 02:02
neutral,7061,74.6,-0.0,2026-03-10 02:32,2026-03-10 02:32
negativo,1675,17.7,-0.302,2026-03-10 02:32,2026-03-10 02:32
positivo,733,7.7,0.279,2026-03-10 02:32,2026-03-10 02:32
neutral,7074,74.5,-0.0,2026-03-10 03:02,2026-03-10 03:02
negativo,1684,17.7,-0.301,2026-03-10 03:02,2026-03-10 03:02
positivo,734,7.7,0.279,2026-03-10 03:02,2026-03-10 03:02
neutral,7083,74.5,-0.0,2026-03-10 03:32,2026-03-10 03:32
negativo,1686,17.7,-0.301,2026-03-10 03:32,2026-03-10 03:32
positivo,735,7.7,0.279,2026-03-10 03:32,2026-03-10 03:32
neutral,7107,74.5,-0.0,2026-03-10 04:02,2026-03-10 04:02
negativo,1695,17.8,-0.302,2026-03-10 04:02,2026-03-10 04:02
positivo,738,7.7,0.28,2026-03-10 04:02,2026-03-10 04:02
neutral,7119,74.5,-0.0,2026-03-10 04:32,2026-03-10 04:32
negativo,1696,17.8,-0.302,2026-03-10 04:32,2026-03-10 04:32
positivo,739,7.7,0.28,2026-03-10 04:32,2026-03-10 04:32
neutral,7126,74.5,-0.0,2026-03-10 05:02,2026-03-10 05:02
negativo,1697,17.7,-0.302,2026-03-10 05:02,2026-03-10 05:02
positivo,740,7.7,0.28,2026-03-10 05:02,2026-03-10 05:02
neutral,7185,74.5,-0.0,2026-03-10 05:32,2026-03-10 05:32
negativo,1710,17.7,-0.302,2026-03-10 05:32,2026-03-10 05:32
positivo,746,7.7,0.28,2026-03-10 05:32,2026-03-10 05:32
neutral,7227,74.6,-0.0,2026-03-10 06:02,2026-03-10 06:02
negativo,1720,17.7,-0.302,2026-03-10 06:02,2026-03-10 06:02
positivo,747,7.7,0.28,2026-03-10 06:02,2026-03-10 06:02
neutral,7359,74.6,-0.0,2026-03-10 06:32,2026-03-10 06:32
negativo,1752,17.8,-0.302,2026-03-10 06:32,2026-03-10 06:32
positivo,758,7.7,0.28,2026-03-10 06:32,2026-03-10 06:32
neutral,7411,74.6,-0.0,2026-03-10 07:02,2026-03-10 07:02
negativo,1758,17.7,-0.302,2026-03-10 07:02,2026-03-10 07:02
positivo,763,7.7,0.28,2026-03-10 07:02,2026-03-10 07:02
neutral,7469,74.6,-0.0,2026-03-10 07:32,2026-03-10 07:32
negativo,1776,17.7,-0.302,2026-03-10 07:32,2026-03-10 07:32
positivo,771,7.7,0.28,2026-03-10 07:32,2026-03-10 07:32
neutral,7517,74.6,-0.0,2026-03-10 08:02,2026-03-10 08:02
negativo,1788,17.7,-0.302,2026-03-10 08:02,2026-03-10 08:02
positivo,776,7.7,0.28,2026-03-10 08:02,2026-03-10 08:02
neutral,7583,74.6,-0.0,2026-03-10 08:32,2026-03-10 08:32
negativo,1801,17.7,-0.302,2026-03-10 08:32,2026-03-10 08:32
positivo,779,7.7,0.28,2026-03-10 08:32,2026-03-10 08:32
neutral,7629,74.6,-0.0,2026-03-10 09:02,2026-03-10 09:02
negativo,1812,17.7,-0.302,2026-03-10 09:02,2026-03-10 09:02
positivo,784,7.7,0.28,2026-03-10 09:02,2026-03-10 09:02
neutral,7689,74.6,-0.0,2026-03-10 09:32,2026-03-10 09:32
negativo,1826,17.7,-0.302,2026-03-10 09:32,2026-03-10 09:32
positivo,791,7.7,0.28,2026-03-10 09:32,2026-03-10 09:32
neutral,7749,74.6,-0.0,2026-03-10 10:02,2026-03-10 10:02
negativo,1845,17.8,-0.302,2026-03-10 10:02,2026-03-10 10:02
positivo,796,7.7,0.281,2026-03-10 10:02,2026-03-10 10:02
neutral,7797,74.6,-0.0,2026-03-10 10:32,2026-03-10 10:32
negativo,1856,17.7,-0.302,2026-03-10 10:32,2026-03-10 10:32
positivo,805,7.7,0.28,2026-03-10 10:32,2026-03-10 10:32
neutral,7868,74.6,-0.0,2026-03-10 11:02,2026-03-10 11:02
negativo,1872,17.7,-0.302,2026-03-10 11:02,2026-03-10 11:02
positivo,810,7.7,0.28,2026-03-10 11:02,2026-03-10 11:02
neutral,7937,74.6,-0.0,2026-03-10 11:32,2026-03-10 11:32
negativo,1886,17.7,-0.301,2026-03-10 11:32,2026-03-10 11:32
positivo,818,7.7,0.28,2026-03-10 11:32,2026-03-10 11:32
neutral,8024,74.6,-0.0,2026-03-10 12:02,2026-03-10 12:02
negativo,1903,17.7,-0.301,2026-03-10 12:02,2026-03-10 12:02
positivo,824,7.7,0.28,2026-03-10 12:02,2026-03-10 12:02
neutral,8091,74.5,-0.0,2026-03-10 12:32,2026-03-10 12:32
negativo,1927,17.8,-0.301,2026-03-10 12:32,2026-03-10 12:32
positivo,836,7.7,0.281,2026-03-10 12:32,2026-03-10 12:32
neutral,8165,74.5,-0.0,2026-03-10 13:02,2026-03-10 13:02
negativo,1949,17.8,-0.301,2026-03-10 13:02,2026-03-10 13:02
positivo,846,7.7,0.281,2026-03-10 13:02,2026-03-10 13:02
neutral,8259,74.5,-0.0,2026-03-10 13:32,2026-03-10 13:32
negativo,1968,17.8,-0.301,2026-03-10 13:32,2026-03-10 13:32
positivo,857,7.7,0.281,2026-03-10 13:32,2026-03-10 13:32
neutral,8361,74.5,-0.0,2026-03-10 14:02,2026-03-10 14:02
negativo,1987,17.7,-0.301,2026-03-10 14:02,2026-03-10 14:02
positivo,869,7.7,0.281,2026-03-10 14:02,2026-03-10 14:02
neutral,8445,74.5,-0.0,2026-03-10 14:32,2026-03-10 14:32
negativo,2006,17.7,-0.301,2026-03-10 14:32,2026-03-10 14:32
positivo,888,7.8,0.281,2026-03-10 14:32,2026-03-10 14:32
neutral,8507,74.4,-0.0,2026-03-10 15:02,2026-03-10 15:02
negativo,2025,17.7,-0.301,2026-03-10 15:02,2026-03-10 15:02
positivo,895,7.8,0.281,2026-03-10 15:02,2026-03-10 15:02
neutral,8564,74.4,-0.0,2026-03-10 15:32,2026-03-10 15:32
negativo,2045,17.8,-0.3,2026-03-10 15:32,2026-03-10 15:32
positivo,901,7.8,0.28,2026-03-10 15:32,2026-03-10 15:32
neutral,8628,74.3,-0.0,2026-03-10 16:02,2026-03-10 16:02
negativo,2071,17.8,-0.3,2026-03-10 16:02,2026-03-10 16:02
positivo,909,7.8,0.28,2026-03-10 16:02,2026-03-10 16:02
neutral,8694,74.3,-0.0,2026-03-10 16:32,2026-03-10 16:32
negativo,2089,17.9,-0.3,2026-03-10 16:32,2026-03-10 16:32
positivo,918,7.8,0.28,2026-03-10 16:32,2026-03-10 16:32
neutral,8750,74.2,-0.0,2026-03-10 17:02,2026-03-10 17:02
negativo,2114,17.9,-0.299,2026-03-10 17:02,2026-03-10 17:02
positivo,926,7.9,0.28,2026-03-10 17:02,2026-03-10 17:02
neutral,8825,74.2,-0.0,2026-03-10 17:32,2026-03-10 17:32
negativo,2135,18.0,-0.299,2026-03-10 17:32,2026-03-10 17:32
positivo,933,7.8,0.28,2026-03-10 17:32,2026-03-10 17:32
neutral,8894,74.2,-0.0,2026-03-10 18:02,2026-03-10 18:02
negativo,2153,18.0,-0.299,2026-03-10 18:02,2026-03-10 18:02
positivo,941,7.8,0.281,2026-03-10 18:02,2026-03-10 18:02
neutral,8961,74.2,-0.0,2026-03-10 18:32,2026-03-10 18:32
negativo,2173,18.0,-0.299,2026-03-10 18:32,2026-03-10 18:32
positivo,948,7.8,0.28,2026-03-10 18:32,2026-03-10 18:32
neutral,9026,74.2,-0.0,2026-03-10 19:02,2026-03-10 19:02
negativo,2189,18.0,-0.299,2026-03-10 19:02,2026-03-10 19:02
positivo,954,7.8,0.28,2026-03-10 19:02,2026-03-10 19:02
neutral,9100,74.2,-0.0,2026-03-10 19:32,2026-03-10 19:32
negativo,2203,18.0,-0.299,2026-03-10 19:32,2026-03-10 19:32
positivo,964,7.9,0.28,2026-03-10 19:32,2026-03-10 19:32
neutral,9150,74.2,-0.0,2026-03-10 20:02,2026-03-10 20:02
negativo,2216,18.0,-0.299,2026-03-10 20:02,2026-03-10 20:02
positivo,966,7.8,0.28,2026-03-10 20:02,2026-03-10 20:02
neutral,9207,74.2,-0.0,2026-03-10 20:32,2026-03-10 20:32
negativo,2232,18.0,-0.299,2026-03-10 20:32,2026-03-10 20:32
positivo,968,7.8,0.28,2026-03-10 20:32,2026-03-10 20:32
neutral,9256,74.2,-0.0,2026-03-10 21:02,2026-03-10 21:02
negativo,2251,18.0,-0.298,2026-03-10 21:02,2026-03-10 21:02
positivo,975,7.8,0.28,2026-03-10 21:02,2026-03-10 21:02
neutral,9292,74.1,-0.0,2026-03-10 21:32,2026-03-10 21:32
negativo,2270,18.1,-0.298,2026-03-10 21:32,2026-03-10 21:32
positivo,978,7.8,0.28,2026-03-10 21:32,2026-03-10 21:32
neutral,9335,74.1,-0.0,2026-03-10 22:02,2026-03-10 22:02
negativo,2281,18.1,-0.298,2026-03-10 22:02,2026-03-10 22:02
positivo,981,7.8,0.28,2026-03-10 22:02,2026-03-10 22:02
neutral,9363,74.1,-0.0,2026-03-10 22:32,2026-03-10 22:32
negativo,2291,18.1,-0.298,2026-03-10 22:32,2026-03-10 22:32
positivo,981,7.8,0.28,2026-03-10 22:32,2026-03-10 22:32
neutral,9397,74.1,-0.0,2026-03-10 23:02,2026-03-10 23:02
negativo,2301,18.1,-0.298,2026-03-10 23:02,2026-03-10 23:02
positivo,985,7.8,0.28,2026-03-10 23:02,2026-03-10 23:02
neutral,9423,74.1,-0.0,2026-03-10 23:32,2026-03-10 23:32
negativo,2307,18.1,-0.298,2026-03-10 23:32,2026-03-10 23:32
positivo,993,7.8,0.28,2026-03-10 23:32,2026-03-10 23:32
neutral,9452,74.1,-0.0,2026-03-11 00:02,2026-03-11 00:02
negativo,2313,18.1,-0.298,2026-03-11 00:02,2026-03-11 00:02
positivo,998,7.8,0.28,2026-03-11 00:02,2026-03-11 00:02
neutral,9498,74.0,-0.0,2026-03-11 00:32,2026-03-11 00:32
negativo,2331,18.2,-0.298,2026-03-11 00:32,2026-03-11 00:32
positivo,999,7.8,0.28,2026-03-11 00:32,2026-03-11 00:32
neutral,9529,74.1,-0.0,2026-03-11 01:02,2026-03-11 01:02
negativo,2336,18.2,-0.298,2026-03-11 01:02,2026-03-11 01:02
positivo,1001,7.8,0.28,2026-03-11 01:02,2026-03-11 01:02
neutral,9537,74.0,-0.0,2026-03-11 01:32,2026-03-11 01:32
negativo,2342,18.2,-0.298,2026-03-11 01:32,2026-03-11 01:32
positivo,1002,7.8,0.28,2026-03-11 01:32,2026-03-11 01:32
neutral,9545,74.1,-0.0,2026-03-11 02:02,2026-03-11 02:02
negativo,2342,18.2,-0.298,2026-03-11 02:02,2026-03-11 02:02
positivo,1002,7.8,0.28,2026-03-11 02:02,2026-03-11 02:02
neutral,9556,74.0,-0.0,2026-03-11 02:32,2026-03-11 02:32
negativo,2348,18.2,-0.298,2026-03-11 02:32,2026-03-11 02:32
positivo,1004,7.8,0.28,2026-03-11 02:32,2026-03-11 02:32
neutral,9595,74.0,-0.0,2026-03-11 03:02,2026-03-11 03:02
negativo,2361,18.2,-0.298,2026-03-11 03:02,2026-03-11 03:02
positivo,1009,7.8,0.28,2026-03-11 03:02,2026-03-11 03:02
neutral,9597,74.0,-0.0,2026-03-11 03:32,2026-03-11 03:32
negativo,2362,18.2,-0.298,2026-03-11 03:32,2026-03-11 03:32
positivo,1009,7.8,0.28,2026-03-11 03:32,2026-03-11 03:32
neutral,9600,74.0,-0.0,2026-03-11 04:02,2026-03-11 04:02
negativo,2363,18.2,-0.298,2026-03-11 04:02,2026-03-11 04:02
positivo,1010,7.8,0.28,2026-03-11 04:02,2026-03-11 04:02
neutral,9616,74.0,-0.0,2026-03-11 04:32,2026-03-11 04:32
negativo,2371,18.2,-0.298,2026-03-11 04:32,2026-03-11 04:32
positivo,1012,7.8,0.28,2026-03-11 04:32,2026-03-11 04:32
neutral,9620,74.0,-0.0,2026-03-11 05:02,2026-03-11 05:02
negativo,2376,18.3,-0.298,2026-03-11 05:02,2026-03-11 05:02
positivo,1012,7.8,0.28,2026-03-11 05:02,2026-03-11 05:02
neutral,9686,74.0,-0.0,2026-03-11 05:32,2026-03-11 05:32
negativo,2388,18.2,-0.298,2026-03-11 05:32,2026-03-11 05:32
positivo,1018,7.8,0.28,2026-03-11 05:32,2026-03-11 05:32
neutral,9770,74.0,-0.0,2026-03-11 06:02,2026-03-11 06:02
negativo,2406,18.2,-0.298,2026-03-11 06:02,2026-03-11 06:02
positivo,1025,7.8,0.28,2026-03-11 06:02,2026-03-11 06:02
neutral,9844,74.0,-0.0,2026-03-11 06:32,2026-03-11 06:32
negativo,2432,18.3,-0.298,2026-03-11 06:32,2026-03-11 06:32
positivo,1029,7.7,0.28,2026-03-11 06:32,2026-03-11 06:32
neutral,9883,74.0,-0.0,2026-03-11 07:02,2026-03-11 07:02
negativo,2436,18.2,-0.298,2026-03-11 07:02,2026-03-11 07:02
positivo,1033,7.7,0.28,2026-03-11 07:02,2026-03-11 07:02
neutral,9944,74.1,-0.0,2026-03-11 07:32,2026-03-11 07:32
negativo,2441,18.2,-0.298,2026-03-11 07:32,2026-03-11 07:32
positivo,1040,7.7,0.28,2026-03-11 07:32,2026-03-11 07:32
neutral,9996,74.0,-0.0,2026-03-11 08:02,2026-03-11 08:02
negativo,2454,18.2,-0.298,2026-03-11 08:02,2026-03-11 08:02
positivo,1051,7.8,0.28,2026-03-11 08:02,2026-03-11 08:02
neutral,10065,74.0,-0.0,2026-03-11 08:32,2026-03-11 08:32
negativo,2480,18.2,-0.298,2026-03-11 08:32,2026-03-11 08:32
positivo,1059,7.8,0.28,2026-03-11 08:32,2026-03-11 08:32
neutral,10115,74.0,-0.0,2026-03-11 09:02,2026-03-11 09:02
negativo,2498,18.3,-0.299,2026-03-11 09:02,2026-03-11 09:02
positivo,1064,7.8,0.281,2026-03-11 09:02,2026-03-11 09:02
neutral,10179,73.9,-0.0,2026-03-11 09:32,2026-03-11 09:32
negativo,2515,18.3,-0.299,2026-03-11 09:32,2026-03-11 09:32
positivo,1073,7.8,0.281,2026-03-11 09:32,2026-03-11 09:32
neutral,10234,74.0,-0.0,2026-03-11 10:02,2026-03-11 10:02
negativo,2526,18.3,-0.299,2026-03-11 10:02,2026-03-11 10:02
positivo,1078,7.8,0.281,2026-03-11 10:02,2026-03-11 10:02
neutral,10292,74.0,-0.0,2026-03-11 10:32,2026-03-11 10:32
negativo,2539,18.2,-0.299,2026-03-11 10:32,2026-03-11 10:32
positivo,1085,7.8,0.281,2026-03-11 10:32,2026-03-11 10:32
neutral,10376,74.0,-0.0,2026-03-11 11:02,2026-03-11 11:02
negativo,2560,18.3,-0.299,2026-03-11 11:02,2026-03-11 11:02
positivo,1090,7.8,0.28,2026-03-11 11:02,2026-03-11 11:02
neutral,10438,73.9,-0.0,2026-03-11 11:32,2026-03-11 11:32
negativo,2579,18.3,-0.3,2026-03-11 11:32,2026-03-11 11:32
positivo,1107,7.8,0.281,2026-03-11 11:32,2026-03-11 11:32
neutral,10496,73.9,-0.0,2026-03-11 12:02,2026-03-11 12:02
negativo,2596,18.3,-0.3,2026-03-11 12:02,2026-03-11 12:02
positivo,1113,7.8,0.281,2026-03-11 12:02,2026-03-11 12:02
neutral,10589,73.8,-0.0,2026-03-11 12:32,2026-03-11 12:32
negativo,2627,18.3,-0.3,2026-03-11 12:32,2026-03-11 12:32
positivo,1128,7.9,0.281,2026-03-11 12:32,2026-03-11 12:32
neutral,10675,73.8,-0.0,2026-03-11 13:02,2026-03-11 13:02
negativo,2655,18.3,-0.3,2026-03-11 13:02,2026-03-11 13:02
positivo,1144,7.9,0.281,2026-03-11 13:02,2026-03-11 13:02
neutral,10752,73.7,-0.0,2026-03-11 13:32,2026-03-11 13:32
negativo,2689,18.4,-0.3,2026-03-11 13:32,2026-03-11 13:32
positivo,1153,7.9,0.281,2026-03-11 13:32,2026-03-11 13:32
neutral,10845,73.7,-0.0,2026-03-11 14:02,2026-03-11 14:02
negativo,2715,18.4,-0.3,2026-03-11 14:02,2026-03-11 14:02
positivo,1161,7.9,0.281,2026-03-11 14:02,2026-03-11 14:02
neutral,10913,73.6,-0.0,2026-03-11 14:32,2026-03-11 14:32
negativo,2739,18.5,-0.301,2026-03-11 14:32,2026-03-11 14:32
positivo,1169,7.9,0.281,2026-03-11 14:32,2026-03-11 14:32
neutral,10980,73.6,-0.0,2026-03-11 15:02,2026-03-11 15:02
negativo,2762,18.5,-0.301,2026-03-11 15:02,2026-03-11 15:02
positivo,1173,7.9,0.281,2026-03-11 15:02,2026-03-11 15:02
neutral,11057,73.6,-0.0,2026-03-11 15:32,2026-03-11 15:32
negativo,2794,18.6,-0.301,2026-03-11 15:32,2026-03-11 15:32
positivo,1181,7.9,0.281,2026-03-11 15:32,2026-03-11 15:32
neutral,11125,73.6,-0.0,2026-03-11 16:02,2026-03-11 16:02
negativo,2813,18.6,-0.301,2026-03-11 16:02,2026-03-11 16:02
positivo,1187,7.8,0.281,2026-03-11 16:02,2026-03-11 16:02
neutral,11173,73.5,-0.0,2026-03-11 16:32,2026-03-11 16:32
negativo,2833,18.6,-0.301,2026-03-11 16:32,2026-03-11 16:32
positivo,1193,7.8,0.281,2026-03-11 16:32,2026-03-11 16:32
neutral,11238,73.5,-0.0,2026-03-11 17:02,2026-03-11 17:02
negativo,2848,18.6,-0.301,2026-03-11 17:02,2026-03-11 17:02
positivo,1199,7.8,0.281,2026-03-11 17:02,2026-03-11 17:02
neutral,11304,73.5,-0.0,2026-03-11 17:32,2026-03-11 17:32
negativo,2868,18.7,-0.302,2026-03-11 17:32,2026-03-11 17:32
positivo,1206,7.8,0.282,2026-03-11 17:32,2026-03-11 17:32
neutral,11360,73.5,-0.0,2026-03-11 18:02,2026-03-11 18:02
negativo,2883,18.6,-0.301,2026-03-11 18:02,2026-03-11 18:02
positivo,1216,7.9,0.282,2026-03-11 18:02,2026-03-11 18:02
neutral,11417,73.5,-0.0,2026-03-11 18:32,2026-03-11 18:32
negativo,2903,18.7,-0.301,2026-03-11 18:32,2026-03-11 18:32
positivo,1221,7.9,0.282,2026-03-11 18:32,2026-03-11 18:32
neutral,11475,73.5,-0.0,2026-03-11 19:02,2026-03-11 19:02
negativo,2916,18.7,-0.301,2026-03-11 19:02,2026-03-11 19:02
positivo,1228,7.9,0.282,2026-03-11 19:02,2026-03-11 19:02
neutral,11542,73.5,-0.0,2026-03-11 19:32,2026-03-11 19:32
negativo,2933,18.7,-0.301,2026-03-11 19:32,2026-03-11 19:32
positivo,1238,7.9,0.282,2026-03-11 19:32,2026-03-11 19:32
neutral,11598,73.5,-0.0,2026-03-11 20:02,2026-03-11 20:02
negativo,2946,18.7,-0.301,2026-03-11 20:02,2026-03-11 20:02
positivo,1244,7.9,0.282,2026-03-11 20:02,2026-03-11 20:02
neutral,11638,73.4,-0.0,2026-03-11 20:32,2026-03-11 20:32
negativo,2963,18.7,-0.301,2026-03-11 20:32,2026-03-11 20:32
positivo,1249,7.9,0.282,2026-03-11 20:32,2026-03-11 20:32
neutral,11690,73.4,-0.0,2026-03-11 21:02,2026-03-11 21:02
negativo,2979,18.7,-0.301,2026-03-11 21:02,2026-03-11 21:02
positivo,1256,7.9,0.282,2026-03-11 21:02,2026-03-11 21:02
neutral,11729,73.4,-0.0,2026-03-11 21:32,2026-03-11 21:32
negativo,2988,18.7,-0.301,2026-03-11 21:32,2026-03-11 21:32
positivo,1257,7.9,0.282,2026-03-11 21:32,2026-03-11 21:32
neutral,11757,73.4,-0.0,2026-03-11 22:02,2026-03-11 22:02
negativo,2997,18.7,-0.301,2026-03-11 22:02,2026-03-11 22:02
positivo,1263,7.9,0.282,2026-03-11 22:02,2026-03-11 22:02
neutral,11784,73.4,-0.0,2026-03-11 22:32,2026-03-11 22:32
negativo,3005,18.7,-0.301,2026-03-11 22:32,2026-03-11 22:32
positivo,1264,7.9,0.282,2026-03-11 22:32,2026-03-11 22:32
neutral,11813,73.4,-0.0,2026-03-11 23:02,2026-03-11 23:02
negativo,3010,18.7,-0.301,2026-03-11 23:02,2026-03-11 23:02
positivo,1264,7.9,0.282,2026-03-11 23:02,2026-03-11 23:02
neutral,11832,73.4,-0.0,2026-03-11 23:32,2026-03-11 23:32
negativo,3016,18.7,-0.301,2026-03-11 23:32,2026-03-11 23:32
positivo,1266,7.9,0.282,2026-03-11 23:32,2026-03-11 23:32
neutral,11852,73.4,-0.0,2026-03-12 00:02,2026-03-12 00:02
negativo,3019,18.7,-0.301,2026-03-12 00:02,2026-03-12 00:02
positivo,1267,7.9,0.282,2026-03-12 00:02,2026-03-12 00:02
neutral,11884,73.4,-0.0,2026-03-12 00:32,2026-03-12 00:32
negativo,3027,18.7,-0.301,2026-03-12 00:32,2026-03-12 00:32
positivo,1271,7.9,0.282,2026-03-12 00:32,2026-03-12 00:32
neutral,11912,73.5,-0.0,2026-03-12 01:02,2026-03-12 01:02
negativo,3030,18.7,-0.301,2026-03-12 01:02,2026-03-12 01:02
positivo,1275,7.9,0.282,2026-03-12 01:02,2026-03-12 01:02
neutral,11923,73.4,-0.0,2026-03-12 01:32,2026-03-12 01:32
negativo,3033,18.7,-0.301,2026-03-12 01:32,2026-03-12 01:32
positivo,1278,7.9,0.282,2026-03-12 01:32,2026-03-12 01:32
neutral,11932,73.4,-0.0,2026-03-12 02:02,2026-03-12 02:02
negativo,3037,18.7,-0.301,2026-03-12 02:02,2026-03-12 02:02
positivo,1278,7.9,0.282,2026-03-12 02:02,2026-03-12 02:02
neutral,11940,73.4,-0.0,2026-03-12 02:32,2026-03-12 02:32
negativo,3039,18.7,-0.301,2026-03-12 02:32,2026-03-12 02:32
positivo,1278,7.9,0.282,2026-03-12 02:32,2026-03-12 02:32
neutral,11967,73.4,-0.0,2026-03-12 03:02,2026-03-12 03:02
negativo,3050,18.7,-0.301,2026-03-12 03:02,2026-03-12 03:02
positivo,1279,7.8,0.282,2026-03-12 03:02,2026-03-12 03:02
neutral,11986,73.4,-0.0,2026-03-12 03:32,2026-03-12 03:32
negativo,3060,18.7,-0.301,2026-03-12 03:32,2026-03-12 03:32
positivo,1282,7.9,0.282,2026-03-12 03:32,2026-03-12 03:32
neutral,11992,73.4,-0.0,2026-03-12 04:02,2026-03-12 04:02
negativo,3062,18.7,-0.301,2026-03-12 04:02,2026-03-12 04:02
positivo,1285,7.9,0.282,2026-03-12 04:02,2026-03-12 04:02
neutral,12006,73.4,-0.0,2026-03-12 04:32,2026-03-12 04:32
negativo,3064,18.7,-0.301,2026-03-12 04:32,2026-03-12 04:32
positivo,1285,7.9,0.282,2026-03-12 04:32,2026-03-12 04:32
neutral,12018,73.4,-0.0,2026-03-12 05:02,2026-03-12 05:02
negativo,3069,18.7,-0.301,2026-03-12 05:02,2026-03-12 05:02
positivo,1287,7.9,0.282,2026-03-12 05:02,2026-03-12 05:02
neutral,12090,73.4,-0.0,2026-03-12 05:32,2026-03-12 05:32
negativo,3089,18.7,-0.301,2026-03-12 05:32,2026-03-12 05:32
positivo,1297,7.9,0.281,2026-03-12 05:32,2026-03-12 05:32
neutral,12122,73.4,-0.0,2026-03-12 06:02,2026-03-12 06:02
negativo,3103,18.8,-0.301,2026-03-12 06:02,2026-03-12 06:02
positivo,1300,7.9,0.282,2026-03-12 06:02,2026-03-12 06:02
neutral,12258,73.4,-0.0,2026-03-12 06:32,2026-03-12 06:32
negativo,3132,18.8,-0.301,2026-03-12 06:32,2026-03-12 06:32
positivo,1304,7.8,0.282,2026-03-12 06:32,2026-03-12 06:32
neutral,12298,73.4,-0.0,2026-03-12 07:02,2026-03-12 07:02
negativo,3139,18.7,-0.301,2026-03-12 07:02,2026-03-12 07:02
positivo,1309,7.8,0.282,2026-03-12 07:02,2026-03-12 07:02
neutral,12366,73.5,-0.0,2026-03-12 07:32,2026-03-12 07:32
negativo,3149,18.7,-0.301,2026-03-12 07:32,2026-03-12 07:32
positivo,1320,7.8,0.281,2026-03-12 07:32,2026-03-12 07:32
neutral,12410,73.4,-0.0,2026-03-12 08:02,2026-03-12 08:02
negativo,3166,18.7,-0.302,2026-03-12 08:02,2026-03-12 08:02
positivo,1326,7.8,0.281,2026-03-12 08:02,2026-03-12 08:02
neutral,12462,73.4,-0.0,2026-03-12 08:32,2026-03-12 08:32
negativo,3177,18.7,-0.302,2026-03-12 08:32,2026-03-12 08:32
positivo,1332,7.8,0.281,2026-03-12 08:32,2026-03-12 08:32
neutral,12523,73.4,-0.0,2026-03-12 09:02,2026-03-12 09:02
negativo,3190,18.7,-0.302,2026-03-12 09:02,2026-03-12 09:02
positivo,1345,7.9,0.281,2026-03-12 09:02,2026-03-12 09:02
neutral,12583,73.4,-0.0,2026-03-12 09:32,2026-03-12 09:32
negativo,3209,18.7,-0.302,2026-03-12 09:32,2026-03-12 09:32
positivo,1348,7.9,0.281,2026-03-12 09:32,2026-03-12 09:32
neutral,12628,73.4,-0.0,2026-03-12 10:02,2026-03-12 10:02
negativo,3222,18.7,-0.302,2026-03-12 10:02,2026-03-12 10:02
positivo,1351,7.9,0.281,2026-03-12 10:02,2026-03-12 10:02
neutral,12668,73.4,-0.0,2026-03-12 10:32,2026-03-12 10:32
negativo,3243,18.8,-0.302,2026-03-12 10:32,2026-03-12 10:32
positivo,1356,7.9,0.281,2026-03-12 10:32,2026-03-12 10:32
neutral,12747,73.4,-0.0,2026-03-12 11:02,2026-03-12 11:02
negativo,3264,18.8,-0.302,2026-03-12 11:02,2026-03-12 11:02
positivo,1365,7.9,0.281,2026-03-12 11:02,2026-03-12 11:02
neutral,12816,73.4,-0.0,2026-03-12 11:32,2026-03-12 11:32
negativo,3280,18.8,-0.302,2026-03-12 11:32,2026-03-12 11:32
positivo,1371,7.8,0.281,2026-03-12 11:32,2026-03-12 11:32
neutral,12886,73.4,-0.0,2026-03-12 12:02,2026-03-12 12:02
negativo,3301,18.8,-0.302,2026-03-12 12:02,2026-03-12 12:02
positivo,1379,7.9,0.281,2026-03-12 12:02,2026-03-12 12:02
neutral,12963,73.4,-0.0,2026-03-12 12:32,2026-03-12 12:32
negativo,3321,18.8,-0.302,2026-03-12 12:32,2026-03-12 12:32
positivo,1387,7.8,0.281,2026-03-12 12:32,2026-03-12 12:32
neutral,13036,73.4,-0.0,2026-03-12 13:02,2026-03-12 13:02
negativo,3342,18.8,-0.302,2026-03-12 13:02,2026-03-12 13:02
positivo,1391,7.8,0.281,2026-03-12 13:02,2026-03-12 13:02
neutral,13112,73.3,-0.0,2026-03-12 13:32,2026-03-12 13:32
negativo,3374,18.9,-0.302,2026-03-12 13:32,2026-03-12 13:32
positivo,1397,7.8,0.281,2026-03-12 13:32,2026-03-12 13:32
neutral,13178,73.3,-0.0,2026-03-12 14:02,2026-03-12 14:02
negativo,3393,18.9,-0.302,2026-03-12 14:02,2026-03-12 14:02
positivo,1406,7.8,0.281,2026-03-12 14:02,2026-03-12 14:02
neutral,13255,73.3,-0.0,2026-03-12 14:32,2026-03-12 14:32
negativo,3406,18.8,-0.302,2026-03-12 14:32,2026-03-12 14:32
positivo,1413,7.8,0.281,2026-03-12 14:32,2026-03-12 14:32
neutral,13313,73.3,-0.0,2026-03-12 15:02,2026-03-12 15:02
negativo,3421,18.8,-0.302,2026-03-12 15:02,2026-03-12 15:02
positivo,1420,7.8,0.281,2026-03-12 15:02,2026-03-12 15:02
neutral,13367,73.3,-0.0,2026-03-12 15:32,2026-03-12 15:32
negativo,3439,18.9,-0.302,2026-03-12 15:32,2026-03-12 15:32
positivo,1423,7.8,0.281,2026-03-12 15:32,2026-03-12 15:32
neutral,13486,73.3,-0.0,2026-03-12 16:33,2026-03-12 16:33
negativo,3467,18.8,-0.302,2026-03-12 16:33,2026-03-12 16:33
positivo,1447,7.9,0.281,2026-03-12 16:33,2026-03-12 16:33
neutral,13553,73.3,-0.0,2026-03-12 17:02,2026-03-12 17:02
negativo,3479,18.8,-0.301,2026-03-12 17:02,2026-03-12 17:02
positivo,1453,7.9,0.281,2026-03-12 17:02,2026-03-12 17:02
neutral,13623,73.3,-0.0,2026-03-12 17:32,2026-03-12 17:32
negativo,3495,18.8,-0.301,2026-03-12 17:32,2026-03-12 17:32
positivo,1456,7.8,0.281,2026-03-12 17:32,2026-03-12 17:32
neutral,13672,73.3,-0.0,2026-03-12 18:02,2026-03-12 18:02
negativo,3514,18.8,-0.301,2026-03-12 18:02,2026-03-12 18:02
positivo,1460,7.8,0.281,2026-03-12 18:02,2026-03-12 18:02
neutral,13746,73.4,-0.0,2026-03-12 18:32,2026-03-12 18:32
negativo,3524,18.8,-0.301,2026-03-12 18:32,2026-03-12 18:32
positivo,1465,7.8,0.281,2026-03-12 18:32,2026-03-12 18:32
neutral,13790,73.4,-0.0,2026-03-12 19:02,2026-03-12 19:02
negativo,3538,18.8,-0.301,2026-03-12 19:02,2026-03-12 19:02
positivo,1468,7.8,0.281,2026-03-12 19:02,2026-03-12 19:02
neutral,13847,73.4,-0.0,2026-03-12 19:32,2026-03-12 19:32
negativo,3549,18.8,-0.301,2026-03-12 19:32,2026-03-12 19:32
positivo,1475,7.8,0.282,2026-03-12 19:32,2026-03-12 19:32
neutral,13893,73.4,-0.0,2026-03-12 20:02,2026-03-12 20:02
negativo,3562,18.8,-0.301,2026-03-12 20:02,2026-03-12 20:02
positivo,1482,7.8,0.282,2026-03-12 20:02,2026-03-12 20:02
neutral,13930,73.4,-0.0,2026-03-12 20:32,2026-03-12 20:32
negativo,3571,18.8,-0.301,2026-03-12 20:32,2026-03-12 20:32
positivo,1485,7.8,0.282,2026-03-12 20:32,2026-03-12 20:32
neutral,13971,73.3,-0.0,2026-03-12 21:02,2026-03-12 21:02
negativo,3586,18.8,-0.301,2026-03-12 21:02,2026-03-12 21:02
positivo,1493,7.8,0.282,2026-03-12 21:02,2026-03-12 21:02
neutral,13994,73.3,-0.0,2026-03-12 21:32,2026-03-12 21:32
negativo,3593,18.8,-0.301,2026-03-12 21:32,2026-03-12 21:32
positivo,1497,7.8,0.282,2026-03-12 21:32,2026-03-12 21:32
neutral,14027,73.3,-0.0,2026-03-12 22:02,2026-03-12 22:02
negativo,3603,18.8,-0.301,2026-03-12 22:02,2026-03-12 22:02
positivo,1503,7.9,0.282,2026-03-12 22:02,2026-03-12 22:02
neutral,14064,73.3,-0.0,2026-03-12 22:32,2026-03-12 22:32
negativo,3610,18.8,-0.301,2026-03-12 22:32,2026-03-12 22:32
positivo,1506,7.9,0.282,2026-03-12 22:32,2026-03-12 22:32
neutral,14104,73.3,-0.0,2026-03-12 23:02,2026-03-12 23:02
negativo,3619,18.8,-0.301,2026-03-12 23:02,2026-03-12 23:02
positivo,1513,7.9,0.282,2026-03-12 23:02,2026-03-12 23:02
neutral,14132,73.3,-0.0,2026-03-12 23:32,2026-03-12 23:32
negativo,3624,18.8,-0.301,2026-03-12 23:32,2026-03-12 23:32
positivo,1515,7.9,0.282,2026-03-12 23:32,2026-03-12 23:32
neutral,14170,73.3,-0.0,2026-03-13 00:02,2026-03-13 00:02
negativo,3634,18.8,-0.301,2026-03-13 00:02,2026-03-13 00:02
positivo,1521,7.9,0.282,2026-03-13 00:02,2026-03-13 00:02
neutral,14223,73.3,-0.0,2026-03-13 00:32,2026-03-13 00:32
negativo,3643,18.8,-0.302,2026-03-13 00:32,2026-03-13 00:32
positivo,1527,7.9,0.282,2026-03-13 00:32,2026-03-13 00:32
neutral,14248,73.4,-0.0,2026-03-13 01:02,2026-03-13 01:02
negativo,3647,18.8,-0.302,2026-03-13 01:02,2026-03-13 01:02
positivo,1529,7.9,0.282,2026-03-13 01:02,2026-03-13 01:02
neutral,14265,73.4,-0.0,2026-03-13 01:32,2026-03-13 01:32
negativo,3651,18.8,-0.301,2026-03-13 01:32,2026-03-13 01:32
positivo,1530,7.9,0.282,2026-03-13 01:32,2026-03-13 01:32
neutral,14270,73.3,-0.0,2026-03-13 02:02,2026-03-13 02:02
negativo,3654,18.8,-0.302,2026-03-13 02:02,2026-03-13 02:02
positivo,1534,7.9,0.282,2026-03-13 02:02,2026-03-13 02:02
neutral,14281,73.3,-0.0,2026-03-13 02:32,2026-03-13 02:32
negativo,3658,18.8,-0.301,2026-03-13 02:32,2026-03-13 02:32
positivo,1535,7.9,0.281,2026-03-13 02:32,2026-03-13 02:32
neutral,14320,73.3,-0.0,2026-03-13 03:02,2026-03-13 03:02
negativo,3665,18.8,-0.302,2026-03-13 03:02,2026-03-13 03:02
positivo,1541,7.9,0.281,2026-03-13 03:02,2026-03-13 03:02
neutral,14335,73.3,-0.0,2026-03-13 03:32,2026-03-13 03:32
negativo,3671,18.8,-0.302,2026-03-13 03:32,2026-03-13 03:32
positivo,1545,7.9,0.281,2026-03-13 03:32,2026-03-13 03:32
neutral,14339,73.3,-0.0,2026-03-13 04:02,2026-03-13 04:02
negativo,3672,18.8,-0.302,2026-03-13 04:02,2026-03-13 04:02
positivo,1545,7.9,0.281,2026-03-13 04:02,2026-03-13 04:02
neutral,14348,73.3,-0.0,2026-03-13 04:32,2026-03-13 04:32
negativo,3675,18.8,-0.302,2026-03-13 04:32,2026-03-13 04:32
positivo,1546,7.9,0.281,2026-03-13 04:32,2026-03-13 04:32
neutral,14351,73.3,-0.0,2026-03-13 05:02,2026-03-13 05:02
negativo,3675,18.8,-0.302,2026-03-13 05:02,2026-03-13 05:02
positivo,1547,7.9,0.281,2026-03-13 05:02,2026-03-13 05:02
neutral,14442,73.3,-0.0,2026-03-13 05:32,2026-03-13 05:32
negativo,3690,18.7,-0.302,2026-03-13 05:32,2026-03-13 05:32
positivo,1565,7.9,0.282,2026-03-13 05:32,2026-03-13 05:32
neutral,14534,73.3,-0.0,2026-03-13 06:02,2026-03-13 06:02
negativo,3706,18.7,-0.302,2026-03-13 06:02,2026-03-13 06:02
positivo,1575,7.9,0.281,2026-03-13 06:02,2026-03-13 06:02
neutral,14622,73.4,-0.0,2026-03-13 06:32,2026-03-13 06:32
negativo,3721,18.7,-0.302,2026-03-13 06:32,2026-03-13 06:32
positivo,1586,8.0,0.281,2026-03-13 06:32,2026-03-13 06:32
neutral,14676,73.4,-0.0,2026-03-13 07:02,2026-03-13 07:02
negativo,3727,18.6,-0.302,2026-03-13 07:02,2026-03-13 07:02
positivo,1590,8.0,0.282,2026-03-13 07:02,2026-03-13 07:02
neutral,14718,73.4,-0.0,2026-03-13 07:32,2026-03-13 07:32
negativo,3734,18.6,-0.302,2026-03-13 07:32,2026-03-13 07:32
positivo,1597,8.0,0.281,2026-03-13 07:32,2026-03-13 07:32
neutral,14805,73.5,-0.0,2026-03-13 08:02,2026-03-13 08:02
negativo,3745,18.6,-0.302,2026-03-13 08:02,2026-03-13 08:02
positivo,1606,8.0,0.282,2026-03-13 08:02,2026-03-13 08:02
neutral,14870,73.5,-0.0,2026-03-13 08:32,2026-03-13 08:32
negativo,3760,18.6,-0.302,2026-03-13 08:32,2026-03-13 08:32
positivo,1611,8.0,0.282,2026-03-13 08:32,2026-03-13 08:32
neutral,14910,73.4,-0.0,2026-03-13 09:02,2026-03-13 09:02
negativo,3775,18.6,-0.302,2026-03-13 09:02,2026-03-13 09:02
positivo,1622,8.0,0.282,2026-03-13 09:02,2026-03-13 09:02
neutral,14928,73.4,-0.0,2026-03-13 09:16,2026-03-13 09:16
negativo,3788,18.6,-0.302,2026-03-13 09:16,2026-03-13 09:16
positivo,1624,8.0,0.282,2026-03-13 09:16,2026-03-13 09:16
